OrderID,OrderDate,ShipDate,DeliveryDate,Year,Quarter,Month,MonthName,WeekNumber,DayOfWeek,CustomerID,CustomerName,Segment,Region,Country,SalesChannel,ProductID,Category,SubCategory,UnitPrice,Quantity,Discount,GrossSales,DiscountAmount,NetSales,COGS,GrossProfit,ProfitMargin,ShippingCost,Tax,TotalRevenue,PaymentMethod,ShipMode,OrderStatus,IsReturned,ReturnReason,CustomerRating,EmployeeID,EmployeeName,Department,ManagerID,EmployeeAge,ExperienceYears,EmployeeSalary,CostRatio
ORD-000001,2021-01-01,2021-01-08,2021-01-11,2021,Q1,1,January,53,Friday,CUST-00398,Riley Wilson,Consumer,North,Australia,Direct Sales,PROD-00135,Beauty,Fragrance,752.21,12,0.05,9026.52,451.33,8575.19,3601.58,4973.61,58.0,95.72,686.02,9261.21,Debit Card,Economy,Completed,No,,3.5,EMP0010,Jack Taylor,Sales,EMP0009,27,20,60642.0,0.42
ORD-000002,2021-01-02,2021-01-04,2021-01-09,2021,Q1,1,January,53,Saturday,CUST-00118,Riley Johnson,Enterprise,South,France,Online,PROD-00242,Clothing,Sportswear,1901.68,7,0.1,13311.76,1331.18,11980.58,8266.6,3713.98,31.0,87.88,958.45,12939.03,Credit Card,Economy,Completed,No,,1.6,EMP0031,Ethan Baker,Finance,EMP0003,55,14,81821.0,0.69
ORD-000003,2021-01-03,2021-01-10,2021-01-11,2021,Q1,1,January,53,Sunday,CUST-00311,Taylor Moore,Non-Profit,West,Canada,Direct Sales,PROD-00156,Clothing,Kids,1465.33,29,0.15,42494.57,6374.19,36120.38,18060.19,18060.19,50.0,31.8,2889.63,39010.01,Credit Card,Standard,Completed,No,,3.8,EMP0005,Eva Martinez,Operations,EMP0006,35,34,148619.0,0.5
ORD-000004,2021-01-04,2021-01-05,2021-01-06,2021,Q1,1,January,1,Monday,CUST-00181,Avery Miller,SMB,South,France,Online,PROD-00190,Furniture,Living Room,1199.32,11,0.0,13192.52,0.0,13192.52,7387.81,5804.71,44.0,13.64,1055.4,14247.92,Credit Card,Express,Completed,No,,3.7,EMP0001,Alice Johnson,IT,EMP0002,44,20,125109.0,0.56
ORD-000005,2021-01-05,2021-01-09,2021-01-13,2021,Q1,1,January,1,Tuesday,CUST-00113,Casey Moore,Consumer,East,USA,Direct Sales,PROD-00075,Beauty,Fragrance,316.26,33,0.05,10436.58,521.83,9914.75,4065.05,5849.7,59.0,92.63,793.18,10707.93,Debit Card,Economy,Processing,No,,1.1,EMP0020,Tina Hall,Marketing,EMP0002,41,20,101135.0,0.41
ORD-000006,2021-01-06,2021-01-11,2021-01-16,2021,Q1,1,January,1,Wednesday,CUST-00326,Casey Davis,SMB,Central,USA,Wholesale,PROD-00157,Food & Beverage,Beverages,316.21,6,0.15,1897.26,284.59,1612.67,822.46,790.21,49.0,115.74,129.01,1741.68,Debit Card,Economy,Completed,No,,2.6,EMP0045,Steve Sanchez,Operations,EMP0009,34,20,48244.0,0.51
ORD-000007,2021-01-06,2021-01-07,2021-01-12,2021,Q1,1,January,1,Wednesday,CUST-00098,Alex Miller,Consumer,East,UK,Partner,PROD-00171,Electronics,Laptops,120.88,47,0.0,5681.36,0.0,5681.36,3295.19,2386.17,42.0,80.89,454.51,6135.87,PayPal,Same Day,Completed,No,,2.3,EMP0013,Mia Jackson,HR,EMP0002,53,31,83048.0,0.58
ORD-000008,2021-01-07,2021-01-08,2021-01-10,2021,Q1,1,January,1,Thursday,CUST-00318,Morgan Johnson,Consumer,West,USA,Direct Sales,PROD-00182,Automotive,Electronics,1733.02,15,0.1,25995.3,2599.53,23395.77,9826.22,13569.55,58.0,37.88,1871.66,25267.43,Cash,Same Day,Pending,No,,3.7,EMP0013,Mia Jackson,HR,EMP0002,47,4,65251.0,0.42
ORD-000009,2021-01-08,2021-01-11,2021-01-13,2021,Q1,1,January,1,Friday,CUST-00129,Jordan Davis,Consumer,South,India,Direct Sales,PROD-00162,Beauty,Fragrance,1204.22,32,0.1,38535.04,3853.5,34681.54,19768.48,14913.06,43.0,101.65,2774.52,37456.06,Credit Card,Economy,Completed,No,,1.9,EMP0045,Steve Sanchez,Operations,EMP0009,35,8,43165.0,0.57
ORD-000010,2021-01-12,2021-01-16,2021-01-20,2021,Q1,1,January,2,Tuesday,CUST-00348,Jamie Wilson,Consumer,North,UK,Direct Sales,PROD-00231,Automotive,Parts,1417.6,11,0.0,15593.6,0.0,15593.6,11227.39,4366.21,28.0,16.62,1247.49,16841.09,Debit Card,Express,Completed,No,,3.4,EMP0007,Grace Kim,Marketing,EMP0005,57,17,97354.0,0.72
ORD-000011,2021-01-13,2021-01-19,2021-01-20,2021,Q1,1,January,2,Wednesday,CUST-00387,Morgan Wilson,SMB,West,UK,Online,PROD-00158,Clothing,Formal,46.07,23,0.0,1059.61,0.0,1059.61,466.23,593.38,56.0,69.07,84.77,1144.38,Credit Card,Standard,Completed,No,,4.7,EMP0035,Ian Perez,Operations,EMP0005,29,20,137256.0,0.44
ORD-000012,2021-01-15,2021-01-20,2021-01-26,2021,Q1,1,January,2,Friday,CUST-00370,Alex Miller,Non-Profit,East,Japan,Retail Store,PROD-00218,Electronics,Accessories,1939.97,26,0.0,50439.22,0.0,50439.22,33794.28,16644.94,33.0,28.69,4035.14,54474.36,PayPal,Same Day,Cancelled,No,,4.2,EMP0030,Diana Adams,HR,EMP0006,61,7,112694.0,0.67
ORD-000013,2021-01-17,2021-01-24,2021-01-26,2021,Q1,1,January,2,Sunday,CUST-00393,Taylor Jones,SMB,South,France,Online,PROD-00289,Clothing,Men,1665.72,34,0.0,56634.48,0.0,56634.48,30582.62,26051.86,46.0,31.75,4530.76,61165.24,Bank Transfer,Same Day,Processing,No,,4.7,EMP0022,Victor Young,HR,EMP0004,43,33,63713.0,0.54
ORD-000014,2021-01-17,2021-01-19,2021-01-22,2021,Q1,1,January,2,Sunday,CUST-00338,Jordan Johnson,Non-Profit,East,Australia,Wholesale,PROD-00202,Sports,Fitness,428.62,46,0.0,19716.52,0.0,19716.52,12421.41,7295.11,37.0,34.33,1577.32,21293.84,Cash,Standard,Processing,No,,4.9,EMP0007,Grace Kim,Marketing,EMP0005,43,9,100962.0,0.63
ORD-000015,2021-01-20,2021-01-21,2021-01-22,2021,Q1,1,January,3,Wednesday,CUST-00349,Jordan Moore,Consumer,North,Germany,Online,PROD-00214,Furniture,Kitchen,367.74,34,0.15,12503.16,1875.47,10627.69,5207.57,5420.12,51.0,61.07,850.22,11477.91,Credit Card,Same Day,Completed,No,,1.0,EMP0004,David Brown,IT,EMP0006,37,23,143472.0,0.49
ORD-000016,2021-01-20,2021-01-26,2021-02-01,2021,Q1,1,January,3,Wednesday,CUST-00071,Riley Miller,Enterprise,West,Germany,Retail Store,PROD-00003,Furniture,Kitchen,370.89,29,0.0,10755.81,0.0,10755.81,4947.67,5808.14,54.0,12.42,860.46,11616.27,Bank Transfer,Express,Returned,Yes,Changed Mind,3.5,EMP0040,Nancy Parker,Logistics,EMP0004,48,23,118135.0,0.46
ORD-000017,2021-01-20,2021-01-25,2021-01-28,2021,Q1,1,January,3,Wednesday,CUST-00322,Jordan Garcia,Consumer,West,Australia,Wholesale,PROD-00207,Books,Education,611.96,4,0.05,2447.84,122.39,2325.45,1069.71,1255.74,54.0,62.68,186.04,2511.49,Bank Transfer,Express,Completed,No,,2.7,EMP0030,Diana Adams,HR,EMP0006,31,31,114289.0,0.46
ORD-000018,2021-01-21,2021-01-23,2021-01-28,2021,Q1,1,January,3,Thursday,CUST-00050,Riley Wilson,Consumer,Central,USA,Retail Store,PROD-00029,Beauty,Personal Care,1051.89,17,0.0,17882.13,0.0,17882.13,7510.49,10371.64,58.0,79.2,1430.57,19312.7,PayPal,Standard,Completed,No,,4.4,EMP0039,Mike Campbell,Logistics,EMP0009,46,32,146338.0,0.42
ORD-000019,2021-01-24,2021-01-30,2021-01-31,2021,Q1,1,January,3,Sunday,CUST-00322,Jordan Garcia,Consumer,East,USA,Retail Store,PROD-00210,Automotive,Care Products,866.73,35,0.2,30335.55,6067.11,24268.44,11163.48,13104.96,54.0,75.08,1941.48,26209.92,PayPal,Standard,Completed,No,,2.0,EMP0011,Karen Anderson,IT,EMP0002,52,33,126870.0,0.46
ORD-000020,2021-01-26,2021-01-30,2021-02-03,2021,Q1,1,January,4,Tuesday,CUST-00331,Riley Johnson,Government,Central,UK,Partner,PROD-00182,Books,Non-Fiction,586.0,13,0.0,7618.0,0.0,7618.0,4799.34,2818.66,37.0,60.5,609.44,8227.44,Bank Transfer,Economy,Completed,No,,4.9,EMP0005,Eva Martinez,Operations,EMP0006,42,10,50712.0,0.63
ORD-000021,2021-01-26,2021-01-30,2021-02-04,2021,Q1,1,January,4,Tuesday,CUST-00021,Jamie Davis,Government,West,USA,Wholesale,PROD-00072,Food & Beverage,Bakery,1225.65,41,0.05,50251.65,2512.58,47739.07,33894.74,13844.33,29.0,126.68,3819.13,51558.2,Credit Card,Standard,Processing,No,,3.5,EMP0023,Wendy Hernandez,HR,EMP0005,48,30,74978.0,0.71
ORD-000022,2021-01-29,2021-02-03,2021-02-08,2021,Q1,1,January,4,Friday,CUST-00159,Avery Davis,Non-Profit,South,Australia,Partner,PROD-00234,Beauty,Makeup,283.29,39,0.2,11048.31,2209.66,8838.65,6010.28,2828.37,32.0,26.07,707.09,9545.74,Bank Transfer,Express,Pending,No,,4.2,EMP0041,Oscar Evans,Marketing,EMP0003,38,17,145991.0,0.68
ORD-000023,2021-01-29,2021-02-05,2021-02-08,2021,Q1,1,January,4,Friday,CUST-00226,Jordan Wilson,Enterprise,Central,UK,Partner,PROD-00141,Electronics,Tablets,587.83,15,0.15,8817.45,1322.62,7494.83,4796.69,2698.14,36.0,78.33,599.59,8094.42,Debit Card,Standard,Completed,No,,1.3,EMP0036,Julia Roberts,Logistics,EMP0002,54,22,91316.0,0.64
ORD-000024,2021-01-31,2021-02-02,2021-02-07,2021,Q1,1,January,4,Sunday,CUST-00018,Riley Wilson,Government,South,UK,Retail Store,PROD-00010,Books,Fiction,735.89,29,0.0,21340.81,0.0,21340.81,9389.96,11950.85,56.0,14.0,1707.26,23048.07,Cash,Express,Completed,No,,1.7,EMP0015,Olivia Martin,HR,EMP0005,52,21,47838.0,0.44
ORD-000025,2021-02-01,2021-02-05,2021-02-07,2021,Q1,2,February,5,Monday,CUST-00297,Riley Wilson,Non-Profit,Central,UK,Partner,PROD-00104,Clothing,Women,914.86,29,0.15,26530.94,3979.64,22551.3,11275.65,11275.65,50.0,15.32,1804.1,24355.4,Debit Card,Economy,Completed,No,,4.0,EMP0023,Wendy Hernandez,HR,EMP0005,47,17,87740.0,0.5
ORD-000026,2021-02-05,2021-02-10,2021-02-11,2021,Q1,2,February,5,Friday,CUST-00187,Alex Miller,SMB,East,Canada,Online,PROD-00107,Sports,Water Sports,1571.43,11,0.05,17285.73,864.29,16421.44,8374.93,8046.51,49.0,88.21,1313.72,17735.16,Cash,Economy,Returned,Yes,Changed Mind,1.1,EMP0041,Oscar Evans,Marketing,EMP0003,42,19,115154.0,0.51
ORD-000027,2021-02-09,2021-02-13,2021-02-15,2021,Q1,2,February,6,Tuesday,CUST-00375,Morgan Jones,Government,East,India,Partner,PROD-00132,Automotive,Tools,403.35,32,0.05,12907.2,645.36,12261.84,6008.3,6253.54,51.0,87.07,980.95,13242.79,Debit Card,Express,Completed,No,,4.3,EMP0001,Alice Johnson,IT,EMP0002,57,12,149718.0,0.49
ORD-000028,2021-02-09,2021-02-13,2021-02-16,2021,Q1,2,February,6,Tuesday,CUST-00068,Avery Jones,SMB,West,Canada,Partner,PROD-00151,Clothing,Formal,1030.9,2,0.0,2061.8,0.0,2061.8,1195.84,865.96,42.0,132.31,164.94,2226.74,Debit Card,Economy,Completed,No,,1.1,EMP0013,Mia Jackson,HR,EMP0002,22,0,72249.0,0.58
ORD-000029,2021-02-10,2021-02-16,2021-02-22,2021,Q1,2,February,6,Wednesday,CUST-00047,Dakota Garcia,SMB,East,UK,Retail Store,PROD-00192,Clothing,Formal,1186.87,47,0.0,55782.89,0.0,55782.89,32911.91,22870.98,41.0,85.89,4462.63,60245.52,PayPal,Standard,Completed,No,,3.6,EMP0018,Rachel Lewis,Sales,EMP0010,25,3,94120.0,0.59
ORD-000030,2021-02-11,2021-02-17,2021-02-20,2021,Q1,2,February,6,Thursday,CUST-00152,Taylor Moore,SMB,Central,Canada,Direct Sales,PROD-00013,Food & Beverage,Frozen,97.67,14,0.1,1367.38,136.74,1230.64,639.93,590.71,48.0,144.17,98.45,1329.09,Credit Card,Same Day,Completed,No,,2.5,EMP0019,Sam Walker,Sales,EMP0004,25,23,136163.0,0.52
ORD-000031,2021-02-12,2021-02-16,2021-02-17,2021,Q1,2,February,6,Friday,CUST-00168,Alex Jones,Government,Central,Germany,Online,PROD-00165,Beauty,Fragrance,1217.05,20,0.05,24341.0,1217.05,23123.95,12024.45,11099.5,48.0,12.06,1849.92,24973.87,PayPal,Express,Completed,No,,3.4,EMP0028,Beth Scott,IT,EMP0005,47,1,75856.0,0.52
ORD-000032,2021-02-13,2021-02-16,2021-02-21,2021,Q1,2,February,6,Saturday,CUST-00383,Casey Miller,SMB,South,Germany,Retail Store,PROD-00219,Sports,Team Sports,345.2,22,0.05,7594.4,379.72,7214.68,4978.13,2236.55,31.0,19.21,577.17,7791.85,Debit Card,Same Day,Pending,No,,3.8,EMP0038,Laura Phillips,Sales,EMP0003,25,27,47565.0,0.69
ORD-000033,2021-02-14,2021-02-20,2021-02-24,2021,Q1,2,February,6,Sunday,CUST-00213,Morgan Jones,Non-Profit,North,Japan,Direct Sales,PROD-00196,Beauty,Fragrance,134.78,11,0.1,1482.58,148.26,1334.32,907.34,426.98,32.0,11.39,106.75,1441.07,Bank Transfer,Same Day,Completed,No,,2.4,EMP0047,Umar Rogers,Marketing,EMP0006,30,25,144128.0,0.68
ORD-000034,2021-02-18,2021-02-20,2021-02-23,2021,Q1,2,February,7,Thursday,CUST-00090,Riley Davis,Non-Profit,Central,UK,Online,PROD-00167,Books,Fiction,1898.03,27,0.15,51246.81,7687.02,43559.79,22215.49,21344.3,49.0,31.87,3484.78,47044.57,Debit Card,Economy,Completed,No,,1.4,EMP0020,Tina Hall,Marketing,EMP0002,51,22,91171.0,0.51
ORD-000035,2021-02-20,2021-02-25,2021-02-26,2021,Q1,2,February,7,Saturday,CUST-00103,Jordan Garcia,Non-Profit,South,Japan,Wholesale,PROD-00286,Furniture,Living Room,1931.44,3,0.0,5794.32,0.0,5794.32,4171.91,1622.41,28.0,83.48,463.55,6257.87,Bank Transfer,Express,Completed,No,,1.3,EMP0024,Xander King,Sales,EMP0002,25,14,92820.0,0.72
ORD-000036,2021-02-20,2021-02-25,2021-03-01,2021,Q1,2,February,7,Saturday,CUST-00068,Avery Jones,Government,West,Germany,Online,PROD-00287,Books,Non-Fiction,1617.75,17,0.1,27501.75,2750.18,24751.57,18068.65,6682.92,27.0,98.61,1980.13,26731.7,Credit Card,Standard,Completed,No,,3.4,EMP0040,Nancy Parker,Logistics,EMP0004,26,26,106438.0,0.73
ORD-000037,2021-02-22,2021-03-01,2021-03-06,2021,Q1,2,February,8,Monday,CUST-00277,Alex Smith,Government,East,India,Wholesale,PROD-00103,Beauty,Skincare,612.7,44,0.0,26958.8,0.0,26958.8,13748.99,13209.81,49.0,11.61,2156.7,29115.5,Cash,Express,Processing,No,,3.1,EMP0050,Xena Morgan,Sales,EMP0001,44,5,35407.0,0.51
ORD-000038,2021-02-22,2021-02-24,2021-03-02,2021,Q1,2,February,8,Monday,CUST-00188,Quinn Smith,Consumer,East,France,Online,PROD-00111,Books,Education,199.86,28,0.15,5596.08,839.41,4756.67,2473.47,2283.2,48.0,142.17,380.53,5137.2,Cash,Express,Completed,No,,4.0,EMP0026,Zoe Lopez,Marketing,EMP0002,37,34,142080.0,0.52
ORD-000039,2021-02-25,2021-02-27,2021-03-02,2021,Q1,2,February,8,Thursday,CUST-00272,Alex Brown,Enterprise,Central,Germany,Direct Sales,PROD-00258,Clothing,Kids,1370.04,29,0.1,39731.16,3973.12,35758.04,20739.66,15018.38,42.0,127.11,2860.64,38618.68,Debit Card,Same Day,Completed,No,,3.0,EMP0017,Quinn Rodriguez,Sales,EMP0006,43,34,76567.0,0.58
ORD-000040,2021-02-25,2021-02-27,2021-03-05,2021,Q1,2,February,8,Thursday,CUST-00257,Taylor Miller,Consumer,East,Canada,Wholesale,PROD-00226,Books,Education,883.1,21,0.25,18545.1,4636.27,13908.83,10153.45,3755.38,27.0,48.01,1112.71,15021.54,Debit Card,Economy,Completed,No,,2.7,EMP0036,Julia Roberts,Logistics,EMP0002,58,9,80647.0,0.73
ORD-000041,2021-02-26,2021-03-05,2021-03-06,2021,Q1,2,February,8,Friday,CUST-00140,Avery Brown,SMB,West,UK,Partner,PROD-00141,Books,Comics,248.47,47,0.0,11678.09,0.0,11678.09,8291.44,3386.65,29.0,16.19,934.25,12612.34,Cash,Economy,Completed,No,,2.6,EMP0035,Ian Perez,Operations,EMP0005,29,29,55023.0,0.71
ORD-000042,2021-02-28,2021-03-02,2021-03-08,2021,Q1,2,February,8,Sunday,CUST-00085,Alex Johnson,Government,North,Germany,Online,PROD-00055,Beauty,Personal Care,992.88,16,0.0,15886.08,0.0,15886.08,6989.88,8896.2,56.0,29.63,1270.89,17156.97,Debit Card,Express,Completed,No,,1.1,EMP0042,Patricia Edwards,IT,EMP0008,54,28,78487.0,0.44
ORD-000043,2021-03-01,2021-03-02,2021-03-08,2021,Q1,3,March,9,Monday,CUST-00132,Casey Johnson,Government,Central,USA,Wholesale,PROD-00039,Clothing,Kids,73.61,37,0.0,2723.57,0.0,2723.57,1470.73,1252.84,46.0,23.41,217.89,2941.46,Debit Card,Economy,Completed,No,,2.3,EMP0043,Quincy Collins,Finance,EMP0007,59,3,127454.0,0.54
ORD-000044,2021-03-01,2021-03-08,2021-03-09,2021,Q1,3,March,9,Monday,CUST-00247,Dakota Garcia,SMB,West,India,Retail Store,PROD-00125,Sports,Fitness,1819.09,20,0.0,36381.8,0.0,36381.8,21465.26,14916.54,41.0,22.88,2910.54,39292.34,Credit Card,Express,Completed,No,,4.9,EMP0013,Mia Jackson,HR,EMP0002,37,4,126999.0,0.59
ORD-000045,2021-03-01,2021-03-06,2021-03-07,2021,Q1,3,March,9,Monday,CUST-00152,Taylor Moore,Government,South,India,Online,PROD-00083,Electronics,Laptops,521.27,6,0.0,3127.62,0.0,3127.62,1814.02,1313.6,42.0,80.19,250.21,3377.83,Debit Card,Standard,Completed,No,,4.5,EMP0005,Eva Martinez,Operations,EMP0006,26,3,142617.0,0.58
ORD-000046,2021-03-05,2021-03-06,2021-03-09,2021,Q1,3,March,9,Friday,CUST-00383,Casey Miller,Government,North,France,Online,PROD-00167,Clothing,Women,1326.73,19,0.2,25207.87,5041.57,20166.3,9478.16,10688.14,53.0,40.65,1613.3,21779.6,Bank Transfer,Same Day,Completed,No,,2.3,EMP0038,Laura Phillips,Sales,EMP0003,37,15,81371.0,0.47
ORD-000047,2021-03-06,2021-03-13,2021-03-19,2021,Q1,3,March,9,Saturday,CUST-00174,Avery Williams,Non-Profit,Central,USA,Direct Sales,PROD-00246,Electronics,Cameras,626.86,5,0.0,3134.3,0.0,3134.3,2194.01,940.29,30.0,56.93,250.74,3385.04,Credit Card,Economy,Completed,No,,3.4,EMP0010,Jack Taylor,Sales,EMP0009,28,24,116503.0,0.7
ORD-000048,2021-03-08,2021-03-12,2021-03-16,2021,Q1,3,March,10,Monday,CUST-00059,Avery Garcia,Enterprise,East,Germany,Direct Sales,PROD-00241,Beauty,Haircare,1042.54,3,0.0,3127.62,0.0,3127.62,2001.68,1125.94,36.0,148.48,250.21,3377.83,PayPal,Express,Completed,No,,4.4,EMP0007,Grace Kim,Marketing,EMP0005,22,13,93332.0,0.64
ORD-000049,2021-03-15,2021-03-19,2021-03-20,2021,Q1,3,March,11,Monday,CUST-00240,Avery Garcia,Consumer,Central,Germany,Direct Sales,PROD-00024,Clothing,Sportswear,1095.69,1,0.15,1095.69,164.35,931.34,642.62,288.72,31.0,104.23,74.51,1005.85,Debit Card,Same Day,Completed,No,,2.8,EMP0047,Umar Rogers,Marketing,EMP0006,30,10,127463.0,0.69
ORD-000050,2021-03-15,2021-03-20,2021-03-25,2021,Q1,3,March,11,Monday,CUST-00039,Quinn Brown,SMB,South,Canada,Wholesale,PROD-00200,Food & Beverage,Beverages,373.78,38,0.05,14203.64,710.18,13493.46,9445.42,4048.04,30.0,142.6,1079.48,14572.94,Debit Card,Standard,Cancelled,No,,1.1,EMP0014,Nathan Harris,Sales,EMP0009,39,28,116942.0,0.7
ORD-000051,2021-03-17,2021-03-21,2021-03-27,2021,Q1,3,March,11,Wednesday,CUST-00073,Casey Smith,Non-Profit,East,Japan,Partner,PROD-00250,Furniture,Office,1939.32,15,0.15,29089.8,4363.47,24726.33,16319.38,8406.95,34.0,25.67,1978.11,26704.44,Bank Transfer,Express,Pending,No,,1.3,EMP0018,Rachel Lewis,Sales,EMP0010,24,33,77309.0,0.66
ORD-000052,2021-03-17,2021-03-19,2021-03-20,2021,Q1,3,March,11,Wednesday,CUST-00387,Morgan Wilson,SMB,North,UK,Online,PROD-00128,Food & Beverage,Frozen,1551.39,34,0.0,52747.26,0.0,52747.26,29010.99,23736.27,45.0,60.41,4219.78,56967.04,Credit Card,Economy,Completed,No,,3.0,EMP0012,Leo Thomas,IT,EMP0007,45,21,73717.0,0.55
ORD-000053,2021-03-20,2021-03-27,2021-03-31,2021,Q1,3,March,11,Saturday,CUST-00116,Riley Wilson,Consumer,Central,Japan,Wholesale,PROD-00144,Food & Beverage,Snacks,1879.3,35,0.05,65775.5,3288.78,62486.72,38116.9,24369.82,39.0,85.44,4998.94,67485.66,Cash,Standard,Completed,No,,4.9,EMP0017,Quinn Rodriguez,Sales,EMP0006,49,13,64031.0,0.61
ORD-000054,2021-03-21,2021-03-22,2021-03-25,2021,Q1,3,March,11,Sunday,CUST-00347,Alex Johnson,Enterprise,West,Australia,Online,PROD-00193,Beauty,Haircare,1790.18,49,0.0,87718.82,0.0,87718.82,40350.66,47368.16,54.0,16.13,7017.51,94736.33,Debit Card,Standard,Completed,No,,3.8,EMP0037,Kevin Turner,Logistics,EMP0010,31,23,101299.0,0.46
ORD-000055,2021-03-23,2021-03-25,2021-03-31,2021,Q1,3,March,12,Tuesday,CUST-00371,Jamie Moore,Government,South,India,Partner,PROD-00031,Automotive,Parts,1197.81,25,0.0,29945.25,0.0,29945.25,19164.96,10780.29,36.0,5.61,2395.62,32340.87,Credit Card,Express,Completed,No,,1.3,EMP0007,Grace Kim,Marketing,EMP0005,30,25,145842.0,0.64
ORD-000056,2021-03-23,2021-03-27,2021-03-28,2021,Q1,3,March,12,Tuesday,CUST-00346,Riley Johnson,Consumer,Central,Canada,Direct Sales,PROD-00052,Books,Children,1844.14,24,0.2,44259.36,8851.87,35407.49,16287.45,19120.04,54.0,102.21,2832.6,38240.09,Credit Card,Standard,Returned,Yes,Defective,1.8,EMP0009,Iris Wilson,IT,EMP0008,34,15,58008.0,0.46
ORD-000057,2021-03-23,2021-03-29,2021-03-30,2021,Q1,3,March,12,Tuesday,CUST-00204,Taylor Miller,Consumer,West,Japan,Wholesale,PROD-00029,Furniture,Bedroom,181.54,12,0.0,2178.48,0.0,2178.48,1394.23,784.25,36.0,98.06,174.28,2352.76,Bank Transfer,Economy,Completed,No,,4.1,EMP0034,Hannah Mitchell,HR,EMP0004,56,31,45954.0,0.64
ORD-000058,2021-03-24,2021-03-25,2021-03-30,2021,Q1,3,March,12,Wednesday,CUST-00286,Morgan Brown,SMB,Central,UK,Partner,PROD-00176,Automotive,Electronics,395.99,18,0.05,7127.82,356.39,6771.43,3250.29,3521.14,52.0,,541.71,7313.14,Bank Transfer,Express,Completed,No,,4.4,EMP0038,Laura Phillips,Sales,EMP0003,44,5,48731.0,0.48
ORD-000059,2021-03-24,2021-03-26,2021-03-31,2021,Q1,3,March,12,Wednesday,CUST-00188,Quinn Smith,Government,South,Canada,Retail Store,PROD-00142,Food & Beverage,Snacks,95.23,15,0.05,1428.45,71.42,1357.03,597.09,759.94,56.0,76.0,108.56,1465.59,Cash,Same Day,Cancelled,No,,3.5,EMP0042,Patricia Edwards,IT,EMP0008,38,33,125056.0,0.44
ORD-000060,2021-03-26,2021-04-02,2021-04-08,2021,Q1,3,March,12,Friday,CUST-00047,Dakota Garcia,Government,Central,India,Retail Store,PROD-00276,Food & Beverage,Dairy,654.03,44,0.0,28777.32,0.0,28777.32,13237.57,15539.75,54.0,65.24,2302.19,31079.51,PayPal,Standard,Cancelled,No,,3.6,EMP0050,Xena Morgan,Sales,EMP0001,28,7,75262.0,0.46
ORD-000061,2021-03-27,2021-04-01,2021-04-02,2021,Q1,3,March,12,Saturday,CUST-00203,Morgan Wilson,Government,East,Australia,Online,PROD-00190,Automotive,Parts,780.41,16,0.2,12486.56,2497.31,9989.25,3995.7,5993.55,60.0,8.48,799.14,10788.39,Debit Card,Economy,Completed,No,,1.1,EMP0025,Yara Wright,HR,EMP0004,37,29,60802.0,0.4
ORD-000062,2021-03-31,2021-04-02,2021-04-08,2021,Q1,3,March,13,Wednesday,CUST-00008,Jordan Miller,Non-Profit,East,UK,Wholesale,PROD-00225,Automotive,Electronics,546.34,27,0.0,14751.18,0.0,14751.18,9588.27,5162.91,35.0,53.63,1180.09,15931.27,Debit Card,Economy,Completed,No,,4.3,EMP0022,Victor Young,HR,EMP0004,61,26,75577.0,0.65
ORD-000063,2021-04-01,2021-04-07,2021-04-08,2021,Q2,4,April,13,Thursday,CUST-00136,Dakota Williams,Consumer,West,Japan,Wholesale,PROD-00146,Electronics,Laptops,1658.33,8,0.1,13266.64,1326.66,11939.98,7880.39,4059.59,34.0,30.68,955.2,12895.18,PayPal,Same Day,Completed,No,,4.2,EMP0037,Kevin Turner,Logistics,EMP0010,57,6,109213.0,0.66
ORD-000064,2021-04-01,2021-04-05,2021-04-10,2021,Q2,4,April,13,Thursday,CUST-00275,Quinn Moore,Consumer,East,Germany,Online,PROD-00057,Furniture,Kitchen,716.72,46,0.25,32969.12,8242.28,24726.84,14341.57,10385.27,42.0,19.27,1978.15,26704.99,Bank Transfer,Same Day,Completed,No,,2.0,EMP0050,Xena Morgan,Sales,EMP0001,41,26,97881.0,0.58
ORD-000065,2021-04-04,2021-04-05,2021-04-09,2021,Q2,4,April,13,Sunday,CUST-00064,Taylor Jones,Non-Profit,North,UK,Online,PROD-00242,Books,Fiction,565.46,25,0.1,14136.5,1413.65,12722.85,5852.51,6870.34,54.0,143.72,1017.83,13740.68,Bank Transfer,Standard,Pending,No,,3.8,EMP0038,Laura Phillips,Sales,EMP0003,45,24,120513.0,0.46
ORD-000066,2021-04-05,2021-04-10,2021-04-12,2021,Q2,4,April,14,Monday,CUST-00233,Dakota Brown,Enterprise,North,USA,Partner,PROD-00069,Automotive,Electronics,1087.68,17,0.2,18490.56,3698.11,14792.45,6360.75,8431.7,57.0,91.91,1183.4,15975.85,Credit Card,Standard,Returned,Yes,,1.9,EMP0039,Mike Campbell,Logistics,EMP0009,26,14,73994.0,0.43
ORD-000067,2021-04-05,2021-04-06,2021-04-08,2021,Q2,4,April,14,Monday,CUST-00189,Taylor Brown,Non-Profit,Central,UK,Partner,PROD-00038,Automotive,Electronics,286.14,29,0.0,8298.06,0.0,8298.06,3402.2,4895.86,59.0,110.66,663.84,8961.9,Cash,Same Day,Returned,Yes,Defective,1.2,EMP0018,Rachel Lewis,Sales,EMP0010,27,24,86983.0,0.41
ORD-000068,2021-04-07,2021-04-12,2021-04-13,2021,Q2,4,April,14,Wednesday,CUST-00345,Avery Wilson,Enterprise,North,UK,Direct Sales,PROD-00167,Electronics,Accessories,1605.38,8,0.05,12843.04,642.15,12200.89,5612.41,6588.48,54.0,50.73,976.07,13176.96,Bank Transfer,Economy,Completed,No,,1.8,EMP0048,Victoria Reed,Logistics,EMP0001,49,21,46726.0,0.46
ORD-000069,2021-04-11,2021-04-18,2021-04-23,2021,Q2,4,April,14,Sunday,CUST-00384,Jamie Johnson,SMB,North,Germany,Online,PROD-00212,Furniture,Kitchen,153.73,15,0.0,2305.95,0.0,2305.95,1637.22,668.73,29.0,62.01,184.48,2490.43,Credit Card,Express,Cancelled,No,,1.7,EMP0040,Nancy Parker,Logistics,EMP0004,26,17,43402.0,0.71
ORD-000070,2021-04-13,2021-04-14,2021-04-17,2021,Q2,4,April,15,Tuesday,CUST-00345,Avery Wilson,SMB,South,Japan,Direct Sales,PROD-00078,Furniture,Bedroom,1973.84,27,0.1,53293.68,5329.37,47964.31,23022.87,24941.44,52.0,39.35,3837.14,51801.45,PayPal,Express,Completed,No,,2.4,EMP0043,Quincy Collins,Finance,EMP0007,60,11,88159.0,0.48
ORD-000071,2021-04-13,2021-04-17,2021-04-20,2021,Q2,4,April,15,Tuesday,CUST-00135,Taylor Williams,Consumer,South,USA,Wholesale,PROD-00078,Sports,Water Sports,1545.63,46,0.25,71098.98,17774.74,53324.24,27728.6,25595.64,48.0,19.06,4265.94,57590.18,Credit Card,Economy,Completed,No,,2.7,EMP0031,Ethan Baker,Finance,EMP0003,59,22,69684.0,0.52
ORD-000072,2021-04-13,2021-04-20,2021-04-22,2021,Q2,4,April,15,Tuesday,CUST-00300,Jordan Davis,Non-Profit,North,Japan,Retail Store,PROD-00154,Clothing,Men,401.44,50,0.0,20072.0,0.0,20072.0,8831.68,11240.32,56.0,30.96,1605.76,21677.76,PayPal,Economy,Completed,No,,3.0,EMP0014,Nathan Harris,Sales,EMP0009,23,24,105472.0,0.44
ORD-000073,2021-04-14,2021-04-21,2021-04-25,2021,Q2,4,April,15,Wednesday,CUST-00196,Avery Brown,Non-Profit,South,Canada,Retail Store,PROD-00294,Clothing,Formal,16.02,7,0.1,112.14,11.21,100.93,48.45,52.48,52.0,120.64,8.07,109.0,PayPal,Same Day,Completed,No,,2.9,EMP0011,Karen Anderson,IT,EMP0002,60,9,39945.0,0.48
ORD-000074,2021-04-15,2021-04-20,2021-04-22,2021,Q2,4,April,15,Thursday,CUST-00327,Dakota Brown,Non-Profit,North,USA,Direct Sales,PROD-00103,Food & Beverage,Beverages,1631.85,3,0.0,4895.55,0.0,4895.55,2839.42,2056.13,42.0,103.24,391.64,5287.19,PayPal,Standard,Returned,Yes,Not as Described,2.1,EMP0001,Alice Johnson,IT,EMP0002,42,29,49003.0,0.58
ORD-000075,2021-04-16,2021-04-19,2021-04-20,2021,Q2,4,April,15,Friday,CUST-00191,Quinn Smith,Non-Profit,West,USA,Online,PROD-00288,Beauty,Personal Care,1415.18,29,0.1,41040.22,4104.02,36936.2,22531.08,14405.12,39.0,84.3,2954.9,39891.1,PayPal,Economy,Completed,No,,1.1,EMP0015,Olivia Martin,HR,EMP0005,61,9,134497.0,0.61
ORD-000076,2021-04-16,2021-04-17,2021-04-21,2021,Q2,4,April,15,Friday,CUST-00056,Riley Garcia,Government,South,India,Online,PROD-00046,Beauty,Fragrance,1459.37,44,0.05,64212.28,3210.61,61001.67,29890.82,31110.85,51.0,73.89,4880.13,65881.8,Bank Transfer,Same Day,Completed,No,,3.4,EMP0014,Nathan Harris,Sales,EMP0009,58,33,100126.0,0.49
ORD-000077,2021-04-17,2021-04-18,2021-04-21,2021,Q2,4,April,15,Saturday,CUST-00346,Riley Johnson,Government,North,Germany,Retail Store,PROD-00225,Furniture,Kitchen,1543.68,24,0.25,37048.32,9262.08,27786.24,11670.22,16116.02,58.0,138.75,2222.9,30009.14,Debit Card,Same Day,Completed,No,,2.6,EMP0006,Frank Lee,Marketing,EMP0010,39,12,116886.0,0.42
ORD-000078,2021-04-20,2021-04-22,2021-04-27,2021,Q2,4,April,16,Tuesday,CUST-00120,Dakota Garcia,SMB,North,Canada,Retail Store,PROD-00126,Books,Children,152.72,3,0.1,458.16,45.82,412.34,222.66,189.68,46.0,15.55,32.99,445.33,PayPal,Standard,Completed,No,,2.2,EMP0040,Nancy Parker,Logistics,EMP0004,33,28,131827.0,0.54
ORD-000079,2021-04-21,2021-04-26,2021-05-01,2021,Q2,4,April,16,Wednesday,CUST-00242,Dakota Wilson,Government,Central,France,Direct Sales,PROD-00168,Clothing,Formal,720.14,20,0.0,14402.8,0.0,14402.8,6913.34,7489.46,52.0,45.69,1152.22,15555.02,Credit Card,Standard,Completed,No,,4.5,EMP0010,Jack Taylor,Sales,EMP0009,38,8,88341.0,0.48
ORD-000080,2021-04-22,2021-04-28,2021-04-29,2021,Q2,4,April,16,Thursday,CUST-00013,Jordan Miller,Enterprise,West,India,Direct Sales,PROD-00294,Sports,Outdoor,236.16,46,0.0,10863.36,0.0,10863.36,5214.41,5648.95,52.0,55.74,869.07,11732.43,Debit Card,Economy,Completed,No,,4.0,EMP0010,Jack Taylor,Sales,EMP0009,58,12,122522.0,0.48
ORD-000081,2021-04-22,2021-04-25,2021-04-27,2021,Q2,4,April,16,Thursday,CUST-00318,Morgan Johnson,Non-Profit,West,USA,Wholesale,PROD-00280,Books,Comics,1726.89,15,0.0,25903.35,0.0,25903.35,19168.48,6734.87,26.0,118.45,2072.27,27975.62,Credit Card,Economy,Cancelled,No,,4.4,EMP0011,Karen Anderson,IT,EMP0002,59,13,95327.0,0.74
ORD-000082,2021-04-25,2021-04-29,2021-04-30,2021,Q2,4,April,16,Sunday,CUST-00288,Avery Jones,Government,Central,Japan,Retail Store,PROD-00134,Beauty,Haircare,1248.48,25,0.0,31212.0,0.0,31212.0,19351.44,11860.56,38.0,148.91,2496.96,33708.96,Credit Card,Express,Completed,No,,3.0,EMP0031,Ethan Baker,Finance,EMP0003,36,8,60616.0,0.62
ORD-000083,2021-04-27,2021-04-29,2021-05-04,2021,Q2,4,April,17,Tuesday,CUST-00168,Alex Jones,SMB,Central,Japan,Online,PROD-00286,Automotive,Accessories,665.14,30,0.0,19954.2,0.0,19954.2,11772.98,8181.22,41.0,39.9,1596.34,21550.54,Credit Card,Same Day,Completed,No,,1.5,EMP0001,Alice Johnson,IT,EMP0002,28,7,73830.0,0.59
ORD-000084,2021-04-28,2021-05-01,2021-05-04,2021,Q2,4,April,17,Wednesday,CUST-00313,Jordan Jones,Government,Central,India,Wholesale,PROD-00272,Automotive,Parts,131.8,14,0.2,1845.2,369.04,1476.16,811.89,664.27,45.0,131.77,118.09,1594.25,PayPal,Express,Completed,No,,3.8,EMP0021,Uma Allen,Marketing,EMP0001,35,2,91390.0,0.55
ORD-000085,2021-04-29,2021-05-04,2021-05-09,2021,Q2,4,April,17,Thursday,CUST-00114,Taylor Williams,Enterprise,East,India,Direct Sales,PROD-00150,Clothing,Sportswear,625.41,7,0.1,4377.87,437.79,3940.08,2167.04,1773.04,45.0,125.44,315.21,4255.29,Debit Card,Economy,Returned,Yes,Defective,1.8,EMP0005,Eva Martinez,Operations,EMP0006,22,32,71442.0,0.55
ORD-000086,2021-04-30,2021-05-03,2021-05-07,2021,Q2,4,April,17,Friday,CUST-00332,Quinn Jones,Consumer,North,UK,Direct Sales,PROD-00012,Beauty,Personal Care,653.74,17,0.05,11113.58,555.68,10557.9,6229.16,4328.74,41.0,37.58,844.63,11402.53,PayPal,Express,Completed,No,,2.8,EMP0004,David Brown,IT,EMP0006,59,31,73586.0,0.59
ORD-000087,2021-05-01,2021-05-08,2021-05-14,2021,Q2,5,May,17,Saturday,CUST-00033,Alex Garcia,Non-Profit,East,Australia,Wholesale,PROD-00072,Beauty,Personal Care,1460.56,44,0.0,64264.64,0.0,64264.64,41129.37,23135.27,36.0,62.9,5141.17,69405.81,Bank Transfer,Same Day,Completed,No,,1.3,EMP0009,Iris Wilson,IT,EMP0008,24,6,73800.0,0.64
ORD-000088,2021-05-01,2021-05-02,2021-05-07,2021,Q2,5,May,17,Saturday,CUST-00326,Casey Davis,Government,South,USA,Partner,PROD-00035,Books,Education,1276.93,20,0.2,25538.6,5107.72,20430.88,13280.07,7150.81,35.0,64.4,1634.47,22065.35,PayPal,Economy,Completed,No,,4.3,EMP0033,George Carter,Finance,EMP0006,58,18,49127.0,0.65
ORD-000089,2021-05-03,2021-05-10,2021-05-15,2021,Q2,5,May,18,Monday,CUST-00238,Quinn Brown,Consumer,Central,India,Retail Store,PROD-00161,Food & Beverage,Frozen,1774.99,36,0.1,63899.64,6389.96,57509.68,26454.45,31055.23,54.0,146.84,4600.77,62110.45,Cash,Economy,Completed,No,,1.5,EMP0029,Chris Green,IT,EMP0008,52,33,44734.0,0.46
ORD-000090,2021-05-04,2021-05-05,2021-05-11,2021,Q2,5,May,18,Tuesday,CUST-00359,Casey Davis,Enterprise,North,Japan,Wholesale,PROD-00185,Sports,Water Sports,947.07,9,0.0,8523.63,0.0,8523.63,4943.71,3579.92,42.0,31.23,681.89,9205.52,Credit Card,Standard,Completed,No,,4.6,EMP0028,Beth Scott,IT,EMP0005,34,13,40347.0,0.58
ORD-000091,2021-05-05,2021-05-07,2021-05-11,2021,Q2,5,May,18,Wednesday,CUST-00155,Alex Davis,SMB,North,UK,Online,PROD-00229,Clothing,Sportswear,243.59,38,0.1,9256.42,925.64,8330.78,4498.62,3832.16,46.0,120.88,666.46,8997.24,Bank Transfer,Standard,Completed,No,,4.5,EMP0043,Quincy Collins,Finance,EMP0007,39,18,47760.0,0.54
ORD-000092,2021-05-05,2021-05-10,2021-05-12,2021,Q2,5,May,18,Wednesday,CUST-00333,Taylor Johnson,Enterprise,South,France,Wholesale,PROD-00110,Food & Beverage,Frozen,1427.92,48,0.05,68540.16,3427.01,65113.15,45579.2,19533.95,30.0,53.46,5209.05,70322.2,Debit Card,Express,Completed,No,,2.9,EMP0031,Ethan Baker,Finance,EMP0003,38,25,74526.0,0.7
ORD-000093,2021-05-08,2021-05-13,2021-05-18,2021,Q2,5,May,18,Saturday,CUST-00210,Jamie Miller,Non-Profit,West,France,Partner,PROD-00095,Beauty,Haircare,1522.77,22,0.0,33500.94,0.0,33500.94,20770.58,12730.36,38.0,110.98,2680.08,36181.02,PayPal,Standard,Completed,No,,4.0,EMP0021,Uma Allen,Marketing,EMP0001,38,16,103295.0,0.62
ORD-000094,2021-05-11,2021-05-14,2021-05-15,2021,Q2,5,May,19,Tuesday,CUST-00060,Casey Moore,SMB,North,Germany,Retail Store,PROD-00165,Clothing,Kids,1124.75,2,0.05,2249.5,112.48,2137.02,1260.84,876.18,41.0,65.9,170.96,2307.98,Bank Transfer,Express,Completed,No,,3.5,EMP0020,Tina Hall,Marketing,EMP0002,32,27,56637.0,0.59
ORD-000095,2021-05-12,2021-05-14,2021-05-19,2021,Q2,5,May,19,Wednesday,CUST-00072,Jamie Williams,Enterprise,West,India,Direct Sales,PROD-00240,Furniture,Outdoor,1543.08,24,0.05,37033.92,1851.7,35182.22,15480.18,19702.04,56.0,88.86,2814.58,37996.8,PayPal,Standard,Completed,No,,4.2,EMP0033,George Carter,Finance,EMP0006,41,18,137121.0,0.44
ORD-000096,2021-05-12,2021-05-17,2021-05-18,2021,Q2,5,May,19,Wednesday,CUST-00024,Avery Williams,Non-Profit,North,USA,Direct Sales,PROD-00117,Sports,Team Sports,990.12,8,0.0,7920.96,0.0,7920.96,4831.79,3089.17,39.0,125.73,633.68,8554.64,PayPal,Standard,Completed,No,,2.7,EMP0049,William Cook,Operations,EMP0004,31,26,127964.0,0.61
ORD-000097,2021-05-14,2021-05-20,2021-05-24,2021,Q2,5,May,19,Friday,CUST-00020,Alex Williams,Government,East,UK,Direct Sales,PROD-00236,Clothing,Kids,1047.85,11,0.2,11526.35,2305.27,9221.08,4057.28,5163.8,56.0,121.6,737.69,9958.77,PayPal,Standard,Completed,No,,4.1,EMP0008,Henry Davis,Marketing,EMP0001,50,18,94861.0,0.44
ORD-000098,2021-05-16,2021-05-22,2021-05-27,2021,Q2,5,May,19,Sunday,CUST-00156,Morgan Wilson,Enterprise,Central,France,Direct Sales,PROD-00186,Food & Beverage,Bakery,857.94,13,0.15,11153.22,1672.98,9480.24,4929.72,4550.52,48.0,130.63,758.42,10238.66,Credit Card,Same Day,Completed,No,,2.8,EMP0016,Paul Garcia,Finance,EMP0010,55,32,118284.0,0.52
ORD-000099,2021-05-19,2021-05-26,2021-05-30,2021,Q2,5,May,20,Wednesday,CUST-00253,Avery Moore,SMB,West,France,Wholesale,PROD-00171,Beauty,Haircare,55.71,17,0.1,947.07,94.71,852.36,383.56,468.8,55.0,13.64,68.19,920.55,Credit Card,Express,Completed,No,,4.8,EMP0036,Julia Roberts,Logistics,EMP0002,38,6,77128.0,0.45
ORD-000100,2021-05-20,2021-05-21,2021-05-25,2021,Q2,5,May,20,Thursday,CUST-00060,Casey Moore,SMB,East,UK,Partner,PROD-00102,Food & Beverage,Snacks,220.24,8,0.05,1761.92,88.1,1673.82,1071.24,602.58,36.0,105.35,133.91,1807.73,Credit Card,Standard,Completed,No,,2.9,EMP0026,Zoe Lopez,Marketing,EMP0002,34,28,39229.0,0.64
ORD-000101,2021-05-21,2021-05-24,2021-05-26,2021,Q2,5,May,20,Friday,CUST-00050,Riley Wilson,Enterprise,North,Japan,Partner,PROD-00133,Automotive,Electronics,67.7,21,0.05,1421.7,71.09,1350.61,634.79,715.82,53.0,25.3,108.05,1458.66,Cash,Standard,Cancelled,No,,2.9,EMP0025,Yara Wright,HR,EMP0004,60,4,138998.0,0.47
ORD-000102,2021-05-21,2021-05-25,2021-05-30,2021,Q2,5,May,20,Friday,CUST-00121,Taylor Smith,Government,Central,Germany,Direct Sales,PROD-00131,Automotive,Care Products,1274.64,18,0.1,22943.52,2294.35,20649.17,11150.55,9498.62,46.0,65.29,1651.93,22301.1,Debit Card,Same Day,Processing,No,,4.1,EMP0050,Xena Morgan,Sales,EMP0001,48,29,49696.0,0.54
ORD-000103,2021-05-21,2021-05-22,2021-05-23,2021,Q2,5,May,20,Friday,CUST-00276,Dakota Davis,Consumer,East,Australia,Online,PROD-00012,Food & Beverage,Frozen,632.14,30,0.05,18964.2,948.21,18015.99,12791.35,5224.64,29.0,84.55,1441.28,19457.27,PayPal,Express,Completed,No,,4.3,EMP0025,Yara Wright,HR,EMP0004,47,7,144013.0,0.71
ORD-000104,2021-05-21,2021-05-23,2021-05-24,2021,Q2,5,May,20,Friday,CUST-00070,Quinn Wilson,SMB,Central,Canada,Direct Sales,PROD-00072,Automotive,Tools,1019.6,18,0.0,18352.8,0.0,18352.8,8625.82,9726.98,53.0,63.4,1468.22,19821.02,PayPal,Economy,Completed,No,,3.2,EMP0046,Tara Morris,Marketing,EMP0004,49,11,100766.0,0.47
ORD-000105,2021-05-22,2021-05-27,2021-06-01,2021,Q2,5,May,20,Saturday,CUST-00199,Taylor Moore,SMB,North,USA,Wholesale,PROD-00062,Automotive,Care Products,1815.6,46,0.05,83517.6,4175.88,79341.72,46018.2,33323.52,42.0,80.34,6347.34,85689.06,PayPal,Economy,Completed,No,,1.7,EMP0031,Ethan Baker,Finance,EMP0003,34,12,70140.0,0.58
ORD-000106,2021-05-22,2021-05-23,2021-05-29,2021,Q2,5,May,20,Saturday,CUST-00233,Dakota Brown,Consumer,North,India,Partner,PROD-00211,Food & Beverage,Dairy,502.34,47,0.15,23609.98,3541.5,20068.48,11037.66,9030.82,45.0,149.5,1605.48,21673.96,Cash,Economy,Returned,Yes,Wrong Item,2.9,EMP0023,Wendy Hernandez,HR,EMP0005,33,25,91985.0,0.55
ORD-000107,2021-05-23,2021-05-27,2021-05-29,2021,Q2,5,May,20,Sunday,CUST-00190,Jordan Johnson,Non-Profit,East,Australia,Retail Store,PROD-00219,Books,Comics,823.71,31,0.05,25535.01,1276.75,24258.26,9945.89,14312.37,59.0,24.61,1940.66,26198.92,Cash,Standard,Completed,No,,4.9,EMP0020,Tina Hall,Marketing,EMP0002,49,17,92687.0,0.41
ORD-000108,2021-05-23,2021-05-27,2021-05-29,2021,Q2,5,May,20,Sunday,CUST-00344,Dakota Wilson,Enterprise,North,Germany,Direct Sales,PROD-00203,Food & Beverage,Snacks,1512.32,38,0.0,57468.16,0.0,57468.16,39078.35,18389.81,32.0,102.94,4597.45,62065.61,Cash,Express,Completed,No,,4.0,EMP0034,Hannah Mitchell,HR,EMP0004,23,19,37678.0,0.68
ORD-000109,2021-05-24,2021-05-30,2021-06-01,2021,Q2,5,May,21,Monday,CUST-00381,Quinn Brown,Government,South,India,Direct Sales,PROD-00250,Food & Beverage,Snacks,461.45,32,0.15,14766.4,2214.96,12551.44,5271.6,7279.84,58.0,62.42,1004.12,13555.56,PayPal,Same Day,Returned,Yes,,4.2,EMP0021,Uma Allen,Marketing,EMP0001,58,15,75878.0,0.42
ORD-000110,2021-05-26,2021-05-28,2021-05-29,2021,Q2,5,May,21,Wednesday,CUST-00357,Morgan Williams,Enterprise,Central,UK,Online,PROD-00025,Books,Non-Fiction,158.57,11,0.0,1744.27,0.0,1744.27,994.23,750.04,43.0,24.29,139.54,1883.81,Debit Card,Economy,Completed,No,,1.1,EMP0034,Hannah Mitchell,HR,EMP0004,55,2,120085.0,0.57
ORD-000111,2021-05-26,2021-05-27,2021-05-31,2021,Q2,5,May,21,Wednesday,CUST-00277,Alex Smith,Consumer,North,France,Online,PROD-00271,Sports,Winter Sports,583.05,45,0.0,26237.25,0.0,26237.25,15742.35,10494.9,40.0,28.02,2098.98,28336.23,PayPal,Express,Cancelled,No,,2.9,EMP0006,Frank Lee,Marketing,EMP0010,44,26,93658.0,0.6
ORD-000112,2021-05-26,2021-05-29,2021-06-04,2021,Q2,5,May,21,Wednesday,CUST-00215,Avery Davis,Non-Profit,North,Japan,Partner,PROD-00031,Food & Beverage,Dairy,326.64,25,0.0,8166.0,0.0,8166.0,5062.92,3103.08,38.0,142.64,653.28,8819.28,Debit Card,Express,Completed,No,,3.6,EMP0039,Mike Campbell,Logistics,EMP0009,50,14,63086.0,0.62
ORD-000113,2021-05-27,2021-05-28,2021-05-30,2021,Q2,5,May,21,Thursday,CUST-00301,Riley Garcia,Enterprise,South,UK,Wholesale,PROD-00263,Food & Beverage,Dairy,1859.75,33,0.0,61371.75,0.0,61371.75,39277.92,22093.83,36.0,132.54,4909.74,66281.49,Cash,Express,Completed,No,,4.3,EMP0014,Nathan Harris,Sales,EMP0009,56,33,73538.0,0.64
ORD-000114,2021-05-29,2021-06-04,2021-06-05,2021,Q2,5,May,21,Saturday,CUST-00381,Quinn Brown,SMB,Central,Japan,Direct Sales,PROD-00192,Beauty,Haircare,1617.2,38,0.15,61453.6,9218.04,52235.56,25595.42,26640.14,51.0,136.52,4178.84,56414.4,Bank Transfer,Same Day,Cancelled,No,,1.2,EMP0011,Karen Anderson,IT,EMP0002,32,21,134251.0,0.49
ORD-000115,2021-05-30,2021-06-06,2021-06-07,2021,Q2,5,May,21,Sunday,CUST-00373,Dakota Garcia,Consumer,West,Australia,Retail Store,PROD-00009,Books,Non-Fiction,1268.64,41,0.05,52014.24,2600.71,49413.53,19765.41,29648.12,60.0,148.77,3953.08,53366.61,Credit Card,Same Day,Completed,No,,4.4,EMP0041,Oscar Evans,Marketing,EMP0003,54,22,95438.0,0.4
ORD-000116,2021-05-31,2021-06-04,2021-06-08,2021,Q2,5,May,22,Monday,CUST-00080,Morgan Johnson,Government,South,Canada,Retail Store,PROD-00290,Electronics,Accessories,1743.56,8,0.0,13948.48,0.0,13948.48,9066.51,4881.97,35.0,35.21,1115.88,15064.36,Credit Card,Same Day,Completed,No,,3.2,EMP0018,Rachel Lewis,Sales,EMP0010,32,3,95760.0,0.65
ORD-000117,2021-06-01,2021-06-03,2021-06-08,2021,Q2,6,June,22,Tuesday,CUST-00213,Morgan Jones,Government,South,USA,Direct Sales,PROD-00224,Beauty,Personal Care,1608.33,11,0.2,17691.63,3538.33,14153.3,8350.45,5802.85,41.0,56.54,1132.26,15285.56,Debit Card,Standard,Completed,No,,1.8,EMP0046,Tara Morris,Marketing,EMP0004,30,22,145569.0,0.59
ORD-000118,2021-06-01,2021-06-03,2021-06-08,2021,Q2,6,June,22,Tuesday,CUST-00336,Morgan Miller,SMB,Central,Australia,Partner,PROD-00017,Electronics,Tablets,377.21,22,0.2,8298.62,1659.72,6638.9,4580.84,2058.06,31.0,102.04,531.11,7170.01,Cash,Standard,Processing,No,,2.3,EMP0010,Jack Taylor,Sales,EMP0009,35,8,71901.0,0.69
ORD-000119,2021-06-03,2021-06-06,2021-06-08,2021,Q2,6,June,22,Thursday,CUST-00051,Quinn Davis,Enterprise,South,USA,Partner,PROD-00259,Books,Fiction,1785.66,24,0.2,42855.84,8571.17,34284.67,23656.42,10628.25,31.0,75.15,2742.77,37027.44,Credit Card,Express,Completed,No,,2.1,EMP0028,Beth Scott,IT,EMP0005,30,23,90147.0,0.69
ORD-000120,2021-06-03,2021-06-05,2021-06-07,2021,Q2,6,June,22,Thursday,CUST-00251,Taylor Williams,SMB,Central,Australia,Online,PROD-00168,Food & Beverage,Dairy,1080.99,41,0.0,44320.59,0.0,44320.59,31024.41,13296.18,30.0,65.67,3545.65,47866.24,Credit Card,Economy,Completed,No,,3.1,EMP0036,Julia Roberts,Logistics,EMP0002,60,20,128347.0,0.7
ORD-000121,2021-06-04,2021-06-10,2021-06-16,2021,Q2,6,June,22,Friday,CUST-00316,Riley Wilson,Non-Profit,South,Japan,Wholesale,PROD-00276,Furniture,Kitchen,1615.84,17,0.05,27469.28,1373.46,26095.82,14874.62,11221.2,43.0,56.88,2087.67,28183.49,Cash,Same Day,Completed,No,,1.2,EMP0029,Chris Green,IT,EMP0008,24,15,122275.0,0.57
ORD-000122,2021-06-04,2021-06-10,2021-06-14,2021,Q2,6,June,22,Friday,CUST-00209,Dakota Smith,Government,Central,India,Direct Sales,PROD-00252,Automotive,Electronics,1792.7,12,0.25,21512.4,5378.1,16134.3,8389.84,7744.46,48.0,91.1,1290.74,17425.04,Debit Card,Express,Completed,No,,1.6,EMP0032,Fiona Nelson,Marketing,EMP0006,50,24,65567.0,0.52
ORD-000123,2021-06-05,2021-06-11,2021-06-13,2021,Q2,6,June,22,Saturday,CUST-00144,Jamie Johnson,Government,Central,UK,Direct Sales,PROD-00145,Books,Comics,639.42,46,0.15,29413.32,4412.0,25001.32,17000.9,8000.42,32.0,88.46,2000.11,27001.43,Debit Card,Express,Completed,No,,4.3,EMP0045,Steve Sanchez,Operations,EMP0009,40,25,52375.0,0.68
ORD-000124,2021-06-08,2021-06-10,2021-06-14,2021,Q2,6,June,23,Tuesday,CUST-00017,Quinn Wilson,Enterprise,West,Germany,Online,PROD-00295,Automotive,Care Products,224.55,32,0.0,7185.6,0.0,7185.6,4023.94,3161.66,44.0,28.41,574.85,7760.45,Bank Transfer,Same Day,Completed,No,,1.5,EMP0017,Quinn Rodriguez,Sales,EMP0006,57,8,115581.0,0.56
ORD-000125,2021-06-11,2021-06-13,2021-06-14,2021,Q2,6,June,23,Friday,CUST-00354,Avery Brown,Government,North,Japan,Direct Sales,PROD-00171,Books,Children,459.73,15,0.0,6895.95,0.0,6895.95,3172.14,3723.81,54.0,73.4,551.68,7447.63,Credit Card,Standard,Completed,No,,1.9,EMP0044,Rose Stewart,Operations,EMP0005,53,14,64630.0,0.46
ORD-000126,2021-06-11,2021-06-17,2021-06-19,2021,Q2,6,June,23,Friday,CUST-00190,Jordan Johnson,SMB,Central,Japan,Wholesale,PROD-00035,Automotive,Care Products,857.08,16,0.05,13713.28,685.66,13027.62,9119.33,3908.29,30.0,85.25,1042.21,14069.83,Credit Card,Express,Pending,No,,2.8,EMP0008,Henry Davis,Marketing,EMP0001,28,32,141108.0,0.7
ORD-000127,2021-06-14,2021-06-16,2021-06-17,2021,Q2,6,June,24,Monday,CUST-00112,Alex Garcia,SMB,East,USA,Retail Store,PROD-00039,Books,Education,1636.94,22,0.2,36012.68,7202.54,28810.14,20455.2,8354.94,29.0,87.69,2304.81,31114.95,Cash,Express,Completed,No,,3.1,EMP0036,Julia Roberts,Logistics,EMP0002,49,0,49863.0,0.71
ORD-000128,2021-06-14,2021-06-16,2021-06-19,2021,Q2,6,June,24,Monday,CUST-00228,Casey Miller,SMB,West,USA,Retail Store,PROD-00290,Books,Children,1722.16,28,0.05,48220.48,2411.02,45809.46,25653.3,20156.16,44.0,35.47,3664.76,49474.22,Cash,Same Day,Completed,No,,4.1,EMP0028,Beth Scott,IT,EMP0005,39,4,71606.0,0.56
ORD-000129,2021-06-14,2021-06-18,2021-06-22,2021,Q2,6,June,24,Monday,CUST-00228,Casey Miller,Consumer,West,France,Wholesale,PROD-00048,Food & Beverage,Beverages,18.87,20,0.05,377.4,18.87,358.53,154.17,204.36,57.0,112.63,28.68,387.21,PayPal,Economy,Returned,Yes,Defective,2.8,EMP0042,Patricia Edwards,IT,EMP0008,26,8,41301.0,0.43
ORD-000130,2021-06-15,2021-06-16,2021-06-19,2021,Q2,6,June,24,Tuesday,CUST-00121,Taylor Smith,Government,North,USA,Retail Store,PROD-00286,Clothing,Formal,1023.94,33,0.0,33790.02,0.0,33790.02,18246.61,15543.41,46.0,8.65,2703.2,36493.22,PayPal,Express,Completed,No,,4.2,EMP0023,Wendy Hernandez,HR,EMP0005,44,5,115880.0,0.54
ORD-000131,2021-06-16,2021-06-21,2021-06-23,2021,Q2,6,June,24,Wednesday,CUST-00186,Taylor Johnson,Government,South,France,Partner,PROD-00058,Electronics,Laptops,837.73,10,0.1,8377.3,837.73,7539.57,5126.91,2412.66,32.0,56.45,603.17,8142.74,Bank Transfer,Standard,Pending,No,,3.5,EMP0012,Leo Thomas,IT,EMP0007,43,27,137495.0,0.68
ORD-000132,2021-06-17,2021-06-19,2021-06-20,2021,Q2,6,June,24,Thursday,CUST-00051,Quinn Davis,SMB,South,USA,Direct Sales,PROD-00273,Furniture,Living Room,448.11,40,0.15,17924.4,2688.66,15235.74,10969.73,4266.01,28.0,118.13,1218.86,16454.6,Debit Card,Economy,Completed,No,,1.5,EMP0002,Bob Smith,Sales,EMP0007,47,25,108126.0,0.72
ORD-000133,2021-06-17,2021-06-22,2021-06-24,2021,Q2,6,June,24,Thursday,CUST-00352,Casey Miller,Non-Profit,Central,India,Wholesale,PROD-00082,Sports,Water Sports,244.13,32,0.0,7812.16,0.0,7812.16,3671.72,4140.44,53.0,86.76,624.97,8437.13,Cash,Economy,Completed,No,,1.6,EMP0024,Xander King,Sales,EMP0002,33,27,142842.0,0.47
ORD-000134,2021-06-21,2021-06-28,2021-07-01,2021,Q2,6,June,25,Monday,CUST-00189,Taylor Brown,Non-Profit,West,UK,Partner,PROD-00263,Electronics,Phones,678.54,50,0.15,33927.0,5089.05,28837.95,12111.94,16726.01,58.0,42.87,2307.04,31144.99,Debit Card,Same Day,Completed,No,,2.7,EMP0030,Diana Adams,HR,EMP0006,61,14,49778.0,0.42
ORD-000135,2021-06-23,2021-06-28,2021-06-30,2021,Q2,6,June,25,Wednesday,CUST-00279,Riley Smith,Consumer,Central,Australia,Online,PROD-00045,Sports,Fitness,1886.1,33,0.25,62241.3,15560.32,46680.98,33143.5,13537.48,29.0,105.77,3734.48,50415.46,Credit Card,Standard,Completed,No,,2.6,EMP0050,Xena Morgan,Sales,EMP0001,40,5,45089.0,0.71
ORD-000136,2021-06-24,2021-06-28,2021-07-04,2021,Q2,6,June,25,Thursday,CUST-00331,Riley Johnson,Non-Profit,East,Japan,Partner,PROD-00294,Furniture,Living Room,649.79,2,0.0,1299.58,0.0,1299.58,701.77,597.81,46.0,87.27,103.97,1403.55,Debit Card,Express,Completed,No,,4.0,EMP0043,Quincy Collins,Finance,EMP0007,22,26,131417.0,0.54
ORD-000137,2021-06-25,2021-06-27,2021-07-02,2021,Q2,6,June,25,Friday,CUST-00184,Dakota Garcia,SMB,South,Canada,Online,PROD-00240,Sports,Outdoor,1039.99,33,0.05,34319.67,1715.98,32603.69,19236.18,13367.51,41.0,120.46,2608.3,35211.99,Debit Card,Same Day,Completed,No,,3.3,EMP0023,Wendy Hernandez,HR,EMP0005,24,3,133384.0,0.59
ORD-000138,2021-06-25,2021-07-01,2021-07-04,2021,Q2,6,June,25,Friday,CUST-00032,Casey Davis,Non-Profit,Central,Australia,Online,PROD-00098,Food & Beverage,Dairy,1407.52,33,0.0,46448.16,0.0,46448.16,34371.64,12076.52,26.0,111.58,3715.85,50164.01,Bank Transfer,Standard,Returned,Yes,Changed Mind,2.6,EMP0047,Umar Rogers,Marketing,EMP0006,48,10,130570.0,0.74
ORD-000139,2021-06-27,2021-07-02,2021-07-04,2021,Q2,6,June,25,Sunday,CUST-00204,Taylor Miller,Government,Central,UK,Partner,PROD-00038,Books,Non-Fiction,730.44,41,0.15,29948.04,4492.21,25455.83,10691.45,14764.38,58.0,93.47,2036.47,27492.3,Cash,Express,Completed,No,,1.7,EMP0028,Beth Scott,IT,EMP0005,39,20,126881.0,0.42
ORD-000140,2021-06-30,2021-07-02,2021-07-03,2021,Q2,6,June,26,Wednesday,CUST-00142,Jordan Wilson,Consumer,West,USA,Online,PROD-00221,Books,Education,1943.71,13,0.1,25268.23,2526.82,22741.41,14327.09,8414.32,37.0,75.79,1819.31,24560.72,PayPal,Standard,Completed,No,,1.9,EMP0014,Nathan Harris,Sales,EMP0009,51,29,76656.0,0.63
ORD-000141,2021-07-05,2021-07-08,2021-07-10,2021,Q3,7,July,27,Monday,CUST-00098,Alex Miller,SMB,East,Canada,Partner,PROD-00142,Clothing,Kids,1925.08,30,0.1,57752.4,5775.24,51977.16,22350.18,29626.98,57.0,24.31,4158.17,56135.33,Cash,Same Day,Completed,No,,3.3,EMP0040,Nancy Parker,Logistics,EMP0004,23,17,60008.0,0.43
ORD-000142,2021-07-06,2021-07-13,2021-07-14,2021,Q3,7,July,27,Tuesday,CUST-00063,Avery Jones,Enterprise,East,Japan,Direct Sales,PROD-00239,Clothing,Women,507.31,33,0.15,16741.23,2511.18,14230.05,7541.93,6688.12,47.0,42.89,1138.4,15368.45,PayPal,Economy,Processing,No,,2.7,EMP0036,Julia Roberts,Logistics,EMP0002,26,34,141812.0,0.53
ORD-000143,2021-07-06,2021-07-12,2021-07-17,2021,Q3,7,July,27,Tuesday,CUST-00233,Dakota Brown,SMB,Central,USA,Direct Sales,PROD-00232,Sports,Fitness,997.01,13,0.0,12961.13,0.0,12961.13,8813.57,4147.56,32.0,65.77,1036.89,13998.02,PayPal,Standard,Completed,No,,3.1,EMP0013,Mia Jackson,HR,EMP0002,50,2,70305.0,0.68
ORD-000144,2021-07-07,2021-07-10,2021-07-12,2021,Q3,7,July,27,Wednesday,CUST-00047,Dakota Garcia,Government,East,Japan,Online,PROD-00078,Beauty,Makeup,605.25,26,0.2,15736.5,3147.3,12589.2,6924.06,5665.14,45.0,91.9,1007.14,13596.34,Bank Transfer,Economy,Completed,No,,1.7,EMP0025,Yara Wright,HR,EMP0004,54,11,80817.0,0.55
ORD-000145,2021-07-09,2021-07-12,2021-07-17,2021,Q3,7,July,27,Friday,CUST-00340,Dakota Garcia,Enterprise,East,USA,Direct Sales,PROD-00170,Electronics,Phones,573.26,22,0.05,12611.72,630.59,11981.13,8985.85,2995.28,25.0,79.49,958.49,12939.62,Credit Card,Express,Completed,No,,3.7,EMP0024,Xander King,Sales,EMP0002,41,26,115449.0,0.75
ORD-000146,2021-07-10,2021-07-15,2021-07-18,2021,Q3,7,July,27,Saturday,CUST-00109,Jordan Garcia,Government,West,Australia,Partner,PROD-00038,Books,Comics,78.59,39,0.0,3065.01,0.0,3065.01,1839.01,1226.0,40.0,46.79,245.2,3310.21,Bank Transfer,Economy,Completed,No,,4.4,EMP0012,Leo Thomas,IT,EMP0007,51,29,68736.0,0.6
ORD-000147,2021-07-10,2021-07-13,2021-07-14,2021,Q3,7,July,27,Saturday,CUST-00329,Riley Miller,Non-Profit,West,Canada,Wholesale,PROD-00094,Furniture,Living Room,1221.08,2,0.1,2442.16,244.22,2197.94,1120.95,1076.99,49.0,5.94,175.84,2373.78,Credit Card,Standard,Completed,No,,2.0,EMP0048,Victoria Reed,Logistics,EMP0001,26,20,129200.0,0.51
ORD-000148,2021-07-11,2021-07-15,2021-07-21,2021,Q3,7,July,27,Sunday,CUST-00328,Jamie Wilson,SMB,East,USA,Wholesale,PROD-00295,Automotive,Tools,1007.84,38,0.15,38297.92,5744.69,32553.23,15625.55,16927.68,52.0,76.95,2604.26,35157.49,Bank Transfer,Standard,Pending,No,,3.0,EMP0001,Alice Johnson,IT,EMP0002,42,20,43054.0,0.48
ORD-000149,2021-07-11,2021-07-15,2021-07-18,2021,Q3,7,July,27,Sunday,CUST-00306,Casey Smith,Non-Profit,Central,Canada,Wholesale,PROD-00174,Clothing,Sportswear,107.7,39,0.0,4200.3,0.0,4200.3,2184.16,2016.14,48.0,46.42,336.02,4536.32,Bank Transfer,Standard,Completed,No,,4.9,EMP0013,Mia Jackson,HR,EMP0002,36,14,125986.0,0.52
ORD-000150,2021-07-13,2021-07-18,2021-07-19,2021,Q3,7,July,28,Tuesday,CUST-00011,Quinn Moore,Consumer,South,USA,Partner,PROD-00233,Furniture,Living Room,560.9,26,0.2,14583.4,2916.68,11666.72,6183.36,5483.36,47.0,111.52,933.34,12600.06,Cash,Same Day,Pending,No,,2.3,EMP0029,Chris Green,IT,EMP0008,41,17,104213.0,0.53
ORD-000151,2021-07-18,2021-07-20,2021-07-25,2021,Q3,7,July,28,Sunday,CUST-00026,Jamie Williams,Non-Profit,Central,Germany,Online,PROD-00271,Sports,Winter Sports,1816.99,46,0.2,83581.54,16716.31,66865.23,28083.4,38781.83,58.0,8.47,5349.22,72214.45,Cash,Express,Completed,No,,3.4,EMP0024,Xander King,Sales,EMP0002,29,28,100894.0,0.42
ORD-000152,2021-07-20,2021-07-21,2021-07-25,2021,Q3,7,July,29,Tuesday,CUST-00171,Jamie Miller,Government,Central,UK,Partner,PROD-00222,Electronics,Accessories,482.93,50,0.0,24146.5,0.0,24146.5,12797.64,11348.86,47.0,89.8,1931.72,26078.22,Credit Card,Express,Completed,No,,1.4,EMP0034,Hannah Mitchell,HR,EMP0004,52,20,87713.0,0.53
ORD-000153,2021-07-21,2021-07-23,2021-07-25,2021,Q3,7,July,29,Wednesday,CUST-00125,Casey Moore,Government,South,Japan,Online,PROD-00011,Books,Non-Fiction,294.07,15,0.25,4411.05,1102.76,3308.29,1852.64,1455.65,44.0,141.51,264.66,3572.95,Debit Card,Express,Pending,No,,3.4,EMP0013,Mia Jackson,HR,EMP0002,33,16,66860.0,0.56
ORD-000154,2021-07-21,2021-07-23,2021-07-28,2021,Q3,7,July,29,Wednesday,CUST-00065,Casey Brown,Government,West,Canada,Online,PROD-00206,Sports,Winter Sports,981.46,34,0.0,33369.64,0.0,33369.64,21690.27,11679.37,35.0,30.29,2669.57,36039.21,Cash,Standard,Completed,No,,1.4,EMP0001,Alice Johnson,IT,EMP0002,42,17,88368.0,0.65
ORD-000155,2021-07-23,2021-07-25,2021-07-26,2021,Q3,7,July,29,Friday,CUST-00290,Riley Johnson,Non-Profit,Central,UK,Direct Sales,PROD-00295,Beauty,Fragrance,1971.37,42,0.0,82797.54,0.0,82797.54,52162.45,30635.09,37.0,73.39,6623.8,89421.34,PayPal,Standard,Processing,No,,4.8,EMP0038,Laura Phillips,Sales,EMP0003,51,11,86753.0,0.63
ORD-000156,2021-07-24,2021-07-26,2021-07-27,2021,Q3,7,July,29,Saturday,CUST-00106,Dakota Williams,Enterprise,East,UK,Retail Store,PROD-00151,Clothing,Women,487.9,44,0.0,21467.6,0.0,21467.6,13953.94,7513.66,35.0,18.26,1717.41,23185.01,Debit Card,Same Day,Completed,No,,3.9,EMP0020,Tina Hall,Marketing,EMP0002,48,10,102132.0,0.65
ORD-000157,2021-07-24,2021-07-30,2021-07-31,2021,Q3,7,July,29,Saturday,CUST-00036,Casey Smith,Enterprise,East,UK,Retail Store,PROD-00004,Books,Comics,1345.91,49,0.2,65949.59,13189.92,52759.67,21103.87,31655.8,60.0,95.72,4220.77,56980.44,PayPal,Same Day,Pending,No,,4.2,EMP0022,Victor Young,HR,EMP0004,47,19,67381.0,0.4
ORD-000158,2021-07-25,2021-07-26,2021-07-27,2021,Q3,7,July,29,Sunday,CUST-00392,Morgan Jones,Consumer,West,Japan,Direct Sales,PROD-00200,Clothing,Kids,1524.43,40,0.1,60977.2,6097.72,54879.48,26342.15,28537.33,52.0,84.83,4390.36,59269.84,Credit Card,Economy,Completed,No,,3.8,EMP0007,Grace Kim,Marketing,EMP0005,54,8,43923.0,0.48
ORD-000159,2021-07-25,2021-07-31,2021-08-02,2021,Q3,7,July,29,Sunday,CUST-00284,Morgan Johnson,Government,West,Australia,Online,PROD-00010,Furniture,Living Room,479.09,11,0.0,5269.99,0.0,5269.99,3320.09,1949.9,37.0,64.07,421.6,5691.59,Cash,Economy,Completed,No,,3.4,EMP0024,Xander King,Sales,EMP0002,47,0,51685.0,0.63
ORD-000160,2021-07-25,2021-07-28,2021-07-31,2021,Q3,7,July,29,Sunday,CUST-00107,Avery Davis,Consumer,West,UK,Online,PROD-00005,Furniture,Outdoor,1457.79,3,0.05,4373.37,218.67,4154.7,2368.18,1786.52,43.0,80.6,332.38,4487.08,Credit Card,Same Day,Completed,No,,2.8,EMP0017,Quinn Rodriguez,Sales,EMP0006,47,2,115405.0,0.57
ORD-000161,2021-07-28,2021-08-04,2021-08-10,2021,Q3,7,July,30,Wednesday,CUST-00301,Riley Garcia,Consumer,North,Australia,Direct Sales,PROD-00116,Beauty,Fragrance,738.73,6,0.1,4432.38,443.24,3989.14,1595.66,2393.48,60.0,135.0,319.13,4308.27,Debit Card,Same Day,Completed,No,,4.4,EMP0033,George Carter,Finance,EMP0006,57,20,37587.0,0.4
ORD-000162,2021-07-30,2021-08-01,2021-08-05,2021,Q3,7,July,30,Friday,CUST-00111,Casey Williams,Government,North,India,Wholesale,PROD-00166,Automotive,Electronics,1266.45,9,0.0,11398.05,0.0,11398.05,7750.67,3647.38,32.0,33.46,911.84,12309.89,Bank Transfer,Economy,Completed,No,,4.8,EMP0001,Alice Johnson,IT,EMP0002,61,22,133491.0,0.68
ORD-000163,2021-07-30,2021-08-06,2021-08-08,2021,Q3,7,July,30,Friday,CUST-00120,Dakota Garcia,Non-Profit,East,France,Wholesale,PROD-00219,Food & Beverage,Dairy,1268.89,6,0.2,7613.34,1522.67,6090.67,4080.75,2009.92,33.0,8.27,487.25,6577.92,Bank Transfer,Same Day,Completed,No,,3.0,EMP0039,Mike Campbell,Logistics,EMP0009,22,8,114856.0,0.67
ORD-000164,2021-08-01,2021-08-05,2021-08-06,2021,Q3,8,August,30,Sunday,CUST-00169,Riley Williams,SMB,Central,India,Partner,PROD-00078,Food & Beverage,Frozen,1073.87,9,0.15,9664.83,1449.72,8215.11,4846.91,3368.2,41.0,129.94,657.21,8872.32,Cash,Same Day,Completed,No,,4.7,EMP0018,Rachel Lewis,Sales,EMP0010,36,18,123330.0,0.59
ORD-000165,2021-08-03,2021-08-08,2021-08-10,2021,Q3,8,August,31,Tuesday,CUST-00397,Dakota Moore,Government,North,France,Direct Sales,PROD-00133,Furniture,Living Room,185.13,39,0.05,7220.07,361.0,6859.07,2880.81,3978.26,58.0,88.68,548.73,7407.8,Cash,Economy,Completed,No,,3.3,EMP0003,Carol White,Sales,EMP0002,22,18,131138.0,0.42
ORD-000166,2021-08-05,2021-08-10,2021-08-15,2021,Q3,8,August,31,Thursday,CUST-00076,Casey Davis,SMB,Central,UK,Direct Sales,PROD-00115,Furniture,Living Room,1671.43,31,0.25,51814.33,12953.58,38860.75,26036.7,12824.05,33.0,134.15,3108.86,41969.61,Credit Card,Standard,Returned,Yes,Defective,3.2,EMP0042,Patricia Edwards,IT,EMP0008,32,22,49112.0,0.67
ORD-000167,2021-08-06,2021-08-12,2021-08-18,2021,Q3,8,August,31,Friday,CUST-00306,Casey Smith,SMB,South,Canada,Partner,PROD-00300,Electronics,Tablets,644.96,32,0.05,20638.72,1031.94,19606.78,11764.07,7842.71,40.0,91.56,1568.54,21175.32,Debit Card,Same Day,Completed,No,,2.8,EMP0018,Rachel Lewis,Sales,EMP0010,23,26,129582.0,0.6
ORD-000168,2021-08-07,2021-08-13,2021-08-14,2021,Q3,8,August,31,Saturday,CUST-00002,Jamie Miller,Non-Profit,East,France,Wholesale,PROD-00168,Beauty,Haircare,377.1,41,0.25,15461.1,3865.28,11595.82,7769.2,3826.62,33.0,122.47,927.67,12523.49,Bank Transfer,Same Day,Completed,No,,1.8,EMP0042,Patricia Edwards,IT,EMP0008,22,26,93034.0,0.67
ORD-000169,2021-08-07,2021-08-11,2021-08-15,2021,Q3,8,August,31,Saturday,CUST-00142,Jordan Wilson,Government,North,Australia,Wholesale,PROD-00273,Sports,Winter Sports,86.35,50,0.1,4317.5,431.75,3885.75,2564.6,1321.15,34.0,67.3,310.86,4196.61,Cash,Same Day,Completed,No,,1.0,EMP0031,Ethan Baker,Finance,EMP0003,52,11,136835.0,0.66
ORD-000170,2021-08-08,2021-08-10,2021-08-11,2021,Q3,8,August,31,Sunday,CUST-00075,Jamie Davis,Government,East,USA,Retail Store,PROD-00235,Food & Beverage,Bakery,1183.83,12,0.1,14205.96,1420.6,12785.36,8694.04,4091.32,32.0,113.73,1022.83,13808.19,Bank Transfer,Economy,Completed,No,,2.0,EMP0026,Zoe Lopez,Marketing,EMP0002,37,26,136957.0,0.68
ORD-000171,2021-08-10,2021-08-17,2021-08-23,2021,Q3,8,August,32,Tuesday,CUST-00067,Dakota Garcia,Government,South,Canada,Retail Store,PROD-00103,Beauty,Haircare,1356.74,8,0.0,10853.92,0.0,10853.92,6295.27,4558.65,42.0,137.39,868.31,11722.23,Cash,Standard,Completed,No,,3.0,EMP0003,Carol White,Sales,EMP0002,43,33,37780.0,0.58
ORD-000172,2021-08-10,2021-08-17,2021-08-21,2021,Q3,8,August,32,Tuesday,CUST-00277,Alex Smith,SMB,South,France,Retail Store,PROD-00295,Sports,Team Sports,38.09,8,0.2,304.72,60.94,243.78,109.7,134.08,55.0,87.96,19.5,263.28,Bank Transfer,Same Day,Completed,No,,2.5,EMP0045,Steve Sanchez,Operations,EMP0009,39,32,79029.0,0.45
ORD-000173,2021-08-11,2021-08-12,2021-08-18,2021,Q3,8,August,32,Wednesday,CUST-00129,Jordan Davis,Non-Profit,East,UK,Online,PROD-00182,Sports,Winter Sports,1026.63,50,0.05,51331.5,2566.58,48764.92,30721.9,18043.02,37.0,31.21,3901.19,52666.11,Bank Transfer,Standard,Pending,No,,2.8,EMP0046,Tara Morris,Marketing,EMP0004,38,27,95536.0,0.63
ORD-000174,2021-08-12,2021-08-15,2021-08-19,2021,Q3,8,August,32,Thursday,CUST-00090,Riley Davis,Enterprise,North,UK,Partner,PROD-00296,Sports,Winter Sports,456.86,28,0.0,12792.08,0.0,12792.08,7931.09,4860.99,38.0,43.98,1023.37,13815.45,Cash,Express,Returned,Yes,Changed Mind,4.9,EMP0017,Quinn Rodriguez,Sales,EMP0006,51,30,113011.0,0.62
ORD-000175,2021-08-13,2021-08-18,2021-08-21,2021,Q3,8,August,32,Friday,CUST-00057,Morgan Davis,Government,East,Germany,Wholesale,PROD-00079,Clothing,Formal,1292.12,20,0.0,25842.4,0.0,25842.4,17055.98,8786.42,34.0,33.8,2067.39,27909.79,PayPal,Economy,Completed,No,,2.4,EMP0018,Rachel Lewis,Sales,EMP0010,31,31,67911.0,0.66
ORD-000176,2021-08-17,2021-08-20,2021-08-23,2021,Q3,8,August,33,Tuesday,CUST-00339,Alex Jones,Enterprise,Central,Canada,Online,PROD-00097,Food & Beverage,Snacks,352.86,47,0.1,16584.42,1658.44,14925.98,6865.95,8060.03,54.0,40.79,1194.08,16120.06,Debit Card,Express,Completed,No,,2.8,EMP0041,Oscar Evans,Marketing,EMP0003,56,19,63996.0,0.46
ORD-000177,2021-08-18,2021-08-19,2021-08-21,2021,Q3,8,August,33,Wednesday,CUST-00014,Jamie Garcia,SMB,Central,India,Direct Sales,PROD-00076,Automotive,Accessories,1383.42,7,0.05,9683.94,484.2,9199.74,4323.88,4875.86,53.0,49.43,735.98,9935.72,Debit Card,Express,Completed,No,,1.5,EMP0004,David Brown,IT,EMP0006,42,34,78846.0,0.47
ORD-000178,2021-08-18,2021-08-24,2021-08-26,2021,Q3,8,August,33,Wednesday,CUST-00068,Avery Jones,SMB,Central,Canada,Partner,PROD-00106,Electronics,Tablets,776.54,11,0.1,8541.94,854.19,7687.75,5458.3,2229.45,29.0,85.49,615.02,8302.77,Credit Card,Same Day,Completed,No,,1.2,EMP0037,Kevin Turner,Logistics,EMP0010,37,30,92608.0,0.71
ORD-000179,2021-08-21,2021-08-28,2021-09-01,2021,Q3,8,August,33,Saturday,CUST-00008,Jordan Miller,Consumer,Central,France,Online,PROD-00158,Sports,Water Sports,1873.78,20,0.2,37475.6,7495.12,29980.48,19787.12,10193.36,34.0,90.26,2398.44,32378.92,Debit Card,Economy,Completed,No,,4.1,EMP0002,Bob Smith,Sales,EMP0007,27,30,144382.0,0.66
ORD-000180,2021-08-22,2021-08-27,2021-08-28,2021,Q3,8,August,33,Sunday,CUST-00184,Dakota Garcia,Non-Profit,Central,Canada,Online,PROD-00093,Food & Beverage,Snacks,279.35,16,0.0,4469.6,0.0,4469.6,3218.11,1251.49,28.0,66.84,357.57,4827.17,Cash,Standard,Completed,No,,3.3,EMP0046,Tara Morris,Marketing,EMP0004,24,21,122642.0,0.72
ORD-000181,2021-08-23,2021-08-26,2021-08-31,2021,Q3,8,August,34,Monday,CUST-00122,Casey Miller,Consumer,South,Japan,Direct Sales,PROD-00052,Food & Beverage,Beverages,685.43,4,0.1,2741.72,274.17,2467.55,1653.26,814.29,33.0,94.24,197.4,2664.95,Debit Card,Express,Completed,No,,4.0,EMP0031,Ethan Baker,Finance,EMP0003,42,8,84372.0,0.67
ORD-000182,2021-08-23,2021-08-29,2021-09-03,2021,Q3,8,August,34,Monday,CUST-00302,Quinn Johnson,Enterprise,North,Australia,Online,PROD-00014,Furniture,Bedroom,231.38,6,0.0,1388.28,0.0,1388.28,846.85,541.43,39.0,,111.06,1499.34,Cash,Economy,Completed,No,,1.6,EMP0039,Mike Campbell,Logistics,EMP0009,34,8,41252.0,0.61
ORD-000183,2021-08-23,2021-08-24,2021-08-25,2021,Q3,8,August,34,Monday,CUST-00166,Avery Smith,SMB,North,USA,Online,PROD-00274,Food & Beverage,Snacks,1849.76,22,0.2,40694.72,8138.94,32555.78,20510.14,12045.64,37.0,17.73,2604.46,35160.24,Credit Card,Same Day,Completed,No,,3.3,EMP0041,Oscar Evans,Marketing,EMP0003,39,14,54380.0,0.63
ORD-000184,2021-08-24,2021-08-27,2021-08-28,2021,Q3,8,August,34,Tuesday,CUST-00009,Avery Davis,Government,West,Canada,Retail Store,PROD-00021,Beauty,Personal Care,1755.29,26,0.15,45637.54,6845.63,38791.91,27542.26,11249.65,29.0,29.92,3103.35,41895.26,Cash,Express,Pending,No,,2.0,EMP0030,Diana Adams,HR,EMP0006,45,12,87431.0,0.71
ORD-000185,2021-08-25,2021-09-01,2021-09-04,2021,Q3,8,August,34,Wednesday,CUST-00090,Riley Davis,Government,East,UK,Direct Sales,PROD-00066,Furniture,Living Room,519.59,3,0.05,1558.77,77.94,1480.83,888.5,592.33,40.0,80.12,118.47,1599.3,Bank Transfer,Standard,Completed,No,,1.9,EMP0032,Fiona Nelson,Marketing,EMP0006,48,21,128590.0,0.6
ORD-000186,2021-08-25,2021-08-27,2021-09-01,2021,Q3,8,August,34,Wednesday,CUST-00136,Dakota Williams,Non-Profit,South,India,Direct Sales,PROD-00277,Automotive,Electronics,1321.67,41,0.1,54188.47,5418.85,48769.62,30237.16,18532.46,38.0,36.03,3901.57,52671.19,Cash,Express,Cancelled,No,,1.0,EMP0012,Leo Thomas,IT,EMP0007,25,15,78780.0,0.62
ORD-000187,2021-08-25,2021-08-31,2021-09-04,2021,Q3,8,August,34,Wednesday,CUST-00027,Riley Moore,Enterprise,South,Canada,Direct Sales,PROD-00179,Books,Fiction,1635.36,42,0.0,68685.12,0.0,68685.12,30908.3,37776.82,55.0,46.08,5494.81,74179.93,Cash,Economy,Processing,No,,1.5,EMP0031,Ethan Baker,Finance,EMP0003,43,31,96927.0,0.45
ORD-000188,2021-08-26,2021-08-27,2021-09-02,2021,Q3,8,August,34,Thursday,CUST-00065,Casey Brown,Consumer,East,USA,Partner,PROD-00036,Food & Beverage,Bakery,1112.63,14,0.05,15576.82,778.84,14797.98,8434.85,6363.13,43.0,63.05,1183.84,15981.82,PayPal,Standard,Completed,No,,2.2,EMP0048,Victoria Reed,Logistics,EMP0001,45,1,137558.0,0.57
ORD-000189,2021-08-29,2021-09-01,2021-09-03,2021,Q3,8,August,34,Sunday,CUST-00380,Casey Davis,Enterprise,East,Japan,Direct Sales,PROD-00168,Sports,Team Sports,1061.65,11,0.15,11678.15,1751.72,9926.43,6452.18,3474.25,35.0,122.72,794.11,10720.54,PayPal,Same Day,Completed,No,,1.5,EMP0042,Patricia Edwards,IT,EMP0008,61,25,140087.0,0.65
ORD-000190,2021-08-31,2021-09-07,2021-09-13,2021,Q3,8,August,35,Tuesday,CUST-00216,Taylor Brown,Enterprise,Central,UK,Wholesale,PROD-00162,Automotive,Care Products,487.5,18,0.05,8775.0,438.75,8336.25,4084.76,4251.49,51.0,7.01,666.9,9003.15,Debit Card,Economy,Completed,No,,4.9,EMP0049,William Cook,Operations,EMP0004,31,13,59814.0,0.49
ORD-000191,2021-09-02,2021-09-04,2021-09-07,2021,Q3,9,September,35,Thursday,CUST-00270,Morgan Brown,Non-Profit,South,USA,Partner,PROD-00118,Automotive,Tools,190.74,12,0.0,2288.88,0.0,2288.88,1075.77,1213.11,53.0,99.16,183.11,2471.99,PayPal,Express,Processing,No,,2.2,EMP0035,Ian Perez,Operations,EMP0005,23,33,40013.0,0.47
ORD-000192,2021-09-03,2021-09-05,2021-09-10,2021,Q3,9,September,35,Friday,CUST-00059,Avery Garcia,Consumer,South,USA,Partner,PROD-00107,Books,Non-Fiction,1794.95,23,0.05,41283.85,2064.19,39219.66,20002.03,19217.63,49.0,101.99,3137.57,42357.23,PayPal,Same Day,Processing,No,,1.5,EMP0007,Grace Kim,Marketing,EMP0005,61,7,70122.0,0.51
ORD-000193,2021-09-05,2021-09-06,2021-09-07,2021,Q3,9,September,35,Sunday,CUST-00382,Jamie Miller,Government,East,Canada,Wholesale,PROD-00104,Clothing,Women,1801.33,12,0.15,21615.96,3242.39,18373.57,8819.31,9554.26,52.0,120.81,1469.89,19843.46,Cash,Same Day,Completed,No,,1.8,EMP0003,Carol White,Sales,EMP0002,27,20,115017.0,0.48
ORD-000194,2021-09-05,2021-09-09,2021-09-14,2021,Q3,9,September,35,Sunday,CUST-00033,Alex Garcia,Government,East,UK,Direct Sales,PROD-00156,Clothing,Formal,1268.04,13,0.0,16484.52,0.0,16484.52,7912.57,8571.95,52.0,140.25,1318.76,17803.28,Credit Card,Same Day,Completed,No,,3.4,EMP0024,Xander King,Sales,EMP0002,39,27,144378.0,0.48
ORD-000195,2021-09-05,2021-09-12,2021-09-16,2021,Q3,9,September,35,Sunday,CUST-00244,Casey Garcia,SMB,North,Germany,Wholesale,PROD-00084,Automotive,Tools,681.36,25,0.0,17034.0,0.0,17034.0,9368.7,7665.3,45.0,7.92,1362.72,18396.72,Debit Card,Economy,Returned,Yes,Wrong Item,1.3,EMP0002,Bob Smith,Sales,EMP0007,38,5,43859.0,0.55
ORD-000196,2021-09-06,2021-09-13,2021-09-16,2021,Q3,9,September,36,Monday,CUST-00230,Alex Johnson,Consumer,Central,India,Online,PROD-00218,Sports,Fitness,701.67,45,0.1,31575.15,3157.52,28417.63,20460.69,7956.94,28.0,,2273.41,30691.04,Debit Card,Economy,Completed,No,,4.4,EMP0040,Nancy Parker,Logistics,EMP0004,59,19,38276.0,0.72
ORD-000197,2021-09-06,2021-09-11,2021-09-12,2021,Q3,9,September,36,Monday,CUST-00399,Avery Miller,SMB,West,Japan,Retail Store,PROD-00139,Beauty,Makeup,1453.28,19,0.15,27612.32,4141.85,23470.47,13612.87,9857.6,42.0,133.49,1877.64,25348.11,Credit Card,Same Day,Returned,Yes,Defective,4.8,EMP0046,Tara Morris,Marketing,EMP0004,44,30,136677.0,0.58
ORD-000198,2021-09-12,2021-09-13,2021-09-19,2021,Q3,9,September,36,Sunday,CUST-00186,Taylor Johnson,Non-Profit,Central,Canada,Retail Store,PROD-00120,Books,Children,1794.73,46,0.0,82557.58,0.0,82557.58,38802.06,43755.52,53.0,,6604.61,89162.19,Cash,Same Day,Pending,No,,2.0,EMP0010,Jack Taylor,Sales,EMP0009,51,32,121037.0,0.47
ORD-000199,2021-09-13,2021-09-15,2021-09-19,2021,Q3,9,September,37,Monday,CUST-00263,Jamie Williams,Enterprise,South,Australia,Online,PROD-00112,Books,Non-Fiction,1774.74,36,0.0,63890.64,0.0,63890.64,27472.98,36417.66,57.0,86.87,5111.25,69001.89,Debit Card,Express,Completed,No,,2.8,EMP0046,Tara Morris,Marketing,EMP0004,42,6,149109.0,0.43
ORD-000200,2021-09-15,2021-09-17,2021-09-23,2021,Q3,9,September,37,Wednesday,CUST-00304,Taylor Brown,Government,North,Canada,Retail Store,PROD-00182,Beauty,Skincare,1560.85,45,0.0,70238.25,0.0,70238.25,44952.48,25285.77,36.0,101.14,5619.06,75857.31,PayPal,Standard,Completed,No,,1.1,EMP0048,Victoria Reed,Logistics,EMP0001,31,7,80631.0,0.64
ORD-000201,2021-09-16,2021-09-17,2021-09-19,2021,Q3,9,September,37,Thursday,CUST-00056,Riley Garcia,Enterprise,East,Germany,Online,PROD-00014,Electronics,Phones,1285.85,8,0.0,10286.8,0.0,10286.8,5452.0,4834.8,47.0,103.46,822.94,11109.74,Credit Card,Same Day,Completed,No,,3.6,EMP0012,Leo Thomas,IT,EMP0007,34,8,82846.0,0.53
ORD-000202,2021-09-16,2021-09-20,2021-09-23,2021,Q3,9,September,37,Thursday,CUST-00232,Avery Brown,Enterprise,West,Japan,Online,PROD-00071,Clothing,Kids,172.86,29,0.05,5012.94,250.65,4762.29,3285.98,1476.31,31.0,140.1,380.98,5143.27,Debit Card,Standard,Completed,No,,2.7,EMP0009,Iris Wilson,IT,EMP0008,33,1,54816.0,0.69
ORD-000203,2021-09-16,2021-09-21,2021-09-25,2021,Q3,9,September,37,Thursday,CUST-00258,Quinn Brown,Government,South,India,Retail Store,PROD-00226,Books,Comics,327.45,32,0.1,10478.4,1047.84,9430.56,5941.25,3489.31,37.0,149.56,754.44,10185.0,PayPal,Economy,Completed,No,,2.1,EMP0006,Frank Lee,Marketing,EMP0010,30,16,48322.0,0.63
ORD-000204,2021-09-17,2021-09-20,2021-09-24,2021,Q3,9,September,37,Friday,CUST-00114,Taylor Williams,Government,West,Australia,Online,PROD-00064,Beauty,Skincare,1797.62,44,0.1,79095.28,7909.53,71185.75,48406.31,22779.44,32.0,109.42,5694.86,76880.61,Debit Card,Economy,Returned,Yes,,1.8,EMP0027,Aaron Hill,IT,EMP0007,25,16,101553.0,0.68
ORD-000205,2021-09-18,2021-09-19,2021-09-25,2021,Q3,9,September,37,Saturday,CUST-00315,Taylor Moore,Consumer,Central,Canada,Retail Store,PROD-00193,Clothing,Formal,1214.83,18,0.1,21866.94,2186.69,19680.25,9840.12,9840.13,50.0,46.65,1574.42,21254.67,PayPal,Same Day,Pending,No,,3.6,EMP0008,Henry Davis,Marketing,EMP0001,60,34,76893.0,0.5
ORD-000206,2021-09-19,2021-09-24,2021-09-25,2021,Q3,9,September,37,Sunday,CUST-00023,Morgan Moore,Government,North,USA,Direct Sales,PROD-00014,Automotive,Tools,23.35,6,0.0,140.1,0.0,140.1,89.66,50.44,36.0,132.56,11.21,151.31,Credit Card,Same Day,Pending,No,,2.7,EMP0004,David Brown,IT,EMP0006,45,29,44236.0,0.64
ORD-000207,2021-09-19,2021-09-26,2021-09-28,2021,Q3,9,September,37,Sunday,CUST-00373,Dakota Garcia,SMB,Central,Canada,Retail Store,PROD-00228,Furniture,Outdoor,207.44,18,0.15,3733.92,560.09,3173.83,1555.18,1618.65,51.0,12.14,253.91,3427.74,Debit Card,Standard,Completed,No,,1.7,EMP0029,Chris Green,IT,EMP0008,55,5,137004.0,0.49
ORD-000208,2021-09-20,2021-09-25,2021-10-01,2021,Q3,9,September,38,Monday,CUST-00338,Jordan Johnson,Government,East,Japan,Retail Store,PROD-00107,Automotive,Care Products,1328.69,19,0.05,25245.11,1262.26,23982.85,17507.48,6475.37,27.0,38.51,1918.63,25901.48,Debit Card,Standard,Cancelled,No,,3.8,EMP0041,Oscar Evans,Marketing,EMP0003,60,3,57811.0,0.73
ORD-000209,2021-09-25,2021-10-01,2021-10-05,2021,Q3,9,September,38,Saturday,CUST-00267,Avery Smith,Enterprise,North,UK,Direct Sales,PROD-00195,Furniture,Kitchen,15.1,22,0.25,332.2,83.05,249.15,154.47,94.68,38.0,135.12,19.93,269.08,Cash,Economy,Completed,No,,3.3,EMP0046,Tara Morris,Marketing,EMP0004,26,34,121087.0,0.62
ORD-000210,2021-09-26,2021-09-28,2021-10-01,2021,Q3,9,September,38,Sunday,CUST-00155,Alex Davis,Enterprise,Central,Germany,Partner,PROD-00026,Books,Education,325.81,37,0.1,12054.97,1205.5,10849.47,5533.23,5316.24,49.0,42.15,867.96,11717.43,Credit Card,Express,Completed,No,,4.4,EMP0004,David Brown,IT,EMP0006,36,8,67456.0,0.51
ORD-000211,2021-09-26,2021-09-29,2021-10-03,2021,Q3,9,September,38,Sunday,CUST-00235,Alex Brown,Consumer,West,France,Retail Store,PROD-00229,Sports,Fitness,1099.72,32,0.0,35191.04,0.0,35191.04,17243.61,17947.43,51.0,36.99,2815.28,38006.32,Credit Card,Economy,Completed,No,,1.5,EMP0021,Uma Allen,Marketing,EMP0001,25,5,128484.0,0.49
ORD-000212,2021-09-28,2021-09-29,2021-10-04,2021,Q3,9,September,39,Tuesday,CUST-00330,Morgan Moore,Enterprise,North,India,Online,PROD-00225,Beauty,Makeup,1385.33,41,0.1,56798.53,5679.85,51118.68,24025.78,27092.9,53.0,25.03,4089.49,55208.17,PayPal,Express,Completed,No,,4.1,EMP0007,Grace Kim,Marketing,EMP0005,60,12,48616.0,0.47
ORD-000213,2021-09-29,2021-10-01,2021-10-04,2021,Q3,9,September,39,Wednesday,CUST-00016,Morgan Brown,SMB,North,USA,Wholesale,PROD-00205,Sports,Winter Sports,1305.66,3,0.0,3916.98,0.0,3916.98,2506.87,1410.11,36.0,129.57,313.36,4230.34,Cash,Same Day,Pending,No,,3.7,EMP0035,Ian Perez,Operations,EMP0005,29,21,121948.0,0.64
ORD-000214,2021-10-01,2021-10-07,2021-10-10,2021,Q4,10,October,39,Friday,CUST-00032,Casey Davis,Consumer,East,Australia,Direct Sales,PROD-00102,Beauty,Haircare,452.42,28,0.1,12667.76,1266.78,11400.98,5472.47,5928.51,52.0,77.51,912.08,12313.06,PayPal,Express,Completed,No,,1.5,EMP0018,Rachel Lewis,Sales,EMP0010,45,27,46284.0,0.48
ORD-000215,2021-10-03,2021-10-09,2021-10-13,2021,Q4,10,October,39,Sunday,CUST-00246,Dakota Johnson,Government,East,Australia,Retail Store,PROD-00106,Food & Beverage,Snacks,1425.8,10,0.0,14258.0,0.0,14258.0,8697.38,5560.62,39.0,102.86,1140.64,15398.64,PayPal,Same Day,Completed,No,,3.8,EMP0013,Mia Jackson,HR,EMP0002,49,29,86395.0,0.61
ORD-000216,2021-10-05,2021-10-07,2021-10-08,2021,Q4,10,October,40,Tuesday,CUST-00206,Alex Wilson,Government,West,UK,Direct Sales,PROD-00195,Books,Comics,478.31,35,0.0,16740.85,0.0,16740.85,8203.02,8537.83,51.0,39.66,1339.27,18080.12,Credit Card,Economy,Completed,No,,2.8,EMP0042,Patricia Edwards,IT,EMP0008,48,1,119411.0,0.49
ORD-000217,2021-10-07,2021-10-11,2021-10-14,2021,Q4,10,October,40,Thursday,CUST-00219,Avery Miller,Government,West,UK,Direct Sales,PROD-00064,Beauty,Skincare,654.17,29,0.2,18970.93,3794.19,15176.74,9561.35,5615.39,37.0,114.92,1214.14,16390.88,Cash,Same Day,Completed,No,,4.8,EMP0040,Nancy Parker,Logistics,EMP0004,22,7,54920.0,0.63
ORD-000218,2021-10-11,2021-10-16,2021-10-21,2021,Q4,10,October,41,Monday,CUST-00352,Casey Miller,Enterprise,North,France,Online,PROD-00048,Electronics,Accessories,1494.25,15,0.0,22413.75,0.0,22413.75,15465.49,6948.26,31.0,115.2,1793.1,24206.85,PayPal,Standard,Completed,No,,1.6,EMP0048,Victoria Reed,Logistics,EMP0001,55,8,67851.0,0.69
ORD-000219,2021-10-11,2021-10-12,2021-10-18,2021,Q4,10,October,41,Monday,CUST-00056,Riley Garcia,Enterprise,South,Australia,Online,PROD-00090,Electronics,Phones,1301.02,33,0.15,42933.66,6440.05,36493.61,24450.72,12042.89,33.0,50.33,2919.49,39413.1,Debit Card,Same Day,Completed,No,,3.6,EMP0002,Bob Smith,Sales,EMP0007,38,0,134448.0,0.67
ORD-000220,2021-10-13,2021-10-14,2021-10-15,2021,Q4,10,October,41,Wednesday,CUST-00252,Alex Jones,Non-Profit,Central,Japan,Retail Store,PROD-00260,Clothing,Sportswear,1699.2,7,0.0,11894.4,0.0,11894.4,7969.25,3925.15,33.0,64.55,951.55,12845.95,Bank Transfer,Standard,Completed,No,,2.5,EMP0022,Victor Young,HR,EMP0004,58,12,136789.0,0.67
ORD-000221,2021-10-15,2021-10-16,2021-10-17,2021,Q4,10,October,41,Friday,CUST-00365,Casey Brown,SMB,North,Australia,Retail Store,PROD-00297,Books,Comics,1316.94,12,0.1,15803.28,1580.33,14222.95,6684.79,7538.16,53.0,35.41,1137.84,15360.79,Cash,Economy,Completed,No,,4.8,EMP0044,Rose Stewart,Operations,EMP0005,59,14,40168.0,0.47
ORD-000222,2021-10-19,2021-10-21,2021-10-22,2021,Q4,10,October,42,Tuesday,CUST-00228,Casey Miller,Government,West,Germany,Direct Sales,PROD-00265,Electronics,Accessories,1138.78,49,0.1,55800.22,5580.02,50220.2,21594.69,28625.51,57.0,146.6,4017.62,54237.82,PayPal,Standard,Returned,Yes,,2.3,EMP0021,Uma Allen,Marketing,EMP0001,47,31,54330.0,0.43
ORD-000223,2021-10-20,2021-10-27,2021-10-30,2021,Q4,10,October,42,Wednesday,CUST-00038,Casey Moore,SMB,North,USA,Direct Sales,PROD-00063,Clothing,Sportswear,191.88,30,0.05,5756.4,287.82,5468.58,3499.89,1968.69,36.0,98.61,437.49,5906.07,PayPal,Express,Completed,No,,4.8,EMP0046,Tara Morris,Marketing,EMP0004,45,33,48509.0,0.64
ORD-000224,2021-10-21,2021-10-25,2021-10-26,2021,Q4,10,October,42,Thursday,CUST-00042,Avery Moore,Government,East,Australia,Direct Sales,PROD-00084,Food & Beverage,Beverages,738.59,21,0.0,15510.39,0.0,15510.39,8220.51,7289.88,47.0,140.51,1240.83,16751.22,Credit Card,Same Day,Completed,No,,4.6,EMP0011,Karen Anderson,IT,EMP0002,60,30,55665.0,0.53
ORD-000225,2021-10-23,2021-10-26,2021-10-30,2021,Q4,10,October,42,Saturday,CUST-00165,Jamie Johnson,Consumer,Central,UK,Online,PROD-00108,Books,Education,534.08,31,0.0,16556.48,0.0,16556.48,9106.06,7450.42,45.0,48.99,1324.52,17881.0,Credit Card,Standard,Completed,No,,2.1,EMP0038,Laura Phillips,Sales,EMP0003,42,13,146572.0,0.55
ORD-000226,2021-10-24,2021-10-30,2021-10-31,2021,Q4,10,October,42,Sunday,CUST-00312,Morgan Miller,SMB,North,Canada,Direct Sales,PROD-00062,Books,Non-Fiction,491.76,24,0.0,11802.24,0.0,11802.24,4838.92,6963.32,59.0,118.37,944.18,12746.42,PayPal,Standard,Completed,No,,4.2,EMP0047,Umar Rogers,Marketing,EMP0006,51,13,98440.0,0.41
ORD-000227,2021-10-26,2021-10-28,2021-11-02,2021,Q4,10,October,43,Tuesday,CUST-00076,Casey Davis,SMB,East,Japan,Partner,PROD-00251,Electronics,Phones,1946.16,20,0.0,38923.2,0.0,38923.2,19072.37,19850.83,51.0,116.05,3113.86,42037.06,Debit Card,Economy,Completed,No,,5.0,EMP0024,Xander King,Sales,EMP0002,34,28,88833.0,0.49
ORD-000228,2021-10-29,2021-11-05,2021-11-07,2021,Q4,10,October,43,Friday,CUST-00034,Jamie Johnson,Enterprise,Central,Japan,Retail Store,PROD-00184,Automotive,Tools,789.23,37,0.1,29201.51,2920.15,26281.36,10775.36,15506.0,59.0,105.29,2102.51,28383.87,PayPal,Same Day,Completed,No,,2.0,EMP0034,Hannah Mitchell,HR,EMP0004,58,18,148214.0,0.41
ORD-000229,2021-10-30,2021-11-02,2021-11-07,2021,Q4,10,October,43,Saturday,CUST-00065,Casey Brown,Non-Profit,Central,Canada,Retail Store,PROD-00163,Furniture,Office,1784.63,4,0.2,7138.52,1427.7,5710.82,4054.68,1656.14,29.0,145.02,456.87,6167.69,Debit Card,Standard,Pending,No,,2.7,EMP0001,Alice Johnson,IT,EMP0002,24,26,99050.0,0.71
ORD-000230,2021-10-31,2021-11-06,2021-11-09,2021,Q4,10,October,43,Sunday,CUST-00141,Taylor Moore,Enterprise,South,Canada,Wholesale,PROD-00213,Food & Beverage,Dairy,1264.12,28,0.2,35395.36,7079.07,28316.29,13874.98,14441.31,51.0,62.07,2265.3,30581.59,PayPal,Economy,Completed,No,,3.1,EMP0043,Quincy Collins,Finance,EMP0007,53,8,111029.0,0.49
ORD-000231,2021-11-01,2021-11-07,2021-11-08,2021,Q4,11,November,44,Monday,CUST-00320,Alex Johnson,SMB,East,USA,Partner,PROD-00098,Sports,Team Sports,1590.65,44,0.15,69988.6,10498.29,59490.31,35694.19,23796.12,40.0,23.95,4759.22,64249.53,Credit Card,Same Day,Returned,Yes,Wrong Item,2.2,EMP0026,Zoe Lopez,Marketing,EMP0002,56,27,73269.0,0.6
ORD-000232,2021-11-02,2021-11-06,2021-11-07,2021,Q4,11,November,44,Tuesday,CUST-00325,Jamie Smith,Consumer,Central,USA,Direct Sales,PROD-00108,Food & Beverage,Snacks,1007.76,20,0.15,20155.2,3023.28,17131.92,7024.09,10107.83,59.0,102.4,1370.55,18502.47,Cash,Standard,Processing,No,,1.1,EMP0027,Aaron Hill,IT,EMP0007,40,23,78943.0,0.41
ORD-000233,2021-11-02,2021-11-07,2021-11-11,2021,Q4,11,November,44,Tuesday,CUST-00300,Jordan Davis,Enterprise,South,France,Online,PROD-00047,Sports,Winter Sports,1155.92,24,0.1,27742.08,2774.21,24967.87,15729.76,9238.11,37.0,110.75,1997.43,26965.3,Cash,Standard,Completed,No,,1.9,EMP0043,Quincy Collins,Finance,EMP0007,35,27,103357.0,0.63
ORD-000234,2021-11-02,2021-11-03,2021-11-09,2021,Q4,11,November,44,Tuesday,CUST-00281,Casey Wilson,Non-Profit,South,Germany,Wholesale,PROD-00260,Clothing,Formal,987.57,50,0.0,49378.5,0.0,49378.5,25183.04,24195.46,49.0,88.38,3950.28,53328.78,Credit Card,Same Day,Completed,No,,2.1,EMP0043,Quincy Collins,Finance,EMP0007,43,17,43025.0,0.51
ORD-000235,2021-11-05,2021-11-08,2021-11-09,2021,Q4,11,November,44,Friday,CUST-00365,Casey Brown,Government,North,Australia,Online,PROD-00185,Beauty,Fragrance,394.51,49,0.2,19330.99,3866.2,15464.79,10980.0,4484.79,29.0,34.99,1237.18,16701.97,Bank Transfer,Express,Completed,No,,2.8,EMP0004,David Brown,IT,EMP0006,38,24,64427.0,0.71
ORD-000236,2021-11-07,2021-11-09,2021-11-14,2021,Q4,11,November,44,Sunday,CUST-00167,Jordan Davis,SMB,West,India,Online,PROD-00245,Sports,Winter Sports,1446.29,32,0.1,46281.28,4628.13,41653.15,29573.74,12079.41,29.0,78.15,3332.25,44985.4,PayPal,Same Day,Processing,No,,1.7,EMP0005,Eva Martinez,Operations,EMP0006,25,34,57633.0,0.71
ORD-000237,2021-11-08,2021-11-11,2021-11-14,2021,Q4,11,November,45,Monday,CUST-00196,Avery Brown,Enterprise,West,Germany,Direct Sales,PROD-00131,Clothing,Men,565.14,41,0.1,23170.74,2317.07,20853.67,10635.37,10218.3,49.0,50.27,1668.29,22521.96,Cash,Same Day,Pending,No,,4.5,EMP0013,Mia Jackson,HR,EMP0002,61,3,36828.0,0.51
ORD-000238,2021-11-09,2021-11-14,2021-11-16,2021,Q4,11,November,45,Tuesday,CUST-00306,Casey Smith,Enterprise,Central,France,Direct Sales,PROD-00261,Beauty,Skincare,53.51,36,0.0,1926.36,0.0,1926.36,1386.98,539.38,28.0,66.98,154.11,2080.47,Cash,Express,Completed,No,,3.8,EMP0049,William Cook,Operations,EMP0004,40,13,96744.0,0.72
ORD-000239,2021-11-09,2021-11-10,2021-11-11,2021,Q4,11,November,45,Tuesday,CUST-00272,Alex Brown,Consumer,Central,Japan,Direct Sales,PROD-00058,Food & Beverage,Dairy,1292.72,34,0.05,43952.48,2197.62,41754.86,31316.14,10438.72,25.0,98.56,3340.39,45095.25,Debit Card,Standard,Returned,Yes,,1.3,EMP0033,George Carter,Finance,EMP0006,58,25,99521.0,0.75
ORD-000240,2021-11-10,2021-11-13,2021-11-15,2021,Q4,11,November,45,Wednesday,CUST-00151,Dakota Johnson,SMB,Central,USA,Partner,PROD-00234,Electronics,Cameras,358.34,36,0.05,12900.24,645.01,12255.23,8456.11,3799.12,31.0,113.06,980.42,13235.65,Bank Transfer,Same Day,Completed,No,,3.6,EMP0010,Jack Taylor,Sales,EMP0009,23,7,79153.0,0.69
ORD-000241,2021-11-10,2021-11-15,2021-11-16,2021,Q4,11,November,45,Wednesday,CUST-00233,Dakota Brown,Government,North,UK,Partner,PROD-00009,Automotive,Accessories,1881.21,2,0.2,3762.42,752.48,3009.94,2106.96,902.98,30.0,38.67,240.8,3250.74,Debit Card,Express,Processing,No,,3.6,EMP0047,Umar Rogers,Marketing,EMP0006,36,23,65904.0,0.7
ORD-000242,2021-11-10,2021-11-12,2021-11-15,2021,Q4,11,November,45,Wednesday,CUST-00259,Dakota Wilson,Consumer,South,USA,Partner,PROD-00004,Sports,Winter Sports,1908.09,15,0.05,28621.35,1431.07,27190.28,13323.24,13867.04,51.0,63.77,2175.22,29365.5,PayPal,Express,Processing,No,,4.8,EMP0018,Rachel Lewis,Sales,EMP0010,23,15,109987.0,0.49
ORD-000243,2021-11-12,2021-11-16,2021-11-22,2021,Q4,11,November,45,Friday,CUST-00310,Jamie Smith,SMB,West,Canada,Wholesale,PROD-00195,Furniture,Kitchen,1830.15,34,0.0,62225.1,0.0,62225.1,37335.06,24890.04,40.0,44.03,4978.01,67203.11,PayPal,Economy,Completed,No,,1.0,EMP0006,Frank Lee,Marketing,EMP0010,32,19,50486.0,0.6
ORD-000244,2021-11-13,2021-11-20,2021-11-25,2021,Q4,11,November,45,Saturday,CUST-00221,Avery Williams,SMB,East,Canada,Online,PROD-00216,Automotive,Accessories,743.47,36,0.25,26764.92,6691.23,20073.69,8430.95,11642.74,58.0,33.8,1605.9,21679.59,Debit Card,Standard,Completed,No,,2.0,EMP0012,Leo Thomas,IT,EMP0007,44,14,94641.0,0.42
ORD-000245,2021-11-13,2021-11-19,2021-11-22,2021,Q4,11,November,45,Saturday,CUST-00051,Quinn Davis,Enterprise,West,USA,Direct Sales,PROD-00205,Clothing,Men,35.84,6,0.0,215.04,0.0,215.04,92.47,122.57,57.0,118.59,17.2,232.24,Cash,Same Day,Completed,No,,4.7,EMP0029,Chris Green,IT,EMP0008,31,6,123329.0,0.43
ORD-000246,2021-11-14,2021-11-16,2021-11-18,2021,Q4,11,November,45,Sunday,CUST-00360,Morgan Johnson,Non-Profit,South,Japan,Direct Sales,PROD-00052,Clothing,Kids,1857.0,39,0.05,72423.0,3621.15,68801.85,51601.39,17200.46,25.0,136.84,5504.15,74306.0,Bank Transfer,Express,Completed,No,,4.7,EMP0003,Carol White,Sales,EMP0002,24,16,53894.0,0.75
ORD-000247,2021-11-15,2021-11-16,2021-11-17,2021,Q4,11,November,46,Monday,CUST-00059,Avery Garcia,SMB,South,UK,Direct Sales,PROD-00182,Electronics,Cameras,859.23,42,0.0,36087.66,0.0,36087.66,18404.71,17682.95,49.0,58.68,2887.01,38974.67,Debit Card,Standard,Returned,Yes,Changed Mind,3.9,EMP0018,Rachel Lewis,Sales,EMP0010,26,21,121625.0,0.51
ORD-000248,2021-11-17,2021-11-23,2021-11-25,2021,Q4,11,November,46,Wednesday,CUST-00336,Morgan Miller,Government,East,UK,Partner,PROD-00185,Furniture,Living Room,1933.48,12,0.1,23201.76,2320.18,20881.58,13781.84,7099.74,34.0,113.94,1670.53,22552.11,Bank Transfer,Economy,Completed,No,,4.1,EMP0039,Mike Campbell,Logistics,EMP0009,24,21,122491.0,0.66
ORD-000249,2021-11-18,2021-11-25,2021-11-30,2021,Q4,11,November,46,Thursday,CUST-00334,Jordan Jones,Enterprise,North,Australia,Partner,PROD-00159,Books,Children,1927.42,3,0.2,5782.26,1156.45,4625.81,3145.55,1480.26,32.0,135.06,370.06,4995.87,Debit Card,Same Day,Completed,No,,1.4,EMP0013,Mia Jackson,HR,EMP0002,59,11,41892.0,0.68
ORD-000250,2021-11-19,2021-11-21,2021-11-24,2021,Q4,11,November,46,Friday,CUST-00394,Morgan Miller,Non-Profit,West,Japan,Partner,PROD-00034,Clothing,Kids,1706.75,45,0.0,76803.75,0.0,76803.75,53762.62,23041.13,30.0,127.69,6144.3,82948.05,Bank Transfer,Express,Completed,No,,3.1,EMP0045,Steve Sanchez,Operations,EMP0009,34,17,37160.0,0.7
ORD-000251,2021-11-20,2021-11-22,2021-11-24,2021,Q4,11,November,46,Saturday,CUST-00283,Avery Miller,Enterprise,Central,France,Direct Sales,PROD-00223,Food & Beverage,Frozen,592.43,18,0.2,10663.74,2132.75,8530.99,6398.24,2132.75,25.0,31.51,682.48,9213.47,PayPal,Economy,Processing,No,,1.9,EMP0033,George Carter,Finance,EMP0006,40,14,147003.0,0.75
ORD-000252,2021-11-20,2021-11-22,2021-11-24,2021,Q4,11,November,46,Saturday,CUST-00370,Alex Miller,Government,North,India,Retail Store,PROD-00154,Furniture,Office,773.27,40,0.0,30930.8,0.0,30930.8,14846.78,16084.02,52.0,143.66,2474.46,33405.26,Debit Card,Economy,Completed,No,,1.7,EMP0027,Aaron Hill,IT,EMP0007,61,15,57239.0,0.48
ORD-000253,2021-11-20,2021-11-22,2021-11-27,2021,Q4,11,November,46,Saturday,CUST-00111,Casey Williams,Consumer,Central,Australia,Online,PROD-00118,Books,Fiction,1703.02,21,0.2,35763.42,7152.68,28610.74,11730.4,16880.34,59.0,59.62,2288.86,30899.6,Bank Transfer,Economy,Completed,No,,4.2,EMP0012,Leo Thomas,IT,EMP0007,56,4,129546.0,0.41
ORD-000254,2021-11-21,2021-11-27,2021-11-28,2021,Q4,11,November,46,Sunday,CUST-00221,Avery Williams,Government,West,France,Partner,PROD-00044,Electronics,Accessories,637.26,15,0.15,9558.9,1433.83,8125.07,4387.54,3737.53,46.0,54.19,650.01,8775.08,Credit Card,Standard,Completed,No,,1.5,EMP0041,Oscar Evans,Marketing,EMP0003,45,1,99613.0,0.54
ORD-000255,2021-11-22,2021-11-23,2021-11-25,2021,Q4,11,November,47,Monday,CUST-00232,Avery Brown,Enterprise,East,Australia,Online,PROD-00200,Electronics,Tablets,343.14,33,0.15,11323.62,1698.54,9625.08,4331.29,5293.79,55.0,14.05,770.01,10395.09,Bank Transfer,Same Day,Processing,No,,2.9,EMP0048,Victoria Reed,Logistics,EMP0001,45,27,65414.0,0.45
ORD-000256,2021-11-23,2021-11-30,2021-12-05,2021,Q4,11,November,47,Tuesday,CUST-00117,Jamie Johnson,Non-Profit,North,UK,Direct Sales,PROD-00242,Beauty,Personal Care,1115.82,35,0.0,39053.7,0.0,39053.7,16012.02,23041.68,59.0,75.5,3124.3,42178.0,Debit Card,Same Day,Returned,Yes,Not as Described,4.8,EMP0001,Alice Johnson,IT,EMP0002,38,26,49947.0,0.41
ORD-000257,2021-11-24,2021-11-29,2021-11-30,2021,Q4,11,November,47,Wednesday,CUST-00212,Riley Miller,Enterprise,West,France,Partner,PROD-00009,Clothing,Formal,1872.63,26,0.25,48688.38,12172.1,36516.28,19353.63,17162.65,47.0,20.81,2921.3,39437.58,Bank Transfer,Same Day,Completed,No,,1.7,EMP0020,Tina Hall,Marketing,EMP0002,61,30,92118.0,0.53
ORD-000258,2021-11-26,2021-11-29,2021-12-05,2021,Q4,11,November,47,Friday,CUST-00174,Avery Williams,Enterprise,Central,Australia,Wholesale,PROD-00141,Automotive,Electronics,1393.58,8,0.1,11148.64,1114.86,10033.78,6722.63,3311.15,33.0,41.04,802.7,10836.48,Debit Card,Express,Completed,No,,4.9,EMP0018,Rachel Lewis,Sales,EMP0010,31,0,81846.0,0.67
ORD-000259,2021-11-27,2021-12-01,2021-12-02,2021,Q4,11,November,47,Saturday,CUST-00233,Dakota Brown,Government,West,UK,Partner,PROD-00166,Food & Beverage,Bakery,1142.27,36,0.0,41121.72,0.0,41121.72,24673.03,16448.69,40.0,50.96,3289.74,44411.46,Debit Card,Economy,Completed,No,,5.0,EMP0036,Julia Roberts,Logistics,EMP0002,23,28,115372.0,0.6
ORD-000260,2021-11-27,2021-12-04,2021-12-10,2021,Q4,11,November,47,Saturday,CUST-00205,Casey Jones,SMB,South,Australia,Online,PROD-00024,Books,Fiction,198.87,48,0.15,9545.76,1431.86,8113.9,4138.09,3975.81,49.0,122.28,649.11,8763.01,Debit Card,Same Day,Completed,No,,3.2,EMP0023,Wendy Hernandez,HR,EMP0005,44,0,138979.0,0.51
ORD-000261,2021-11-29,2021-12-02,2021-12-05,2021,Q4,11,November,48,Monday,CUST-00213,Morgan Jones,SMB,South,India,Wholesale,PROD-00073,Clothing,Kids,1231.94,30,0.0,36958.2,0.0,36958.2,23283.67,13674.53,37.0,131.95,2956.66,39914.86,Cash,Express,Completed,No,,1.7,EMP0008,Henry Davis,Marketing,EMP0001,27,7,127604.0,0.63
ORD-000262,2021-12-02,2021-12-05,2021-12-10,2021,Q4,12,December,48,Thursday,CUST-00374,Riley Moore,Consumer,West,Australia,Direct Sales,PROD-00128,Furniture,Bedroom,1980.16,23,0.2,45543.68,9108.74,36434.94,17488.77,18946.17,52.0,48.86,2914.8,39349.74,Bank Transfer,Express,Pending,No,,2.3,EMP0022,Victor Young,HR,EMP0004,23,15,66562.0,0.48
ORD-000263,2021-12-04,2021-12-08,2021-12-09,2021,Q4,12,December,48,Saturday,CUST-00049,Riley Brown,SMB,Central,India,Direct Sales,PROD-00091,Automotive,Tools,284.47,42,0.0,11947.74,0.0,11947.74,4898.57,7049.17,59.0,129.51,955.82,12903.56,Debit Card,Same Day,Completed,No,,2.7,EMP0030,Diana Adams,HR,EMP0006,42,27,136077.0,0.41
ORD-000264,2021-12-05,2021-12-12,2021-12-18,2021,Q4,12,December,48,Sunday,CUST-00161,Riley Jones,SMB,South,Australia,Online,PROD-00290,Clothing,Formal,1039.07,44,0.1,45719.08,4571.91,41147.17,27568.6,13578.57,33.0,129.3,3291.77,44438.94,PayPal,Express,Cancelled,No,,2.2,EMP0037,Kevin Turner,Logistics,EMP0010,56,21,130840.0,0.67
ORD-000265,2021-12-05,2021-12-11,2021-12-17,2021,Q4,12,December,48,Sunday,CUST-00219,Avery Miller,Enterprise,West,UK,Direct Sales,PROD-00005,Clothing,Men,1755.36,14,0.05,24575.04,1228.75,23346.29,14474.7,8871.59,38.0,115.87,1867.7,25213.99,Credit Card,Economy,Completed,No,,2.1,EMP0045,Steve Sanchez,Operations,EMP0009,50,17,141851.0,0.62
ORD-000266,2021-12-06,2021-12-07,2021-12-10,2021,Q4,12,December,49,Monday,CUST-00161,Riley Jones,Enterprise,West,Japan,Partner,PROD-00066,Clothing,Men,1482.83,14,0.0,20759.62,0.0,20759.62,13908.95,6850.67,33.0,26.27,1660.77,22420.39,PayPal,Express,Completed,No,,4.9,EMP0006,Frank Lee,Marketing,EMP0010,28,21,87746.0,0.67
ORD-000267,2021-12-07,2021-12-11,2021-12-15,2021,Q4,12,December,49,Tuesday,CUST-00341,Casey Johnson,Government,Central,Japan,Wholesale,PROD-00266,Beauty,Haircare,1395.55,2,0.0,2791.1,0.0,2791.1,1144.35,1646.75,59.0,,223.29,3014.39,Debit Card,Same Day,Completed,No,,1.6,EMP0037,Kevin Turner,Logistics,EMP0010,50,11,123386.0,0.41
ORD-000268,2021-12-07,2021-12-08,2021-12-13,2021,Q4,12,December,49,Tuesday,CUST-00131,Riley Wilson,Enterprise,South,USA,Direct Sales,PROD-00080,Beauty,Personal Care,1406.46,37,0.0,52039.02,0.0,52039.02,35906.92,16132.1,31.0,142.03,4163.12,56202.14,Debit Card,Same Day,Completed,No,,3.9,EMP0030,Diana Adams,HR,EMP0006,58,18,103041.0,0.69
ORD-000269,2021-12-10,2021-12-16,2021-12-20,2021,Q4,12,December,49,Friday,CUST-00192,Dakota Moore,Enterprise,Central,India,Direct Sales,PROD-00072,Sports,Winter Sports,722.18,5,0.05,3610.9,180.54,3430.36,2126.82,1303.54,38.0,103.97,274.43,3704.79,Bank Transfer,Standard,Completed,No,,1.0,EMP0006,Frank Lee,Marketing,EMP0010,44,24,70708.0,0.62
ORD-000270,2021-12-14,2021-12-17,2021-12-18,2021,Q4,12,December,50,Tuesday,CUST-00079,Avery Jones,Consumer,Central,Canada,Online,PROD-00241,Food & Beverage,Beverages,590.72,38,0.0,22447.36,0.0,22447.36,13468.42,8978.94,40.0,53.08,1795.79,24243.15,Cash,Same Day,Completed,No,,3.4,EMP0008,Henry Davis,Marketing,EMP0001,54,4,149360.0,0.6
ORD-000271,2021-12-15,2021-12-16,2021-12-21,2021,Q4,12,December,50,Wednesday,CUST-00352,Casey Miller,SMB,Central,Australia,Retail Store,PROD-00020,Automotive,Parts,1619.68,45,0.1,72885.6,7288.56,65597.04,40670.16,24926.88,38.0,77.58,5247.76,70844.8,Debit Card,Economy,Completed,No,,4.7,EMP0006,Frank Lee,Marketing,EMP0010,29,33,39405.0,0.62
ORD-000272,2021-12-22,2021-12-28,2021-12-31,2021,Q4,12,December,51,Wednesday,CUST-00243,Jamie Jones,Enterprise,South,Japan,Wholesale,PROD-00032,Food & Beverage,Snacks,1621.18,41,0.0,66468.38,0.0,66468.38,46527.87,19940.51,30.0,98.63,5317.47,71785.85,Credit Card,Express,Completed,No,,2.2,EMP0012,Leo Thomas,IT,EMP0007,33,9,53661.0,0.7
ORD-000273,2021-12-23,2021-12-29,2021-12-30,2021,Q4,12,December,51,Thursday,CUST-00035,Riley Moore,SMB,South,Canada,Retail Store,PROD-00108,Food & Beverage,Snacks,1734.81,47,0.0,81536.07,0.0,81536.07,49737.0,31799.07,39.0,79.03,6522.89,88058.96,Debit Card,Economy,Completed,No,,1.7,EMP0047,Umar Rogers,Marketing,EMP0006,31,6,137642.0,0.61
ORD-000274,2021-12-25,2021-12-30,2022-01-04,2021,Q4,12,December,51,Saturday,CUST-00047,Dakota Garcia,Enterprise,North,India,Direct Sales,PROD-00151,Clothing,Sportswear,1826.91,14,0.1,25576.74,2557.67,23019.07,13811.44,9207.63,40.0,,1841.53,24860.6,Credit Card,Economy,Processing,No,,3.6,EMP0006,Frank Lee,Marketing,EMP0010,36,14,41965.0,0.6
ORD-000275,2021-12-25,2021-12-29,2022-01-03,2021,Q4,12,December,51,Saturday,CUST-00044,Taylor Smith,SMB,East,France,Wholesale,PROD-00191,Electronics,Laptops,1025.13,39,0.0,39980.07,0.0,39980.07,29985.05,9995.02,25.0,50.25,3198.41,43178.48,Bank Transfer,Standard,Completed,No,,3.9,EMP0012,Leo Thomas,IT,EMP0007,45,23,136984.0,0.75
ORD-000276,2021-12-27,2022-01-01,2022-01-05,2021,Q4,12,December,52,Monday,CUST-00048,Riley Williams,SMB,West,Canada,Direct Sales,PROD-00213,Food & Beverage,Snacks,1005.53,25,0.2,25138.25,5027.65,20110.6,13273.0,6837.6,34.0,121.35,1608.85,21719.45,Debit Card,Express,Returned,Yes,,3.8,EMP0021,Uma Allen,Marketing,EMP0001,47,25,117250.0,0.66
ORD-000277,2021-12-27,2021-12-30,2021-12-31,2021,Q4,12,December,52,Monday,CUST-00222,Riley Brown,Enterprise,East,Japan,Retail Store,PROD-00081,Books,Comics,1597.6,20,0.2,31952.0,6390.4,25561.6,14058.88,11502.72,45.0,129.91,2044.93,27606.53,Bank Transfer,Economy,Completed,No,,2.3,EMP0038,Laura Phillips,Sales,EMP0003,60,25,39219.0,0.55
ORD-000278,2021-12-29,2022-01-02,2022-01-05,2021,Q4,12,December,52,Wednesday,CUST-00050,Riley Wilson,Government,Central,Australia,Partner,PROD-00215,Beauty,Fragrance,1301.68,2,0.1,2603.36,260.34,2343.02,1522.96,820.06,35.0,24.91,187.44,2530.46,Bank Transfer,Same Day,Returned,Yes,Defective,2.0,EMP0041,Oscar Evans,Marketing,EMP0003,24,25,84372.0,0.65
ORD-000279,2022-01-01,2022-01-04,2022-01-07,2022,Q1,1,January,52,Saturday,CUST-00382,Jamie Miller,Non-Profit,North,France,Retail Store,PROD-00089,Furniture,Living Room,1405.42,39,0.1,54811.38,5481.14,49330.24,26638.33,22691.91,46.0,143.1,3946.42,53276.66,Credit Card,Same Day,Completed,No,,4.8,EMP0002,Bob Smith,Sales,EMP0007,23,9,121764.0,0.54
ORD-000280,2022-01-01,2022-01-06,2022-01-07,2022,Q1,1,January,52,Saturday,CUST-00379,Riley Garcia,Enterprise,North,Germany,Partner,PROD-00090,Food & Beverage,Snacks,1592.61,6,0.2,9555.66,1911.13,7644.53,3669.37,3975.16,52.0,52.68,611.56,8256.09,Cash,Economy,Pending,No,,4.7,EMP0050,Xena Morgan,Sales,EMP0001,27,16,102057.0,0.48
ORD-000281,2022-01-03,2022-01-10,2022-01-11,2022,Q1,1,January,1,Monday,CUST-00191,Quinn Smith,Consumer,West,Australia,Wholesale,PROD-00266,Automotive,Parts,1780.56,17,0.0,30269.52,0.0,30269.52,18464.41,11805.11,39.0,101.04,2421.56,32691.08,Debit Card,Same Day,Completed,No,,2.8,EMP0011,Karen Anderson,IT,EMP0002,42,13,142625.0,0.61
ORD-000282,2022-01-03,2022-01-09,2022-01-15,2022,Q1,1,January,1,Monday,CUST-00067,Dakota Garcia,Consumer,West,France,Partner,PROD-00078,Books,Children,679.3,25,0.0,16982.5,0.0,16982.5,12227.4,4755.1,28.0,114.01,1358.6,18341.1,Credit Card,Economy,Completed,No,,4.4,EMP0001,Alice Johnson,IT,EMP0002,30,1,134779.0,0.72
ORD-000283,2022-01-04,2022-01-07,2022-01-09,2022,Q1,1,January,1,Tuesday,CUST-00285,Jordan Wilson,Non-Profit,East,Canada,Direct Sales,PROD-00093,Furniture,Office,754.29,28,0.0,21120.12,0.0,21120.12,15417.69,5702.43,27.0,122.73,1689.61,22809.73,Cash,Economy,Completed,No,,2.8,EMP0014,Nathan Harris,Sales,EMP0009,31,12,73254.0,0.73
ORD-000284,2022-01-07,2022-01-11,2022-01-15,2022,Q1,1,January,1,Friday,CUST-00031,Dakota Moore,SMB,East,USA,Retail Store,PROD-00187,Clothing,Men,192.49,2,0.15,384.98,57.75,327.23,170.16,157.07,48.0,142.13,26.18,353.41,Credit Card,Economy,Completed,No,,2.7,EMP0041,Oscar Evans,Marketing,EMP0003,57,26,44732.0,0.52
ORD-000285,2022-01-08,2022-01-12,2022-01-13,2022,Q1,1,January,1,Saturday,CUST-00301,Riley Garcia,Non-Profit,South,USA,Wholesale,PROD-00057,Clothing,Men,1158.67,35,0.0,40553.45,0.0,40553.45,23521.0,17032.45,42.0,50.37,3244.28,43797.73,Bank Transfer,Economy,Completed,No,,1.6,EMP0024,Xander King,Sales,EMP0002,24,8,143590.0,0.58
ORD-000286,2022-01-08,2022-01-11,2022-01-12,2022,Q1,1,January,1,Saturday,CUST-00288,Avery Jones,SMB,East,Germany,Direct Sales,PROD-00084,Food & Beverage,Beverages,76.7,37,0.1,2837.9,283.79,2554.11,1200.43,1353.68,53.0,129.48,204.33,2758.44,Bank Transfer,Economy,Completed,No,,2.7,EMP0030,Diana Adams,HR,EMP0006,45,6,94488.0,0.47
ORD-000287,2022-01-11,2022-01-15,2022-01-17,2022,Q1,1,January,2,Tuesday,CUST-00288,Avery Jones,Non-Profit,East,Canada,Direct Sales,PROD-00016,Clothing,Men,933.87,5,0.25,4669.35,1167.34,3502.01,2626.51,875.5,25.0,24.09,280.16,3782.17,Credit Card,Standard,Completed,No,,3.1,EMP0006,Frank Lee,Marketing,EMP0010,43,9,43556.0,0.75
ORD-000288,2022-01-13,2022-01-19,2022-01-21,2022,Q1,1,January,2,Thursday,CUST-00169,Riley Williams,Government,Central,UK,Wholesale,PROD-00255,Automotive,Accessories,1087.58,1,0.2,1087.58,217.52,870.06,643.84,226.22,26.0,107.23,69.6,939.66,Credit Card,Standard,Cancelled,No,,1.1,EMP0047,Umar Rogers,Marketing,EMP0006,35,8,128906.0,0.74
ORD-000289,2022-01-15,2022-01-22,2022-01-27,2022,Q1,1,January,2,Saturday,CUST-00344,Dakota Wilson,Government,North,Japan,Direct Sales,PROD-00105,Beauty,Makeup,576.65,40,0.05,23066.0,1153.3,21912.7,13805.0,8107.7,37.0,112.59,1753.02,23665.72,Credit Card,Economy,Completed,No,,2.8,EMP0016,Paul Garcia,Finance,EMP0010,48,21,134878.0,0.63
ORD-000290,2022-01-16,2022-01-22,2022-01-25,2022,Q1,1,January,2,Sunday,CUST-00063,Avery Jones,Enterprise,East,Japan,Retail Store,PROD-00157,Automotive,Care Products,1183.71,12,0.0,14204.52,0.0,14204.52,9659.07,4545.45,32.0,103.27,1136.36,15340.88,Credit Card,Standard,Completed,No,,4.1,EMP0020,Tina Hall,Marketing,EMP0002,54,22,108534.0,0.68
ORD-000291,2022-01-20,2022-01-24,2022-01-28,2022,Q1,1,January,3,Thursday,CUST-00211,Avery Garcia,SMB,South,India,Partner,PROD-00207,Beauty,Skincare,65.85,36,0.15,2370.6,355.59,2015.01,1309.76,705.25,35.0,41.59,161.2,2176.21,Debit Card,Express,Completed,No,,3.7,EMP0044,Rose Stewart,Operations,EMP0005,43,6,86464.0,0.65
ORD-000292,2022-01-22,2022-01-25,2022-01-30,2022,Q1,1,January,3,Saturday,CUST-00182,Avery Miller,SMB,East,Canada,Retail Store,PROD-00192,Food & Beverage,Frozen,79.51,45,0.1,3577.95,357.8,3220.15,1964.29,1255.86,39.0,131.59,257.61,3477.76,Debit Card,Same Day,Completed,No,,3.5,EMP0042,Patricia Edwards,IT,EMP0008,50,8,111150.0,0.61
ORD-000293,2022-01-24,2022-01-29,2022-01-30,2022,Q1,1,January,4,Monday,CUST-00341,Casey Johnson,Enterprise,Central,France,Wholesale,PROD-00136,Furniture,Bedroom,1646.09,23,0.0,37860.07,0.0,37860.07,15901.23,21958.84,58.0,29.48,3028.81,40888.88,Credit Card,Express,Completed,No,,4.6,EMP0013,Mia Jackson,HR,EMP0002,40,26,116269.0,0.42
ORD-000294,2022-01-25,2022-01-29,2022-01-31,2022,Q1,1,January,4,Tuesday,CUST-00385,Quinn Brown,Consumer,West,Australia,Online,PROD-00165,Sports,Team Sports,723.58,47,0.0,34008.26,0.0,34008.26,19044.63,14963.63,44.0,12.78,2720.66,36728.92,PayPal,Same Day,Completed,No,,1.1,EMP0048,Victoria Reed,Logistics,EMP0001,40,23,137698.0,0.56
ORD-000295,2022-01-25,2022-01-29,2022-02-04,2022,Q1,1,January,4,Tuesday,CUST-00217,Casey Williams,Consumer,Central,Germany,Direct Sales,PROD-00015,Clothing,Sportswear,258.49,31,0.2,8013.19,1602.64,6410.55,4102.75,2307.8,36.0,109.03,512.84,6923.39,Debit Card,Express,Processing,No,,3.2,EMP0049,William Cook,Operations,EMP0004,27,28,144924.0,0.64
ORD-000296,2022-01-25,2022-01-29,2022-02-01,2022,Q1,1,January,4,Tuesday,CUST-00370,Alex Miller,SMB,South,Canada,Retail Store,PROD-00014,Furniture,Outdoor,1046.88,11,0.1,11515.68,1151.57,10364.11,6633.03,3731.08,36.0,73.94,829.13,11193.24,Cash,Same Day,Cancelled,No,,4.1,EMP0048,Victoria Reed,Logistics,EMP0001,40,16,94147.0,0.64
ORD-000297,2022-01-26,2022-01-30,2022-02-04,2022,Q1,1,January,4,Wednesday,CUST-00027,Riley Moore,Enterprise,West,Canada,Retail Store,PROD-00170,Sports,Water Sports,1541.14,10,0.15,15411.4,2311.71,13099.69,6942.84,6156.85,47.0,128.12,1047.98,14147.67,Credit Card,Standard,Cancelled,No,,3.2,EMP0009,Iris Wilson,IT,EMP0008,34,19,126827.0,0.53
ORD-000298,2022-01-27,2022-01-30,2022-02-05,2022,Q1,1,January,4,Thursday,CUST-00148,Quinn Wilson,Government,North,Australia,Retail Store,PROD-00015,Electronics,Cameras,435.56,3,0.2,1306.68,261.34,1045.34,763.1,282.24,27.0,60.59,83.63,1128.97,Credit Card,Economy,Completed,No,,2.3,EMP0020,Tina Hall,Marketing,EMP0002,47,6,145919.0,0.73
ORD-000299,2022-01-28,2022-02-02,2022-02-05,2022,Q1,1,January,4,Friday,CUST-00308,Avery Moore,Consumer,South,UK,Retail Store,PROD-00241,Sports,Water Sports,1247.67,14,0.1,17467.38,1746.74,15720.64,7231.49,8489.15,54.0,29.4,1257.65,16978.29,Credit Card,Express,Returned,Yes,,1.5,EMP0004,David Brown,IT,EMP0006,43,6,52393.0,0.46
ORD-000300,2022-01-28,2022-02-02,2022-02-08,2022,Q1,1,January,4,Friday,CUST-00160,Casey Smith,Enterprise,South,India,Partner,PROD-00018,Furniture,Office,175.27,16,0.05,2804.32,140.22,2664.1,1545.18,1118.92,42.0,126.28,213.13,2877.23,Cash,Economy,Completed,No,,4.6,EMP0025,Yara Wright,HR,EMP0004,42,27,37101.0,0.58
ORD-000301,2022-01-28,2022-01-29,2022-01-31,2022,Q1,1,January,4,Friday,CUST-00181,Avery Miller,Government,East,Japan,Direct Sales,PROD-00074,Furniture,Living Room,108.11,10,0.05,1081.1,54.06,1027.04,657.31,369.73,36.0,84.59,82.16,1109.2,PayPal,Standard,Completed,No,,2.9,EMP0046,Tara Morris,Marketing,EMP0004,57,18,134931.0,0.64
ORD-000302,2022-01-30,2022-02-03,2022-02-08,2022,Q1,1,January,4,Sunday,CUST-00054,Avery Garcia,SMB,South,Australia,Online,PROD-00209,Automotive,Electronics,1065.05,29,0.0,30886.45,0.0,30886.45,19767.33,11119.12,36.0,32.43,2470.92,33357.37,Credit Card,Economy,Completed,No,,4.5,EMP0019,Sam Walker,Sales,EMP0004,23,19,57456.0,0.64
ORD-000303,2022-01-31,2022-02-04,2022-02-09,2022,Q1,1,January,5,Monday,CUST-00296,Riley Miller,Government,North,Japan,Direct Sales,PROD-00024,Sports,Fitness,1083.57,10,0.05,10835.7,541.79,10293.91,6485.16,3808.75,37.0,109.46,823.51,11117.42,Debit Card,Economy,Completed,No,,3.3,EMP0012,Leo Thomas,IT,EMP0007,51,6,39885.0,0.63
ORD-000304,2022-02-02,2022-02-03,2022-02-06,2022,Q1,2,February,5,Wednesday,CUST-00260,Jamie Jones,SMB,North,Japan,Direct Sales,PROD-00277,Electronics,Accessories,1276.67,12,0.15,15320.04,2298.01,13022.03,6511.02,6511.01,50.0,79.11,1041.76,14063.79,Debit Card,Standard,Completed,No,,3.7,EMP0018,Rachel Lewis,Sales,EMP0010,48,5,53411.0,0.5
ORD-000305,2022-02-03,2022-02-08,2022-02-14,2022,Q1,2,February,5,Thursday,CUST-00109,Jordan Garcia,Enterprise,North,Germany,Wholesale,PROD-00194,Furniture,Living Room,1453.55,30,0.1,43606.5,4360.65,39245.85,17660.63,21585.22,55.0,92.63,3139.67,42385.52,Bank Transfer,Standard,Completed,No,,,EMP0009,Iris Wilson,IT,EMP0008,28,24,79173.0,0.45
ORD-000306,2022-02-08,2022-02-10,2022-02-12,2022,Q1,2,February,6,Tuesday,CUST-00080,Morgan Johnson,Consumer,South,USA,Retail Store,PROD-00269,Books,Comics,1951.82,41,0.2,80024.62,16004.92,64019.7,39692.21,24327.49,38.0,71.83,5121.58,69141.28,Cash,Standard,Completed,No,,3.6,EMP0037,Kevin Turner,Logistics,EMP0010,41,12,60216.0,0.62
ORD-000307,2022-02-10,2022-02-16,2022-02-17,2022,Q1,2,February,6,Thursday,CUST-00337,Jamie Garcia,Non-Profit,Central,India,Retail Store,PROD-00087,Automotive,Parts,1035.02,1,0.05,1035.02,51.75,983.27,599.79,383.48,39.0,125.16,78.66,1061.93,Bank Transfer,Same Day,Completed,No,,2.6,EMP0021,Uma Allen,Marketing,EMP0001,52,21,70104.0,0.61
ORD-000308,2022-02-11,2022-02-13,2022-02-18,2022,Q1,2,February,6,Friday,CUST-00247,Dakota Garcia,Consumer,South,Australia,Partner,PROD-00081,Clothing,Formal,649.3,5,0.1,3246.5,324.65,2921.85,1344.05,1577.8,54.0,125.29,233.75,3155.6,Debit Card,Standard,Completed,No,,3.1,EMP0027,Aaron Hill,IT,EMP0007,44,16,147159.0,0.46
ORD-000309,2022-02-12,2022-02-17,2022-02-18,2022,Q1,2,February,6,Saturday,CUST-00115,Quinn Miller,Enterprise,East,Australia,Online,PROD-00052,Furniture,Living Room,1591.4,20,0.1,31828.0,3182.8,28645.2,18619.38,10025.82,35.0,107.86,2291.62,30936.82,PayPal,Same Day,Completed,No,,4.2,EMP0015,Olivia Martin,HR,EMP0005,34,21,116007.0,0.65
ORD-000310,2022-02-12,2022-02-19,2022-02-21,2022,Q1,2,February,6,Saturday,CUST-00056,Riley Garcia,Enterprise,North,France,Online,PROD-00008,Books,Fiction,545.31,8,0.1,4362.48,436.25,3926.23,2198.69,1727.54,44.0,20.28,314.1,4240.33,PayPal,Standard,Completed,No,,2.5,EMP0013,Mia Jackson,HR,EMP0002,38,33,116902.0,0.56
ORD-000311,2022-02-12,2022-02-16,2022-02-21,2022,Q1,2,February,6,Saturday,CUST-00180,Casey Davis,SMB,East,India,Wholesale,PROD-00179,Clothing,Kids,880.75,43,0.1,37872.25,3787.23,34085.02,21473.56,12611.46,37.0,126.63,2726.8,36811.82,Bank Transfer,Same Day,Completed,No,,2.6,EMP0018,Rachel Lewis,Sales,EMP0010,25,7,45889.0,0.63
ORD-000312,2022-02-13,2022-02-15,2022-02-20,2022,Q1,2,February,6,Sunday,CUST-00285,Jordan Wilson,Government,North,Australia,Wholesale,PROD-00115,Electronics,Accessories,161.52,12,0.0,1938.24,0.0,1938.24,1337.39,600.85,31.0,102.3,155.06,2093.3,Debit Card,Economy,Returned,Yes,Changed Mind,1.4,EMP0013,Mia Jackson,HR,EMP0002,35,17,119191.0,0.69
ORD-000313,2022-02-13,2022-02-16,2022-02-22,2022,Q1,2,February,6,Sunday,CUST-00189,Taylor Brown,Consumer,East,Canada,Wholesale,PROD-00048,Beauty,Skincare,55.57,1,0.05,55.57,2.78,52.79,24.28,28.51,54.01,106.07,4.22,57.01,Debit Card,Same Day,Completed,No,,4.7,EMP0012,Leo Thomas,IT,EMP0007,41,23,120025.0,0.46
ORD-000314,2022-02-16,2022-02-19,2022-02-20,2022,Q1,2,February,7,Wednesday,CUST-00059,Avery Garcia,Non-Profit,West,USA,Retail Store,PROD-00215,Beauty,Makeup,1925.48,20,0.0,38509.6,0.0,38509.6,15788.94,22720.66,59.0,57.63,3080.77,41590.37,Credit Card,Standard,Completed,No,,1.4,EMP0019,Sam Walker,Sales,EMP0004,34,1,110871.0,0.41
ORD-000315,2022-02-21,2022-02-22,2022-02-28,2022,Q1,2,February,8,Monday,CUST-00391,Riley Davis,Government,West,India,Retail Store,PROD-00034,Food & Beverage,Dairy,1672.78,28,0.0,46837.84,0.0,46837.84,31381.35,15456.49,33.0,132.5,3747.03,50584.87,Cash,Standard,Completed,No,,3.6,EMP0017,Quinn Rodriguez,Sales,EMP0006,24,1,61270.0,0.67
ORD-000316,2022-02-21,2022-02-26,2022-03-02,2022,Q1,2,February,8,Monday,CUST-00143,Dakota Wilson,Enterprise,North,USA,Partner,PROD-00058,Automotive,Care Products,1393.47,43,0.05,59919.21,2995.96,56923.25,34723.18,22200.07,39.0,110.18,4553.86,61477.11,PayPal,Standard,Completed,No,,2.7,EMP0045,Steve Sanchez,Operations,EMP0009,47,26,83649.0,0.61
ORD-000317,2022-02-23,2022-02-28,2022-03-01,2022,Q1,2,February,8,Wednesday,CUST-00294,Casey Johnson,Non-Profit,East,USA,Online,PROD-00244,Automotive,Parts,820.86,37,0.1,30371.82,3037.18,27334.64,17494.17,9840.47,36.0,21.33,2186.77,29521.41,Cash,Express,Returned,Yes,Defective,2.6,EMP0029,Chris Green,IT,EMP0008,47,13,132322.0,0.64
ORD-000318,2022-02-28,2022-03-02,2022-03-03,2022,Q1,2,February,9,Monday,CUST-00116,Riley Wilson,Non-Profit,South,Japan,Online,PROD-00238,Beauty,Makeup,350.72,47,0.25,16483.84,4120.96,12362.88,8530.39,3832.49,31.0,64.13,989.03,13351.91,Credit Card,Express,Completed,No,,3.7,EMP0017,Quinn Rodriguez,Sales,EMP0006,39,11,112073.0,0.69
ORD-000319,2022-03-02,2022-03-06,2022-03-10,2022,Q1,3,March,9,Wednesday,CUST-00220,Riley Wilson,SMB,Central,USA,Wholesale,PROD-00213,Food & Beverage,Bakery,317.09,37,0.1,11732.33,1173.23,10559.1,7180.19,3378.91,32.0,133.53,844.73,11403.83,Credit Card,Economy,Completed,No,,1.3,EMP0006,Frank Lee,Marketing,EMP0010,53,31,119268.0,0.68
ORD-000320,2022-03-07,2022-03-12,2022-03-14,2022,Q1,3,March,10,Monday,CUST-00288,Avery Jones,Consumer,South,India,Direct Sales,PROD-00275,Books,Children,504.23,12,0.1,6050.76,605.08,5445.68,4029.8,1415.88,26.0,11.84,435.65,5881.33,Credit Card,Express,Cancelled,No,,3.4,EMP0032,Fiona Nelson,Marketing,EMP0006,35,27,102548.0,0.74
ORD-000321,2022-03-07,2022-03-09,2022-03-11,2022,Q1,3,March,10,Monday,CUST-00393,Taylor Jones,Enterprise,South,India,Online,PROD-00226,Clothing,Sportswear,1100.71,37,0.05,40726.27,2036.31,38689.96,22827.08,15862.88,41.0,144.41,3095.2,41785.16,Credit Card,Express,Completed,No,,4.1,EMP0023,Wendy Hernandez,HR,EMP0005,24,27,86702.0,0.59
ORD-000322,2022-03-08,2022-03-10,2022-03-15,2022,Q1,3,March,10,Tuesday,CUST-00319,Avery Garcia,Non-Profit,Central,Japan,Partner,PROD-00069,Electronics,Laptops,1430.62,49,0.1,70100.38,7010.04,63090.34,35961.49,27128.85,43.0,103.48,5047.23,68137.57,Cash,Express,Completed,No,,4.3,EMP0038,Laura Phillips,Sales,EMP0003,22,24,122291.0,0.57
ORD-000323,2022-03-09,2022-03-15,2022-03-18,2022,Q1,3,March,10,Wednesday,CUST-00315,Taylor Moore,Consumer,Central,UK,Retail Store,PROD-00001,Clothing,Sportswear,1322.09,49,0.0,64782.41,0.0,64782.41,34982.5,29799.91,46.0,96.55,5182.59,69965.0,PayPal,Same Day,Completed,No,,1.7,EMP0024,Xander King,Sales,EMP0002,47,3,42811.0,0.54
ORD-000324,2022-03-09,2022-03-15,2022-03-21,2022,Q1,3,March,10,Wednesday,CUST-00346,Riley Johnson,Government,East,Japan,Online,PROD-00160,Electronics,Phones,563.47,44,0.0,24792.68,0.0,24792.68,11156.71,13635.97,55.0,44.23,1983.41,26776.09,Credit Card,Same Day,Completed,No,,4.6,EMP0023,Wendy Hernandez,HR,EMP0005,45,25,112413.0,0.45
ORD-000325,2022-03-10,2022-03-15,2022-03-18,2022,Q1,3,March,10,Thursday,CUST-00330,Morgan Moore,SMB,Central,Japan,Partner,PROD-00244,Sports,Winter Sports,1909.96,28,0.0,53478.88,0.0,53478.88,32087.33,21391.55,40.0,41.07,4278.31,57757.19,Cash,Standard,Completed,No,,3.6,EMP0050,Xena Morgan,Sales,EMP0001,56,2,149679.0,0.6
ORD-000326,2022-03-10,2022-03-12,2022-03-17,2022,Q1,3,March,10,Thursday,CUST-00286,Morgan Brown,Consumer,West,Australia,Retail Store,PROD-00241,Furniture,Bedroom,1477.1,47,0.05,69423.7,3471.18,65952.52,32976.26,32976.26,50.0,141.6,5276.2,71228.72,Bank Transfer,Economy,Completed,No,,4.5,EMP0042,Patricia Edwards,IT,EMP0008,35,0,124722.0,0.5
ORD-000327,2022-03-11,2022-03-12,2022-03-15,2022,Q1,3,March,10,Friday,CUST-00014,Jamie Garcia,SMB,Central,UK,Direct Sales,PROD-00132,Electronics,Phones,1110.94,15,0.0,16664.1,0.0,16664.1,11998.15,4665.95,28.0,48.25,1333.13,17997.23,Debit Card,Express,Processing,No,,2.9,EMP0034,Hannah Mitchell,HR,EMP0004,24,16,68415.0,0.72
ORD-000328,2022-03-12,2022-03-13,2022-03-14,2022,Q1,3,March,10,Saturday,CUST-00312,Morgan Miller,Consumer,South,USA,Wholesale,PROD-00066,Electronics,Cameras,1225.38,6,0.0,7352.28,0.0,7352.28,4411.37,2940.91,40.0,117.45,588.18,7940.46,Credit Card,Standard,Completed,No,,3.2,EMP0029,Chris Green,IT,EMP0008,34,6,66949.0,0.6
ORD-000329,2022-03-13,2022-03-19,2022-03-20,2022,Q1,3,March,10,Sunday,CUST-00337,Jamie Garcia,Government,North,India,Wholesale,PROD-00166,Automotive,Care Products,842.1,44,0.0,37052.4,0.0,37052.4,22601.96,14450.44,39.0,62.0,2964.19,40016.59,Debit Card,Standard,Completed,No,,4.7,EMP0041,Oscar Evans,Marketing,EMP0003,35,4,111730.0,0.61
ORD-000330,2022-03-14,2022-03-19,2022-03-23,2022,Q1,3,March,11,Monday,CUST-00356,Morgan Miller,Enterprise,West,Australia,Wholesale,PROD-00277,Sports,Team Sports,499.22,20,0.25,9984.4,2496.1,7488.3,3893.92,3594.38,48.0,25.19,599.06,8087.36,Credit Card,Standard,Completed,No,,4.6,EMP0044,Rose Stewart,Operations,EMP0005,42,18,138023.0,0.52
ORD-000331,2022-03-14,2022-03-18,2022-03-22,2022,Q1,3,March,11,Monday,CUST-00137,Dakota Moore,Consumer,Central,Canada,Online,PROD-00188,Automotive,Accessories,715.17,50,0.0,35758.5,0.0,35758.5,15018.57,20739.93,58.0,6.55,2860.68,38619.18,Debit Card,Express,Pending,No,,2.8,EMP0011,Karen Anderson,IT,EMP0002,47,33,101464.0,0.42
ORD-000332,2022-03-15,2022-03-22,2022-03-27,2022,Q1,3,March,11,Tuesday,CUST-00015,Avery Garcia,Enterprise,Central,France,Partner,PROD-00050,Automotive,Tools,1516.9,14,0.05,21236.6,1061.83,20174.77,8271.66,11903.11,59.0,83.92,1613.98,21788.75,Bank Transfer,Standard,Returned,Yes,Changed Mind,2.1,EMP0003,Carol White,Sales,EMP0002,24,34,95651.0,0.41
ORD-000333,2022-03-15,2022-03-16,2022-03-21,2022,Q1,3,March,11,Tuesday,CUST-00093,Casey Smith,Non-Profit,North,Germany,Wholesale,PROD-00245,Automotive,Tools,33.72,2,0.0,67.44,0.0,67.44,37.09,30.35,45.0,146.49,5.4,72.84,Bank Transfer,Standard,Completed,No,,2.6,EMP0038,Laura Phillips,Sales,EMP0003,61,15,53444.0,0.55
ORD-000334,2022-03-20,2022-03-21,2022-03-26,2022,Q1,3,March,11,Sunday,CUST-00140,Avery Brown,Non-Profit,East,Australia,Retail Store,PROD-00253,Clothing,Men,236.56,9,0.1,2129.04,212.9,1916.14,823.94,1092.2,57.0,58.52,153.29,2069.43,Debit Card,Express,Completed,No,,2.6,EMP0025,Yara Wright,HR,EMP0004,25,26,117278.0,0.43
ORD-000335,2022-03-22,2022-03-28,2022-03-29,2022,Q1,3,March,12,Tuesday,CUST-00360,Morgan Johnson,Government,South,UK,Partner,PROD-00293,Food & Beverage,Frozen,96.78,37,0.0,3580.86,0.0,3580.86,2184.32,1396.54,39.0,56.79,286.47,3867.33,PayPal,Express,Completed,No,,2.1,EMP0010,Jack Taylor,Sales,EMP0009,57,24,115764.0,0.61
ORD-000336,2022-03-23,2022-03-29,2022-04-01,2022,Q1,3,March,12,Wednesday,CUST-00391,Riley Davis,Government,North,USA,Partner,PROD-00101,Sports,Winter Sports,86.25,20,0.0,1725.0,0.0,1725.0,1224.75,500.25,29.0,54.89,138.0,1863.0,PayPal,Standard,Completed,No,,2.1,EMP0035,Ian Perez,Operations,EMP0005,22,25,146199.0,0.71
ORD-000337,2022-03-25,2022-03-30,2022-04-05,2022,Q1,3,March,12,Friday,CUST-00159,Avery Davis,Non-Profit,East,Japan,Online,PROD-00065,Clothing,Women,1711.64,26,0.05,44502.64,2225.13,42277.51,30017.03,12260.48,29.0,80.48,3382.2,45659.71,Debit Card,Economy,Completed,No,,4.4,EMP0037,Kevin Turner,Logistics,EMP0010,61,13,69522.0,0.71
ORD-000338,2022-03-26,2022-04-01,2022-04-06,2022,Q1,3,March,12,Saturday,CUST-00174,Avery Williams,SMB,South,Germany,Online,PROD-00113,Sports,Fitness,1408.8,29,0.0,40855.2,0.0,40855.2,25738.78,15116.42,37.0,68.9,3268.42,44123.62,Bank Transfer,Standard,Completed,No,,1.3,EMP0014,Nathan Harris,Sales,EMP0009,54,13,121991.0,0.63
ORD-000339,2022-03-26,2022-03-29,2022-04-03,2022,Q1,3,March,12,Saturday,CUST-00180,Casey Davis,Non-Profit,Central,Canada,Direct Sales,PROD-00264,Clothing,Men,950.98,1,0.0,950.98,0.0,950.98,446.96,504.02,53.0,132.59,76.08,1027.06,Credit Card,Economy,Completed,No,,3.7,EMP0045,Steve Sanchez,Operations,EMP0009,28,13,84918.0,0.47
ORD-000340,2022-03-28,2022-04-04,2022-04-05,2022,Q1,3,March,13,Monday,CUST-00004,Riley Smith,Non-Profit,East,Japan,Direct Sales,PROD-00067,Furniture,Living Room,200.18,35,0.0,7006.3,0.0,7006.3,4904.41,2101.89,30.0,78.3,560.5,7566.8,Bank Transfer,Economy,Pending,No,,1.7,EMP0028,Beth Scott,IT,EMP0005,32,24,99224.0,0.7
ORD-000341,2022-03-28,2022-03-30,2022-04-05,2022,Q1,3,March,13,Monday,CUST-00093,Casey Smith,Enterprise,North,USA,Online,PROD-00074,Food & Beverage,Frozen,985.77,6,0.0,5914.62,0.0,5914.62,4199.38,1715.24,29.0,78.62,473.17,6387.79,Debit Card,Standard,Completed,No,,2.4,EMP0023,Wendy Hernandez,HR,EMP0005,48,3,128892.0,0.71
ORD-000342,2022-03-30,2022-03-31,2022-04-01,2022,Q1,3,March,13,Wednesday,CUST-00074,Casey Johnson,SMB,West,Japan,Online,PROD-00116,Beauty,Personal Care,949.58,37,0.0,35134.46,0.0,35134.46,16513.2,18621.26,53.0,25.06,2810.76,37945.22,Credit Card,Standard,Processing,No,,1.2,EMP0042,Patricia Edwards,IT,EMP0008,35,14,60529.0,0.47
ORD-000343,2022-04-01,2022-04-04,2022-04-10,2022,Q2,4,April,13,Friday,CUST-00290,Riley Johnson,Enterprise,North,Japan,Partner,PROD-00043,Automotive,Electronics,350.54,5,0.0,1752.7,0.0,1752.7,1156.78,595.92,34.0,147.5,140.22,1892.92,Debit Card,Same Day,Completed,No,,2.1,EMP0044,Rose Stewart,Operations,EMP0005,43,31,74430.0,0.66
ORD-000344,2022-04-02,2022-04-06,2022-04-07,2022,Q2,4,April,13,Saturday,CUST-00337,Jamie Garcia,Non-Profit,North,Canada,Partner,PROD-00049,Clothing,Formal,870.53,33,0.15,28727.49,4309.12,24418.37,12209.18,12209.19,50.0,41.25,1953.47,26371.84,Credit Card,Economy,Completed,No,,4.1,EMP0019,Sam Walker,Sales,EMP0004,37,17,123930.0,0.5
ORD-000345,2022-04-05,2022-04-08,2022-04-11,2022,Q2,4,April,14,Tuesday,CUST-00206,Alex Wilson,Enterprise,West,India,Online,PROD-00207,Sports,Winter Sports,800.02,49,0.1,39200.98,3920.1,35280.88,23991.0,11289.88,32.0,15.64,2822.47,38103.35,PayPal,Economy,Completed,No,,4.5,EMP0014,Nathan Harris,Sales,EMP0009,33,13,100603.0,0.68
ORD-000346,2022-04-06,2022-04-11,2022-04-16,2022,Q2,4,April,14,Wednesday,CUST-00036,Casey Smith,Consumer,East,Canada,Partner,PROD-00145,Automotive,Parts,1233.62,14,0.05,17270.68,863.53,16407.15,12305.36,4101.79,25.0,101.16,1312.57,17719.72,PayPal,Express,Completed,No,,1.9,EMP0022,Victor Young,HR,EMP0004,31,0,45629.0,0.75
ORD-000347,2022-04-06,2022-04-10,2022-04-12,2022,Q2,4,April,14,Wednesday,CUST-00073,Casey Smith,SMB,East,France,Online,PROD-00054,Furniture,Office,1272.01,12,0.0,15264.12,0.0,15264.12,6258.29,9005.83,59.0,91.33,1221.13,16485.25,Credit Card,Express,Completed,No,,2.9,EMP0045,Steve Sanchez,Operations,EMP0009,45,19,84471.0,0.41
ORD-000348,2022-04-06,2022-04-10,2022-04-12,2022,Q2,4,April,14,Wednesday,CUST-00380,Casey Davis,Government,North,Japan,Partner,PROD-00128,Electronics,Phones,95.38,42,0.2,4005.96,801.19,3204.77,2275.39,929.38,29.0,65.2,256.38,3461.15,Cash,Same Day,Completed,No,,2.9,EMP0033,George Carter,Finance,EMP0006,39,9,102463.0,0.71
ORD-000349,2022-04-06,2022-04-12,2022-04-17,2022,Q2,4,April,14,Wednesday,CUST-00325,Jamie Smith,SMB,North,USA,Online,PROD-00116,Furniture,Office,752.35,20,0.0,15047.0,0.0,15047.0,9329.14,5717.86,38.0,66.22,1203.76,16250.76,PayPal,Economy,Completed,No,,4.5,EMP0036,Julia Roberts,Logistics,EMP0002,43,9,139594.0,0.62
ORD-000350,2022-04-08,2022-04-11,2022-04-16,2022,Q2,4,April,14,Friday,CUST-00016,Morgan Brown,Non-Profit,East,UK,Retail Store,PROD-00129,Clothing,Women,1253.59,50,0.0,62679.5,0.0,62679.5,46382.83,16296.67,26.0,118.83,5014.36,67693.86,Credit Card,Standard,Completed,No,,4.1,EMP0048,Victoria Reed,Logistics,EMP0001,30,23,56676.0,0.74
ORD-000351,2022-04-11,2022-04-16,2022-04-21,2022,Q2,4,April,15,Monday,CUST-00047,Dakota Garcia,Enterprise,West,India,Online,PROD-00095,Automotive,Electronics,1008.76,24,0.1,24210.24,2421.02,21789.22,12201.96,9587.26,44.0,33.38,1743.14,23532.36,PayPal,Economy,Returned,Yes,Wrong Item,3.1,EMP0018,Rachel Lewis,Sales,EMP0010,38,33,127685.0,0.56
ORD-000352,2022-04-11,2022-04-12,2022-04-17,2022,Q2,4,April,15,Monday,CUST-00383,Casey Miller,Enterprise,South,France,Retail Store,PROD-00155,Clothing,Formal,1713.7,43,0.0,73689.1,0.0,73689.1,51582.37,22106.73,30.0,123.94,5895.13,79584.23,Credit Card,Express,Completed,No,,3.7,EMP0006,Frank Lee,Marketing,EMP0010,59,27,50022.0,0.7
ORD-000353,2022-04-12,2022-04-19,2022-04-25,2022,Q2,4,April,15,Tuesday,CUST-00272,Alex Brown,SMB,West,USA,Wholesale,PROD-00169,Books,Non-Fiction,1319.09,34,0.0,44849.06,0.0,44849.06,18836.61,26012.45,58.0,99.07,3587.92,48436.98,Credit Card,Standard,Completed,No,,4.4,EMP0033,George Carter,Finance,EMP0006,61,26,62857.0,0.42
ORD-000354,2022-04-14,2022-04-20,2022-04-23,2022,Q2,4,April,15,Thursday,CUST-00111,Casey Williams,Consumer,Central,Germany,Retail Store,PROD-00237,Electronics,Phones,330.05,25,0.05,8251.25,412.56,7838.69,4076.12,3762.57,48.0,65.75,627.1,8465.79,Cash,Express,Completed,No,,1.0,EMP0050,Xena Morgan,Sales,EMP0001,34,0,62985.0,0.52
ORD-000355,2022-04-14,2022-04-17,2022-04-19,2022,Q2,4,April,15,Thursday,CUST-00193,Alex Brown,Government,North,India,Wholesale,PROD-00267,Sports,Outdoor,145.78,50,0.2,7289.0,1457.8,5831.2,2449.1,3382.1,58.0,71.41,466.5,6297.7,Debit Card,Express,Pending,No,,2.6,EMP0014,Nathan Harris,Sales,EMP0009,58,32,135910.0,0.42
ORD-000356,2022-04-17,2022-04-18,2022-04-22,2022,Q2,4,April,15,Sunday,CUST-00215,Avery Davis,Consumer,East,Germany,Direct Sales,PROD-00265,Food & Beverage,Snacks,1286.63,29,0.05,37312.27,1865.61,35446.66,26230.53,9216.13,26.0,,2835.73,38282.39,Debit Card,Express,Completed,No,,4.6,EMP0017,Quinn Rodriguez,Sales,EMP0006,27,3,57887.0,0.74
ORD-000357,2022-04-18,2022-04-21,2022-04-23,2022,Q2,4,April,16,Monday,CUST-00233,Dakota Brown,SMB,West,Australia,Partner,PROD-00296,Clothing,Formal,57.89,39,0.1,2257.71,225.77,2031.94,1402.04,629.9,31.0,114.06,162.56,2194.5,Bank Transfer,Express,Completed,No,,4.0,EMP0014,Nathan Harris,Sales,EMP0009,42,6,125500.0,0.69
ORD-000358,2022-04-19,2022-04-25,2022-04-27,2022,Q2,4,April,16,Tuesday,CUST-00175,Jamie Johnson,SMB,Central,UK,Direct Sales,PROD-00137,Electronics,Tablets,1173.62,31,0.25,36382.22,9095.56,27286.66,19100.66,8186.0,30.0,79.37,2182.93,29469.59,Cash,Express,Completed,No,,3.2,EMP0030,Diana Adams,HR,EMP0006,57,8,88108.0,0.7
ORD-000359,2022-04-20,2022-04-21,2022-04-22,2022,Q2,4,April,16,Wednesday,CUST-00081,Quinn Moore,Government,Central,France,Online,PROD-00068,Food & Beverage,Snacks,1880.76,47,0.0,88395.72,0.0,88395.72,64528.88,23866.84,27.0,51.52,7071.66,95467.38,PayPal,Economy,Completed,No,,3.1,EMP0017,Quinn Rodriguez,Sales,EMP0006,28,15,149895.0,0.73
ORD-000360,2022-04-21,2022-04-27,2022-05-02,2022,Q2,4,April,16,Thursday,CUST-00190,Jordan Johnson,SMB,North,USA,Retail Store,PROD-00168,Electronics,Laptops,1153.07,43,0.0,49582.01,0.0,49582.01,21320.26,28261.75,57.0,91.43,3966.56,53548.57,Cash,Economy,Processing,No,,2.4,EMP0003,Carol White,Sales,EMP0002,57,4,131496.0,0.43
ORD-000361,2022-04-24,2022-04-27,2022-05-02,2022,Q2,4,April,16,Sunday,CUST-00160,Casey Smith,Enterprise,South,France,Wholesale,PROD-00217,Food & Beverage,Snacks,779.4,50,0.0,38970.0,0.0,38970.0,20654.1,18315.9,47.0,149.38,3117.6,42087.6,Debit Card,Same Day,Completed,No,,3.1,EMP0008,Henry Davis,Marketing,EMP0001,46,33,120066.0,0.53
ORD-000362,2022-04-24,2022-04-28,2022-05-03,2022,Q2,4,April,16,Sunday,CUST-00370,Alex Miller,SMB,South,USA,Wholesale,PROD-00192,Books,Comics,1288.36,23,0.05,29632.28,1481.61,28150.67,11823.28,16327.39,58.0,68.11,2252.05,30402.72,Bank Transfer,Same Day,Completed,No,,3.6,EMP0034,Hannah Mitchell,HR,EMP0004,32,22,135134.0,0.42
ORD-000363,2022-04-26,2022-05-03,2022-05-04,2022,Q2,4,April,17,Tuesday,CUST-00167,Jordan Davis,Non-Profit,Central,UK,Retail Store,PROD-00075,Beauty,Skincare,919.21,44,0.05,40445.24,2022.26,38422.98,18058.8,20364.18,53.0,138.5,3073.84,41496.82,Debit Card,Standard,Completed,No,,2.7,EMP0043,Quincy Collins,Finance,EMP0007,35,24,107913.0,0.47
ORD-000364,2022-04-26,2022-04-28,2022-05-01,2022,Q2,4,April,17,Tuesday,CUST-00398,Riley Wilson,Government,West,India,Online,PROD-00297,Sports,Winter Sports,1093.51,38,0.2,41553.38,8310.68,33242.7,15956.5,17286.2,52.0,55.03,2659.42,35902.12,PayPal,Economy,Completed,No,,3.9,EMP0041,Oscar Evans,Marketing,EMP0003,50,12,132020.0,0.48
ORD-000365,2022-04-27,2022-05-04,2022-05-07,2022,Q2,4,April,17,Wednesday,CUST-00291,Jamie Miller,Consumer,Central,France,Retail Store,PROD-00018,Food & Beverage,Bakery,1883.22,20,0.1,37664.4,3766.44,33897.96,18982.86,14915.1,44.0,12.94,2711.84,36609.8,Cash,Same Day,Processing,No,,4.4,EMP0012,Leo Thomas,IT,EMP0007,31,23,65030.0,0.56
ORD-000366,2022-04-27,2022-05-01,2022-05-05,2022,Q2,4,April,17,Wednesday,CUST-00306,Casey Smith,SMB,North,Japan,Direct Sales,PROD-00198,Beauty,Personal Care,775.27,23,0.1,17831.21,1783.12,16048.09,7863.56,8184.53,51.0,34.62,1283.85,17331.94,PayPal,Same Day,Completed,No,,1.6,EMP0031,Ethan Baker,Finance,EMP0003,26,10,46236.0,0.49
ORD-000367,2022-04-30,2022-05-06,2022-05-09,2022,Q2,4,April,17,Saturday,CUST-00044,Taylor Smith,Consumer,North,USA,Direct Sales,PROD-00025,Food & Beverage,Beverages,1922.58,45,0.0,86516.1,0.0,86516.1,38067.08,48449.02,56.0,65.71,6921.29,93437.39,PayPal,Economy,Completed,No,,2.8,EMP0009,Iris Wilson,IT,EMP0008,29,16,105832.0,0.44
ORD-000368,2022-04-30,2022-05-07,2022-05-10,2022,Q2,4,April,17,Saturday,CUST-00027,Riley Moore,Consumer,South,France,Online,PROD-00102,Sports,Team Sports,1811.17,16,0.15,28978.72,4346.81,24631.91,11330.68,13301.23,54.0,36.85,1970.55,26602.46,Credit Card,Economy,Completed,No,,2.6,EMP0030,Diana Adams,HR,EMP0006,26,12,84989.0,0.46
ORD-000369,2022-05-01,2022-05-07,2022-05-12,2022,Q2,5,May,17,Sunday,CUST-00080,Morgan Johnson,Enterprise,Central,France,Retail Store,PROD-00094,Clothing,Men,395.6,50,0.25,19780.0,4945.0,14835.0,6675.75,8159.25,55.0,5.03,1186.8,16021.8,PayPal,Standard,Completed,No,,3.7,EMP0038,Laura Phillips,Sales,EMP0003,45,26,84041.0,0.45
ORD-000370,2022-05-03,2022-05-09,2022-05-15,2022,Q2,5,May,18,Tuesday,CUST-00081,Quinn Moore,Non-Profit,East,Canada,Direct Sales,PROD-00008,Electronics,Tablets,143.38,42,0.15,6021.96,903.29,5118.67,3787.82,1330.85,26.0,137.68,409.49,5528.16,Bank Transfer,Economy,Returned,Yes,,2.0,EMP0021,Uma Allen,Marketing,EMP0001,61,19,95576.0,0.74
ORD-000371,2022-05-04,2022-05-05,2022-05-07,2022,Q2,5,May,18,Wednesday,CUST-00387,Morgan Wilson,Government,East,UK,Wholesale,PROD-00074,Beauty,Skincare,206.05,8,0.0,1648.4,0.0,1648.4,1104.43,543.97,33.0,127.36,131.87,1780.27,PayPal,Economy,Completed,No,,3.6,EMP0024,Xander King,Sales,EMP0002,47,32,76559.0,0.67
ORD-000372,2022-05-04,2022-05-09,2022-05-12,2022,Q2,5,May,18,Wednesday,CUST-00317,Jamie Miller,Consumer,West,Australia,Wholesale,PROD-00018,Automotive,Accessories,41.35,50,0.1,2067.5,206.75,1860.75,1376.96,483.79,26.0,112.63,148.86,2009.61,PayPal,Economy,Completed,No,,4.5,EMP0037,Kevin Turner,Logistics,EMP0010,27,31,106997.0,0.74
ORD-000373,2022-05-05,2022-05-11,2022-05-14,2022,Q2,5,May,18,Thursday,CUST-00026,Jamie Williams,Enterprise,West,Canada,Partner,PROD-00122,Sports,Winter Sports,193.41,21,0.0,4061.61,0.0,4061.61,2233.89,1827.72,45.0,29.33,324.93,4386.54,Credit Card,Express,Pending,No,,2.7,EMP0025,Yara Wright,HR,EMP0004,37,7,38515.0,0.55
ORD-000374,2022-05-05,2022-05-12,2022-05-13,2022,Q2,5,May,18,Thursday,CUST-00346,Riley Johnson,SMB,South,France,Retail Store,PROD-00083,Clothing,Sportswear,1367.6,1,0.0,1367.6,0.0,1367.6,683.8,683.8,50.0,22.45,109.41,1477.01,Credit Card,Standard,Completed,No,,4.6,EMP0043,Quincy Collins,Finance,EMP0007,57,28,146538.0,0.5
ORD-000375,2022-05-06,2022-05-13,2022-05-17,2022,Q2,5,May,18,Friday,CUST-00042,Avery Moore,Consumer,North,Australia,Online,PROD-00204,Sports,Team Sports,147.02,8,0.0,1176.16,0.0,1176.16,799.79,376.37,32.0,14.8,94.09,1270.25,Debit Card,Same Day,Completed,No,,5.0,EMP0038,Laura Phillips,Sales,EMP0003,33,18,141342.0,0.68
ORD-000376,2022-05-06,2022-05-13,2022-05-19,2022,Q2,5,May,18,Friday,CUST-00140,Avery Brown,Consumer,East,UK,Wholesale,PROD-00166,Clothing,Kids,641.36,29,0.1,18599.44,1859.94,16739.5,8537.14,8202.36,49.0,109.98,1339.16,18078.66,Debit Card,Economy,Completed,No,,1.4,EMP0003,Carol White,Sales,EMP0002,32,5,142556.0,0.51
ORD-000377,2022-05-07,2022-05-11,2022-05-12,2022,Q2,5,May,18,Saturday,CUST-00227,Taylor Smith,SMB,East,Japan,Wholesale,PROD-00006,Books,Non-Fiction,1690.53,32,0.1,54096.96,5409.7,48687.26,24343.63,24343.63,50.0,139.68,3894.98,52582.24,PayPal,Standard,Processing,No,,1.9,EMP0021,Uma Allen,Marketing,EMP0001,24,20,76975.0,0.5
ORD-000378,2022-05-08,2022-05-10,2022-05-15,2022,Q2,5,May,18,Sunday,CUST-00339,Alex Jones,SMB,East,Australia,Direct Sales,PROD-00293,Books,Non-Fiction,51.43,38,0.0,1954.34,0.0,1954.34,938.08,1016.26,52.0,67.43,156.35,2110.69,Debit Card,Economy,Completed,No,,4.8,EMP0045,Steve Sanchez,Operations,EMP0009,58,21,96167.0,0.48
ORD-000379,2022-05-09,2022-05-15,2022-05-17,2022,Q2,5,May,19,Monday,CUST-00218,Dakota Smith,Non-Profit,East,Australia,Wholesale,PROD-00247,Beauty,Skincare,1629.86,5,0.0,8149.3,0.0,8149.3,3667.18,4482.12,55.0,22.28,651.94,8801.24,Bank Transfer,Standard,Completed,No,,4.8,EMP0007,Grace Kim,Marketing,EMP0005,27,9,144725.0,0.45
ORD-000380,2022-05-09,2022-05-15,2022-05-19,2022,Q2,5,May,19,Monday,CUST-00249,Jamie Miller,Enterprise,South,France,Retail Store,PROD-00248,Electronics,Tablets,567.3,47,0.05,26663.1,1333.16,25329.94,12411.67,12918.27,51.0,79.3,2026.4,27356.34,Bank Transfer,Same Day,Completed,No,,1.4,EMP0041,Oscar Evans,Marketing,EMP0003,40,9,138770.0,0.49
ORD-000381,2022-05-10,2022-05-16,2022-05-17,2022,Q2,5,May,19,Tuesday,CUST-00311,Taylor Moore,SMB,Central,France,Retail Store,PROD-00177,Books,Comics,240.74,22,0.0,5296.28,0.0,5296.28,2754.07,2542.21,48.0,55.58,423.7,5719.98,Bank Transfer,Standard,Completed,No,,1.1,EMP0023,Wendy Hernandez,HR,EMP0005,39,28,125878.0,0.52
ORD-000382,2022-05-13,2022-05-14,2022-05-17,2022,Q2,5,May,19,Friday,CUST-00227,Taylor Smith,SMB,East,Germany,Partner,PROD-00097,Food & Beverage,Beverages,1394.99,47,0.0,65564.53,0.0,65564.53,41961.3,23603.23,36.0,59.35,5245.16,70809.69,Credit Card,Economy,Completed,No,,1.6,EMP0001,Alice Johnson,IT,EMP0002,37,15,81843.0,0.64
ORD-000383,2022-05-13,2022-05-19,2022-05-22,2022,Q2,5,May,19,Friday,CUST-00213,Morgan Jones,Non-Profit,North,India,Direct Sales,PROD-00296,Beauty,Haircare,1259.74,34,0.05,42831.16,2141.56,40689.6,17089.63,23599.97,58.0,95.09,3255.17,43944.77,Credit Card,Standard,Completed,No,,5.0,EMP0011,Karen Anderson,IT,EMP0002,44,0,99899.0,0.42
ORD-000384,2022-05-14,2022-05-18,2022-05-22,2022,Q2,5,May,19,Saturday,CUST-00140,Avery Brown,Government,East,Germany,Retail Store,PROD-00208,Food & Beverage,Dairy,1755.56,1,0.15,1755.56,263.33,1492.23,701.35,790.88,53.0,109.21,119.38,1611.61,Cash,Same Day,Completed,No,,1.7,EMP0027,Aaron Hill,IT,EMP0007,58,16,126185.0,0.47
ORD-000385,2022-05-15,2022-05-18,2022-05-21,2022,Q2,5,May,19,Sunday,CUST-00111,Casey Williams,Non-Profit,West,USA,Retail Store,PROD-00232,Sports,Water Sports,1471.47,26,0.0,38258.22,0.0,38258.22,26015.59,12242.63,32.0,21.04,3060.66,41318.88,Bank Transfer,Express,Completed,No,,3.0,EMP0031,Ethan Baker,Finance,EMP0003,30,29,66396.0,0.68
ORD-000386,2022-05-15,2022-05-20,2022-05-21,2022,Q2,5,May,19,Sunday,CUST-00387,Morgan Wilson,Consumer,North,UK,Direct Sales,PROD-00110,Clothing,Sportswear,1607.94,43,0.0,69141.42,0.0,69141.42,31113.64,38027.78,55.0,10.16,5531.31,74672.73,PayPal,Economy,Completed,No,,4.4,EMP0022,Victor Young,HR,EMP0004,24,25,107042.0,0.45
ORD-000387,2022-05-15,2022-05-22,2022-05-23,2022,Q2,5,May,19,Sunday,CUST-00263,Jamie Williams,SMB,Central,France,Direct Sales,PROD-00233,Clothing,Kids,567.66,10,0.0,5676.6,0.0,5676.6,2951.83,2724.77,48.0,149.18,454.13,6130.73,Debit Card,Economy,Cancelled,No,,1.1,EMP0022,Victor Young,HR,EMP0004,29,18,130212.0,0.52
ORD-000388,2022-05-16,2022-05-22,2022-05-25,2022,Q2,5,May,20,Monday,CUST-00059,Avery Garcia,Government,East,France,Direct Sales,PROD-00135,Furniture,Kitchen,358.99,30,0.2,10769.7,2153.94,8615.76,6031.03,2584.73,30.0,38.75,689.26,9305.02,Credit Card,Same Day,Processing,No,,3.4,EMP0042,Patricia Edwards,IT,EMP0008,59,20,116357.0,0.7
ORD-000389,2022-05-16,2022-05-17,2022-05-20,2022,Q2,5,May,20,Monday,CUST-00177,Riley Wilson,Enterprise,South,Japan,Direct Sales,PROD-00280,Electronics,Tablets,1502.48,50,0.1,75124.0,7512.4,67611.6,30425.22,37186.38,55.0,12.81,5408.93,73020.53,PayPal,Standard,Completed,No,,2.1,EMP0007,Grace Kim,Marketing,EMP0005,25,16,90140.0,0.45
ORD-000390,2022-05-17,2022-05-21,2022-05-26,2022,Q2,5,May,20,Tuesday,CUST-00221,Avery Williams,Enterprise,South,Japan,Partner,PROD-00226,Electronics,Accessories,1614.64,18,0.1,29063.52,2906.35,26157.17,11247.58,14909.59,57.0,32.53,2092.57,28249.74,Debit Card,Express,Completed,No,,4.4,EMP0012,Leo Thomas,IT,EMP0007,33,20,102230.0,0.43
ORD-000391,2022-05-18,2022-05-24,2022-05-26,2022,Q2,5,May,20,Wednesday,CUST-00057,Morgan Davis,Government,East,UK,Wholesale,PROD-00061,Electronics,Phones,1981.06,17,0.0,33678.02,0.0,33678.02,19196.47,14481.55,43.0,10.65,2694.24,36372.26,Debit Card,Same Day,Completed,No,,2.1,EMP0023,Wendy Hernandez,HR,EMP0005,52,18,148698.0,0.57
ORD-000392,2022-05-20,2022-05-21,2022-05-25,2022,Q2,5,May,20,Friday,CUST-00146,Alex Wilson,Enterprise,West,Japan,Online,PROD-00144,Furniture,Kitchen,828.17,26,0.1,21532.42,2153.24,19379.18,9883.38,9495.8,49.0,61.81,1550.33,20929.51,Bank Transfer,Express,Completed,No,,3.7,EMP0020,Tina Hall,Marketing,EMP0002,46,6,104229.0,0.51
ORD-000393,2022-05-21,2022-05-24,2022-05-25,2022,Q2,5,May,20,Saturday,CUST-00348,Jamie Wilson,SMB,South,Germany,Direct Sales,PROD-00264,Electronics,Accessories,747.18,8,0.0,5977.44,0.0,5977.44,3586.46,2390.98,40.0,121.35,478.2,6455.64,PayPal,Same Day,Returned,Yes,,3.7,EMP0011,Karen Anderson,IT,EMP0002,37,16,125346.0,0.6
ORD-000394,2022-05-22,2022-05-24,2022-05-28,2022,Q2,5,May,20,Sunday,CUST-00348,Jamie Wilson,Enterprise,North,Japan,Retail Store,PROD-00173,Books,Education,1553.94,47,0.1,73035.18,7303.52,65731.66,44697.53,21034.13,32.0,54.48,5258.53,70990.19,PayPal,Economy,Completed,No,,1.9,EMP0030,Diana Adams,HR,EMP0006,35,0,118560.0,0.68
ORD-000395,2022-05-22,2022-05-28,2022-06-02,2022,Q2,5,May,20,Sunday,CUST-00304,Taylor Brown,SMB,West,France,Online,PROD-00173,Beauty,Makeup,684.9,40,0.2,27396.0,5479.2,21916.8,9862.56,12054.24,55.0,69.41,1753.34,23670.14,Bank Transfer,Standard,Completed,No,,1.1,EMP0035,Ian Perez,Operations,EMP0005,34,5,115671.0,0.45
ORD-000396,2022-05-23,2022-05-27,2022-05-28,2022,Q2,5,May,21,Monday,CUST-00250,Alex Moore,SMB,Central,UK,Partner,PROD-00096,Automotive,Electronics,1861.86,49,0.1,91231.14,9123.11,82108.03,49264.82,32843.21,40.0,102.96,6568.64,88676.67,Bank Transfer,Express,Returned,Yes,Changed Mind,2.6,EMP0012,Leo Thomas,IT,EMP0007,28,25,117382.0,0.6
ORD-000397,2022-05-24,2022-05-25,2022-05-30,2022,Q2,5,May,21,Tuesday,CUST-00270,Morgan Brown,SMB,Central,Australia,Online,PROD-00131,Food & Beverage,Snacks,1717.53,12,0.2,20610.36,4122.07,16488.29,9563.21,6925.08,42.0,78.79,1319.06,17807.35,Bank Transfer,Express,Completed,No,,2.2,EMP0049,William Cook,Operations,EMP0004,33,1,87257.0,0.58
ORD-000398,2022-05-24,2022-05-25,2022-05-30,2022,Q2,5,May,21,Tuesday,CUST-00342,Morgan Johnson,Enterprise,South,Japan,Online,PROD-00175,Food & Beverage,Beverages,860.84,27,0.1,23242.68,2324.27,20918.41,9413.28,11505.13,55.0,129.91,1673.47,22591.88,Bank Transfer,Same Day,Completed,No,,4.2,EMP0002,Bob Smith,Sales,EMP0007,58,31,89528.0,0.45
ORD-000399,2022-05-25,2022-05-31,2022-06-06,2022,Q2,5,May,21,Wednesday,CUST-00158,Quinn Smith,SMB,West,UK,Wholesale,PROD-00250,Electronics,Tablets,1502.99,8,0.0,12023.92,0.0,12023.92,7454.83,4569.09,38.0,130.58,961.91,12985.83,Cash,Same Day,Completed,No,,4.2,EMP0029,Chris Green,IT,EMP0008,25,4,88804.0,0.62
ORD-000400,2022-05-26,2022-05-27,2022-05-30,2022,Q2,5,May,21,Thursday,CUST-00024,Avery Williams,Non-Profit,South,UK,Wholesale,PROD-00282,Automotive,Accessories,1510.31,25,0.2,37757.75,7551.55,30206.2,15103.1,15103.1,50.0,6.44,2416.5,32622.7,PayPal,Economy,Completed,No,,2.8,EMP0040,Nancy Parker,Logistics,EMP0004,23,30,38824.0,0.5
ORD-000401,2022-05-27,2022-05-29,2022-06-04,2022,Q2,5,May,21,Friday,CUST-00113,Casey Moore,Non-Profit,Central,India,Direct Sales,PROD-00234,Furniture,Bedroom,210.73,46,0.0,9693.58,0.0,9693.58,5525.34,4168.24,43.0,117.82,775.49,10469.07,Debit Card,Express,Completed,No,,3.4,EMP0030,Diana Adams,HR,EMP0006,56,11,62723.0,0.57
ORD-000402,2022-05-27,2022-05-28,2022-06-01,2022,Q2,5,May,21,Friday,CUST-00203,Morgan Wilson,SMB,South,Canada,Retail Store,PROD-00050,Beauty,Fragrance,1805.59,4,0.05,7222.36,361.12,6861.24,2950.33,3910.91,57.0,71.81,548.9,7410.14,Debit Card,Same Day,Returned,Yes,Defective,3.4,EMP0038,Laura Phillips,Sales,EMP0003,24,34,52775.0,0.43
ORD-000403,2022-05-28,2022-06-04,2022-06-08,2022,Q2,5,May,21,Saturday,CUST-00307,Jordan Jones,SMB,West,Germany,Direct Sales,PROD-00176,Furniture,Office,1012.98,33,0.0,33428.34,0.0,33428.34,18719.87,14708.47,44.0,148.38,2674.27,36102.61,Bank Transfer,Same Day,Returned,Yes,Not as Described,4.3,EMP0037,Kevin Turner,Logistics,EMP0010,25,29,136941.0,0.56
ORD-000404,2022-05-28,2022-06-02,2022-06-05,2022,Q2,5,May,21,Saturday,CUST-00029,Jamie Wilson,Non-Profit,East,UK,Online,PROD-00266,Automotive,Tools,1653.78,1,0.0,1653.78,0.0,1653.78,843.43,810.35,49.0,75.07,132.3,1786.08,Bank Transfer,Economy,Completed,No,,2.7,EMP0045,Steve Sanchez,Operations,EMP0009,59,5,66621.0,0.51
ORD-000405,2022-05-30,2022-06-06,2022-06-12,2022,Q2,5,May,22,Monday,CUST-00004,Riley Smith,Enterprise,Central,UK,Direct Sales,PROD-00135,Beauty,Haircare,643.5,19,0.05,12226.5,611.33,11615.17,8014.47,3600.7,31.0,148.1,929.21,12544.38,Cash,Standard,Pending,No,,2.1,EMP0028,Beth Scott,IT,EMP0005,33,14,50921.0,0.69
ORD-000406,2022-05-30,2022-06-04,2022-06-08,2022,Q2,5,May,22,Monday,CUST-00105,Avery Wilson,Government,East,Canada,Online,PROD-00033,Sports,Team Sports,1791.57,31,0.0,55538.67,0.0,55538.67,23326.24,32212.43,58.0,114.41,4443.09,59981.76,Bank Transfer,Economy,Completed,No,,2.1,EMP0047,Umar Rogers,Marketing,EMP0006,40,14,48773.0,0.42
ORD-000407,2022-05-30,2022-05-31,2022-06-06,2022,Q2,5,May,22,Monday,CUST-00155,Alex Davis,Government,West,Germany,Retail Store,PROD-00188,Clothing,Sportswear,781.46,16,0.05,12503.36,625.17,11878.19,6533.0,5345.19,45.0,41.05,950.26,12828.45,Cash,Economy,Returned,Yes,Changed Mind,3.1,EMP0026,Zoe Lopez,Marketing,EMP0002,31,15,115499.0,0.55
ORD-000408,2022-06-01,2022-06-07,2022-06-10,2022,Q2,6,June,22,Wednesday,CUST-00109,Jordan Garcia,Consumer,Central,UK,Partner,PROD-00219,Beauty,Fragrance,26.62,14,0.1,372.68,37.27,335.41,187.83,147.58,44.0,83.07,26.83,362.24,Cash,Economy,Completed,No,,2.8,EMP0031,Ethan Baker,Finance,EMP0003,22,19,35700.0,0.56
ORD-000409,2022-06-01,2022-06-06,2022-06-07,2022,Q2,6,June,22,Wednesday,CUST-00393,Taylor Jones,SMB,South,Canada,Online,PROD-00014,Clothing,Sportswear,1811.24,48,0.0,86939.52,0.0,86939.52,56510.69,30428.83,35.0,148.86,6955.16,93894.68,Bank Transfer,Express,Pending,No,,2.8,EMP0016,Paul Garcia,Finance,EMP0010,38,12,89200.0,0.65
ORD-000410,2022-06-02,2022-06-06,2022-06-11,2022,Q2,6,June,22,Thursday,CUST-00071,Riley Miller,SMB,South,Japan,Partner,PROD-00279,Electronics,Tablets,187.12,5,0.0,935.6,0.0,935.6,561.36,374.24,40.0,129.34,74.85,1010.45,Cash,Same Day,Pending,No,,1.4,EMP0017,Quinn Rodriguez,Sales,EMP0006,37,30,48670.0,0.6
ORD-000411,2022-06-05,2022-06-10,2022-06-15,2022,Q2,6,June,22,Sunday,CUST-00392,Morgan Jones,SMB,South,Canada,Wholesale,PROD-00065,Food & Beverage,Dairy,642.03,41,0.1,26323.23,2632.32,23690.91,14925.27,8765.64,37.0,19.12,1895.27,25586.18,Cash,Express,Completed,No,,3.9,EMP0047,Umar Rogers,Marketing,EMP0006,30,33,132711.0,0.63
ORD-000412,2022-06-06,2022-06-13,2022-06-19,2022,Q2,6,June,23,Monday,CUST-00131,Riley Wilson,Government,Central,Australia,Direct Sales,PROD-00049,Furniture,Outdoor,1900.37,26,0.0,49409.62,0.0,49409.62,33104.45,16305.17,33.0,107.42,3952.77,53362.39,Debit Card,Same Day,Pending,No,,1.9,EMP0024,Xander King,Sales,EMP0002,30,28,145222.0,0.67
ORD-000413,2022-06-07,2022-06-08,2022-06-12,2022,Q2,6,June,23,Tuesday,CUST-00149,Morgan Williams,SMB,Central,USA,Direct Sales,PROD-00117,Electronics,Accessories,1901.46,28,0.1,53240.88,5324.09,47916.79,33541.75,14375.04,30.0,55.11,3833.34,51750.13,Bank Transfer,Same Day,Returned,Yes,,1.8,EMP0039,Mike Campbell,Logistics,EMP0009,30,2,145257.0,0.7
ORD-000414,2022-06-09,2022-06-15,2022-06-21,2022,Q2,6,June,23,Thursday,CUST-00168,Alex Jones,Non-Profit,South,Germany,Partner,PROD-00235,Automotive,Parts,1149.01,2,0.1,2298.02,229.8,2068.22,1054.79,1013.43,49.0,6.01,165.46,2233.68,Credit Card,Economy,Returned,Yes,Not as Described,2.7,EMP0022,Victor Young,HR,EMP0004,33,8,85826.0,0.51
ORD-000415,2022-06-14,2022-06-17,2022-06-23,2022,Q2,6,June,24,Tuesday,CUST-00062,Taylor Jones,SMB,South,India,Wholesale,PROD-00057,Clothing,Women,1265.52,50,0.15,63276.0,9491.4,53784.6,31732.91,22051.69,41.0,63.5,4302.77,58087.37,Cash,Standard,Completed,No,,1.9,EMP0031,Ethan Baker,Finance,EMP0003,36,10,109119.0,0.59
ORD-000416,2022-06-15,2022-06-21,2022-06-23,2022,Q2,6,June,24,Wednesday,CUST-00004,Riley Smith,Consumer,East,Canada,Wholesale,PROD-00062,Books,Comics,899.65,6,0.1,5397.9,539.79,4858.11,3352.1,1506.01,31.0,39.04,388.65,5246.76,Bank Transfer,Standard,Returned,Yes,Changed Mind,3.3,EMP0044,Rose Stewart,Operations,EMP0005,23,10,103966.0,0.69
ORD-000417,2022-06-17,2022-06-23,2022-06-28,2022,Q2,6,June,24,Friday,CUST-00255,Casey Williams,Consumer,Central,Japan,Wholesale,PROD-00282,Sports,Fitness,589.96,9,0.05,5309.64,265.48,5044.16,3783.12,1261.04,25.0,123.74,403.53,5447.69,Cash,Standard,Cancelled,No,,2.5,EMP0026,Zoe Lopez,Marketing,EMP0002,32,24,75254.0,0.75
ORD-000418,2022-06-19,2022-06-25,2022-06-28,2022,Q2,6,June,24,Sunday,CUST-00383,Casey Miller,Non-Profit,South,France,Online,PROD-00152,Sports,Team Sports,660.69,33,0.1,21802.77,2180.28,19622.49,13931.97,5690.52,29.0,53.91,1569.8,21192.29,Cash,Express,Completed,No,,2.8,EMP0020,Tina Hall,Marketing,EMP0002,32,21,86067.0,0.71
ORD-000419,2022-06-19,2022-06-23,2022-06-29,2022,Q2,6,June,24,Sunday,CUST-00221,Avery Williams,Government,West,India,Wholesale,PROD-00065,Beauty,Haircare,1346.67,41,0.0,55213.47,0.0,55213.47,29263.14,25950.33,47.0,124.99,4417.08,59630.55,Debit Card,Express,Processing,No,,3.1,EMP0003,Carol White,Sales,EMP0002,29,8,42397.0,0.53
ORD-000420,2022-06-21,2022-06-23,2022-06-25,2022,Q2,6,June,25,Tuesday,CUST-00090,Riley Davis,SMB,South,Japan,Partner,PROD-00178,Clothing,Formal,1505.99,25,0.0,37649.75,0.0,37649.75,17695.38,19954.37,53.0,5.09,3011.98,40661.73,Credit Card,Standard,Completed,No,,1.8,EMP0015,Olivia Martin,HR,EMP0005,53,19,126505.0,0.47
ORD-000421,2022-06-23,2022-06-30,2022-07-02,2022,Q2,6,June,25,Thursday,CUST-00067,Dakota Garcia,Consumer,Central,USA,Partner,PROD-00158,Books,Non-Fiction,1584.2,48,0.15,76041.6,11406.24,64635.36,36842.16,27793.2,43.0,49.63,5170.83,69806.19,Debit Card,Standard,Completed,No,,1.6,EMP0049,William Cook,Operations,EMP0004,27,20,62692.0,0.57
ORD-000422,2022-06-24,2022-06-25,2022-06-30,2022,Q2,6,June,25,Friday,CUST-00195,Dakota Brown,Government,South,Germany,Retail Store,PROD-00232,Electronics,Tablets,1580.29,13,0.05,20543.77,1027.19,19516.58,12880.94,6635.64,34.0,39.97,1561.33,21077.91,PayPal,Economy,Completed,No,,4.5,EMP0033,George Carter,Finance,EMP0006,41,9,87961.0,0.66
ORD-000423,2022-06-25,2022-06-27,2022-07-02,2022,Q2,6,June,25,Saturday,CUST-00273,Avery Davis,Enterprise,East,Australia,Direct Sales,PROD-00224,Beauty,Skincare,186.96,9,0.15,1682.64,252.4,1430.24,815.24,615.0,43.0,38.87,114.42,1544.66,Credit Card,Economy,Completed,No,,2.7,EMP0007,Grace Kim,Marketing,EMP0005,60,21,90271.0,0.57
ORD-000424,2022-06-26,2022-06-29,2022-07-04,2022,Q2,6,June,25,Sunday,CUST-00361,Morgan Miller,Consumer,North,UK,Direct Sales,PROD-00284,Furniture,Living Room,991.37,13,0.15,12887.81,1933.17,10954.64,6244.14,4710.5,43.0,14.89,876.37,11831.01,Debit Card,Same Day,Completed,No,,2.6,EMP0027,Aaron Hill,IT,EMP0007,56,28,99482.0,0.57
ORD-000425,2022-06-26,2022-06-28,2022-07-01,2022,Q2,6,June,25,Sunday,CUST-00118,Riley Johnson,Government,Central,USA,Retail Store,PROD-00043,Sports,Fitness,119.83,31,0.2,3714.73,742.95,2971.78,2050.53,921.25,31.0,32.13,237.74,3209.52,Credit Card,Express,Completed,No,,1.1,EMP0028,Beth Scott,IT,EMP0005,29,8,129056.0,0.69
ORD-000426,2022-06-26,2022-06-27,2022-06-29,2022,Q2,6,June,25,Sunday,CUST-00257,Taylor Miller,Government,Central,Australia,Partner,PROD-00259,Sports,Winter Sports,1101.31,41,0.2,45153.71,9030.74,36122.97,19145.17,16977.8,47.0,85.55,2889.84,39012.81,PayPal,Express,Processing,No,,3.0,EMP0050,Xena Morgan,Sales,EMP0001,55,4,114566.0,0.53
ORD-000427,2022-06-27,2022-07-04,2022-07-08,2022,Q2,6,June,26,Monday,CUST-00287,Taylor Moore,SMB,North,France,Partner,PROD-00094,Furniture,Living Room,885.85,11,0.05,9744.35,487.22,9257.13,6479.99,2777.14,30.0,47.25,740.57,9997.7,Cash,Standard,Completed,No,,3.2,EMP0018,Rachel Lewis,Sales,EMP0010,40,10,111252.0,0.7
ORD-000428,2022-06-27,2022-07-04,2022-07-07,2022,Q2,6,June,26,Monday,CUST-00343,Morgan Miller,Government,South,India,Partner,PROD-00204,Books,Comics,1775.97,4,0.0,7103.88,0.0,7103.88,3836.1,3267.78,46.0,65.52,568.31,7672.19,Bank Transfer,Express,Completed,No,,3.2,EMP0037,Kevin Turner,Logistics,EMP0010,28,0,95576.0,0.54
ORD-000429,2022-06-27,2022-06-28,2022-06-29,2022,Q2,6,June,26,Monday,CUST-00182,Avery Miller,Government,East,France,Direct Sales,PROD-00262,Beauty,Personal Care,705.08,34,0.1,23972.72,2397.27,21575.45,11003.48,10571.97,49.0,59.65,1726.04,23301.49,Debit Card,Economy,Completed,No,,3.8,EMP0026,Zoe Lopez,Marketing,EMP0002,52,0,46035.0,0.51
ORD-000430,2022-06-28,2022-07-01,2022-07-07,2022,Q2,6,June,26,Tuesday,CUST-00037,Quinn Davis,Government,South,France,Wholesale,PROD-00100,Books,Children,238.55,38,0.0,9064.9,0.0,9064.9,5076.34,3988.56,44.0,,725.19,9790.09,Credit Card,Economy,Completed,No,,1.7,EMP0038,Laura Phillips,Sales,EMP0003,39,4,81231.0,0.56
ORD-000431,2022-06-28,2022-06-29,2022-07-04,2022,Q2,6,June,26,Tuesday,CUST-00204,Taylor Miller,Non-Profit,North,Japan,Direct Sales,PROD-00073,Furniture,Kitchen,290.27,46,0.1,13352.42,1335.24,12017.18,8051.51,3965.67,33.0,136.27,961.37,12978.55,Credit Card,Standard,Pending,No,,2.0,EMP0002,Bob Smith,Sales,EMP0007,61,21,145091.0,0.67
ORD-000432,2022-06-28,2022-07-01,2022-07-03,2022,Q2,6,June,26,Tuesday,CUST-00380,Casey Davis,Non-Profit,East,Japan,Retail Store,PROD-00114,Furniture,Bedroom,1524.21,4,0.1,6096.84,609.68,5487.16,2414.35,3072.81,56.0,76.48,438.97,5926.13,PayPal,Standard,Completed,No,,4.2,EMP0011,Karen Anderson,IT,EMP0002,35,25,149488.0,0.44
ORD-000433,2022-06-28,2022-07-01,2022-07-07,2022,Q2,6,June,26,Tuesday,CUST-00022,Avery Davis,Government,West,Japan,Wholesale,PROD-00009,Food & Beverage,Beverages,1238.35,38,0.1,47057.3,4705.73,42351.57,19905.24,22446.33,53.0,52.87,3388.13,45739.7,PayPal,Same Day,Returned,Yes,Wrong Item,4.8,EMP0033,George Carter,Finance,EMP0006,60,5,119007.0,0.47
ORD-000434,2022-06-29,2022-06-30,2022-07-03,2022,Q2,6,June,26,Wednesday,CUST-00224,Jamie Johnson,SMB,West,Germany,Online,PROD-00102,Electronics,Accessories,206.74,19,0.0,3928.06,0.0,3928.06,2867.48,1060.58,27.0,20.49,314.24,4242.3,Debit Card,Standard,Completed,No,,1.5,EMP0011,Karen Anderson,IT,EMP0002,57,31,61164.0,0.73
ORD-000435,2022-07-01,2022-07-06,2022-07-07,2022,Q3,7,July,26,Friday,CUST-00010,Avery Jones,Government,East,Canada,Online,PROD-00182,Automotive,Tools,172.79,6,0.0,1036.74,0.0,1036.74,476.9,559.84,54.0,143.24,82.94,1119.68,PayPal,Standard,Completed,No,,,EMP0020,Tina Hall,Marketing,EMP0002,38,10,46717.0,0.46
ORD-000436,2022-07-01,2022-07-08,2022-07-11,2022,Q3,7,July,26,Friday,CUST-00236,Taylor Johnson,Enterprise,West,Germany,Partner,PROD-00270,Electronics,Accessories,1403.43,34,0.05,47716.62,2385.83,45330.79,27198.47,18132.32,40.0,13.73,3626.46,48957.25,Bank Transfer,Standard,Completed,No,,1.9,EMP0039,Mike Campbell,Logistics,EMP0009,58,9,82698.0,0.6
ORD-000437,2022-07-01,2022-07-04,2022-07-07,2022,Q3,7,July,26,Friday,CUST-00040,Alex Moore,Government,East,Canada,Wholesale,PROD-00078,Furniture,Kitchen,150.16,18,0.0,2702.88,0.0,2702.88,1621.73,1081.15,40.0,48.16,216.23,2919.11,Debit Card,Economy,Completed,No,,1.2,EMP0045,Steve Sanchez,Operations,EMP0009,30,33,133506.0,0.6
ORD-000438,2022-07-02,2022-07-03,2022-07-07,2022,Q3,7,July,26,Saturday,CUST-00161,Riley Jones,Government,South,Germany,Direct Sales,PROD-00289,Beauty,Fragrance,1644.61,13,0.2,21379.93,4275.99,17103.94,9749.25,7354.69,43.0,48.22,1368.32,18472.26,Cash,Same Day,Completed,No,,2.3,EMP0034,Hannah Mitchell,HR,EMP0004,41,30,118014.0,0.57
ORD-000439,2022-07-03,2022-07-08,2022-07-14,2022,Q3,7,July,26,Sunday,CUST-00295,Alex Johnson,Enterprise,South,Australia,Retail Store,PROD-00272,Electronics,Phones,1413.95,41,0.0,57971.95,0.0,57971.95,36522.33,21449.62,37.0,51.46,4637.76,62609.71,Bank Transfer,Standard,Completed,No,,1.6,EMP0013,Mia Jackson,HR,EMP0002,49,11,136648.0,0.63
ORD-000440,2022-07-04,2022-07-11,2022-07-15,2022,Q3,7,July,27,Monday,CUST-00220,Riley Wilson,Consumer,North,Japan,Partner,PROD-00269,Beauty,Makeup,167.29,23,0.0,3847.67,0.0,3847.67,1846.88,2000.79,52.0,28.82,307.81,4155.48,Debit Card,Express,Completed,No,,3.8,EMP0037,Kevin Turner,Logistics,EMP0010,41,15,105814.0,0.48
ORD-000441,2022-07-06,2022-07-09,2022-07-12,2022,Q3,7,July,27,Wednesday,CUST-00294,Casey Johnson,Non-Profit,South,France,Partner,PROD-00025,Electronics,Cameras,174.25,19,0.0,3310.75,0.0,3310.75,1953.34,1357.41,41.0,118.56,264.86,3575.61,Debit Card,Same Day,Returned,Yes,Not as Described,3.1,EMP0049,William Cook,Operations,EMP0004,57,2,49988.0,0.59
ORD-000442,2022-07-08,2022-07-15,2022-07-16,2022,Q3,7,July,27,Friday,CUST-00208,Riley Wilson,Non-Profit,South,Germany,Wholesale,PROD-00273,Automotive,Accessories,1973.35,45,0.1,88800.75,8880.08,79920.67,42357.96,37562.71,47.0,22.76,6393.65,86314.32,Debit Card,Standard,Completed,No,,1.6,EMP0009,Iris Wilson,IT,EMP0008,48,1,48202.0,0.53
ORD-000443,2022-07-09,2022-07-14,2022-07-16,2022,Q3,7,July,27,Saturday,CUST-00364,Jordan Garcia,SMB,North,USA,Retail Store,PROD-00186,Sports,Winter Sports,751.67,11,0.1,8268.37,826.84,7441.53,4688.16,2753.37,37.0,97.06,595.32,8036.85,Credit Card,Economy,Completed,No,,1.0,EMP0009,Iris Wilson,IT,EMP0008,29,4,40520.0,0.63
ORD-000444,2022-07-11,2022-07-18,2022-07-20,2022,Q3,7,July,28,Monday,CUST-00328,Jamie Wilson,Non-Profit,Central,Canada,Online,PROD-00277,Clothing,Kids,744.43,1,0.0,744.43,0.0,744.43,334.99,409.44,55.0,22.96,59.55,803.98,Debit Card,Economy,Completed,No,,4.2,EMP0043,Quincy Collins,Finance,EMP0007,53,10,100214.0,0.45
ORD-000445,2022-07-12,2022-07-16,2022-07-22,2022,Q3,7,July,28,Tuesday,CUST-00214,Riley Williams,SMB,Central,France,Partner,PROD-00118,Furniture,Bedroom,1626.54,24,0.0,39036.96,0.0,39036.96,23422.18,15614.78,40.0,15.23,3122.96,42159.92,Credit Card,Express,Completed,No,,1.7,EMP0022,Victor Young,HR,EMP0004,22,24,62932.0,0.6
ORD-000446,2022-07-12,2022-07-18,2022-07-23,2022,Q3,7,July,28,Tuesday,CUST-00149,Morgan Williams,Consumer,East,Germany,Partner,PROD-00272,Furniture,Outdoor,1894.76,7,0.05,13263.32,663.17,12600.15,5796.07,6804.08,54.0,136.87,1008.01,13608.16,Debit Card,Express,Cancelled,No,,3.4,EMP0004,David Brown,IT,EMP0006,38,34,119454.0,0.46
ORD-000447,2022-07-13,2022-07-17,2022-07-22,2022,Q3,7,July,28,Wednesday,CUST-00059,Avery Garcia,Government,Central,Japan,Wholesale,PROD-00086,Automotive,Care Products,1972.07,25,0.0,49301.75,0.0,49301.75,24650.88,24650.87,50.0,32.57,3944.14,53245.89,Bank Transfer,Express,Completed,No,,2.3,EMP0006,Frank Lee,Marketing,EMP0010,30,34,113919.0,0.5
ORD-000448,2022-07-14,2022-07-19,2022-07-21,2022,Q3,7,July,28,Thursday,CUST-00208,Riley Wilson,Government,Central,Canada,Partner,PROD-00192,Books,Comics,1507.99,21,0.1,31667.79,3166.78,28501.01,13680.48,14820.53,52.0,124.08,2280.08,30781.09,Credit Card,Same Day,Completed,No,,3.3,EMP0020,Tina Hall,Marketing,EMP0002,41,21,71583.0,0.48
ORD-000449,2022-07-16,2022-07-19,2022-07-22,2022,Q3,7,July,28,Saturday,CUST-00011,Quinn Moore,Consumer,Central,Canada,Wholesale,PROD-00082,Electronics,Laptops,755.64,15,0.1,11334.6,1133.46,10201.14,4692.52,5508.62,54.0,83.97,816.09,11017.23,Bank Transfer,Economy,Processing,No,,2.3,EMP0050,Xena Morgan,Sales,EMP0001,53,21,55332.0,0.46
ORD-000450,2022-07-17,2022-07-18,2022-07-21,2022,Q3,7,July,28,Sunday,CUST-00167,Jordan Davis,Government,South,Germany,Retail Store,PROD-00052,Food & Beverage,Bakery,171.58,1,0.0,171.58,0.0,171.58,118.39,53.19,31.0,16.29,13.73,185.31,PayPal,Economy,Completed,No,,1.3,EMP0010,Jack Taylor,Sales,EMP0009,23,10,46776.0,0.69
ORD-000451,2022-07-17,2022-07-19,2022-07-23,2022,Q3,7,July,28,Sunday,CUST-00088,Morgan Smith,Consumer,Central,Canada,Online,PROD-00085,Sports,Team Sports,1555.41,12,0.0,18664.92,0.0,18664.92,9332.46,9332.46,50.0,143.54,1493.19,20158.11,Credit Card,Same Day,Completed,No,,1.9,EMP0023,Wendy Hernandez,HR,EMP0005,53,31,119791.0,0.5
ORD-000452,2022-07-20,2022-07-21,2022-07-27,2022,Q3,7,July,29,Wednesday,CUST-00317,Jamie Miller,Government,South,Canada,Online,PROD-00116,Clothing,Formal,1119.02,7,0.25,7833.14,1958.28,5874.86,4229.9,1644.96,28.0,40.81,469.99,6344.85,Credit Card,Express,Completed,No,,1.8,EMP0030,Diana Adams,HR,EMP0006,30,34,86801.0,0.72
ORD-000453,2022-07-20,2022-07-27,2022-07-31,2022,Q3,7,July,29,Wednesday,CUST-00236,Taylor Johnson,Non-Profit,South,Canada,Partner,PROD-00078,Electronics,Laptops,851.32,15,0.05,12769.8,638.49,12131.31,8977.17,3154.14,26.0,129.65,970.5,13101.81,Cash,Express,Completed,No,,2.7,EMP0026,Zoe Lopez,Marketing,EMP0002,51,30,72206.0,0.74
ORD-000454,2022-07-21,2022-07-23,2022-07-28,2022,Q3,7,July,29,Thursday,CUST-00354,Avery Brown,Non-Profit,North,Canada,Partner,PROD-00277,Furniture,Bedroom,1813.18,21,0.1,38076.78,3807.68,34269.1,20561.46,13707.64,40.0,29.48,2741.53,37010.63,Credit Card,Express,Returned,Yes,,3.6,EMP0011,Karen Anderson,IT,EMP0002,41,7,133515.0,0.6
ORD-000455,2022-07-21,2022-07-23,2022-07-25,2022,Q3,7,July,29,Thursday,CUST-00186,Taylor Johnson,Government,East,Australia,Wholesale,PROD-00218,Automotive,Care Products,226.84,19,0.0,4309.96,0.0,4309.96,1939.48,2370.48,55.0,128.82,344.8,4654.76,Bank Transfer,Economy,Returned,Yes,Changed Mind,2.1,EMP0030,Diana Adams,HR,EMP0006,59,19,103266.0,0.45
ORD-000456,2022-07-22,2022-07-29,2022-08-01,2022,Q3,7,July,29,Friday,CUST-00046,Taylor Smith,Enterprise,North,UK,Retail Store,PROD-00104,Beauty,Haircare,987.79,29,0.05,28645.91,1432.3,27213.61,14423.21,12790.4,47.0,6.92,2177.09,29390.7,Cash,Express,Processing,No,,1.0,EMP0001,Alice Johnson,IT,EMP0002,22,33,94570.0,0.53
ORD-000457,2022-07-24,2022-07-31,2022-08-02,2022,Q3,7,July,29,Sunday,CUST-00224,Jamie Johnson,Consumer,West,USA,Wholesale,PROD-00143,Books,Comics,27.65,25,0.0,691.25,0.0,691.25,470.05,221.2,32.0,79.21,55.3,746.55,Debit Card,Standard,Completed,No,,3.1,EMP0043,Quincy Collins,Finance,EMP0007,26,3,120489.0,0.68
ORD-000458,2022-07-24,2022-07-27,2022-07-28,2022,Q3,7,July,29,Sunday,CUST-00055,Dakota Wilson,SMB,South,France,Direct Sales,PROD-00026,Clothing,Women,939.98,33,0.05,31019.34,1550.97,29468.37,15618.24,13850.13,47.0,116.57,2357.47,31825.84,Credit Card,Standard,Completed,No,,3.4,EMP0010,Jack Taylor,Sales,EMP0009,56,17,128792.0,0.53
ORD-000459,2022-07-25,2022-07-30,2022-08-01,2022,Q3,7,July,30,Monday,CUST-00125,Casey Moore,Government,Central,Canada,Partner,PROD-00206,Clothing,Sportswear,117.33,49,0.25,5749.17,1437.29,4311.88,1854.11,2457.77,57.0,140.55,344.95,4656.83,Debit Card,Standard,Returned,Yes,,4.9,EMP0013,Mia Jackson,HR,EMP0002,57,3,113898.0,0.43
ORD-000460,2022-07-25,2022-07-26,2022-07-27,2022,Q3,7,July,30,Monday,CUST-00224,Jamie Johnson,SMB,Central,Japan,Online,PROD-00152,Food & Beverage,Snacks,242.04,32,0.0,7745.28,0.0,7745.28,4569.72,3175.56,41.0,136.83,619.62,8364.9,PayPal,Express,Completed,No,,3.4,EMP0012,Leo Thomas,IT,EMP0007,22,19,85601.0,0.59
ORD-000461,2022-07-25,2022-07-30,2022-08-03,2022,Q3,7,July,30,Monday,CUST-00302,Quinn Johnson,SMB,West,Germany,Online,PROD-00200,Automotive,Accessories,239.46,49,0.0,11733.54,0.0,11733.54,8213.48,3520.06,30.0,123.85,938.68,12672.22,Debit Card,Standard,Completed,No,,2.9,EMP0020,Tina Hall,Marketing,EMP0002,35,8,78619.0,0.7
ORD-000462,2022-07-26,2022-07-30,2022-08-03,2022,Q3,7,July,30,Tuesday,CUST-00206,Alex Wilson,SMB,East,France,Wholesale,PROD-00268,Clothing,Formal,1300.17,35,0.0,45505.95,0.0,45505.95,30944.05,14561.9,32.0,133.79,3640.48,49146.43,Credit Card,Express,Completed,No,,3.3,EMP0020,Tina Hall,Marketing,EMP0002,30,15,123741.0,0.68
ORD-000463,2022-07-26,2022-07-29,2022-08-03,2022,Q3,7,July,30,Tuesday,CUST-00269,Alex Miller,Enterprise,South,Canada,Wholesale,PROD-00216,Electronics,Accessories,1493.36,44,0.0,65707.84,0.0,65707.84,30225.61,35482.23,54.0,33.89,5256.63,70964.47,Debit Card,Standard,Completed,No,,4.7,EMP0006,Frank Lee,Marketing,EMP0010,51,25,94559.0,0.46
ORD-000464,2022-07-27,2022-07-30,2022-08-01,2022,Q3,7,July,30,Wednesday,CUST-00041,Dakota Williams,Enterprise,West,Australia,Partner,PROD-00244,Automotive,Accessories,1168.82,38,0.0,44415.16,0.0,44415.16,28425.7,15989.46,36.0,46.21,3553.21,47968.37,Credit Card,Same Day,Completed,No,,4.3,EMP0012,Leo Thomas,IT,EMP0007,45,24,116004.0,0.64
ORD-000465,2022-08-01,2022-08-05,2022-08-07,2022,Q3,8,August,31,Monday,CUST-00203,Morgan Wilson,Non-Profit,West,USA,Wholesale,PROD-00240,Food & Beverage,Bakery,1924.53,26,0.0,50037.78,0.0,50037.78,24018.13,26019.65,52.0,46.9,4003.02,54040.8,Credit Card,Economy,Cancelled,No,,2.3,EMP0016,Paul Garcia,Finance,EMP0010,25,3,137396.0,0.48
ORD-000466,2022-08-03,2022-08-04,2022-08-05,2022,Q3,8,August,31,Wednesday,CUST-00159,Avery Davis,Consumer,West,France,Online,PROD-00165,Furniture,Office,752.87,11,0.15,8281.57,1242.24,7039.33,3378.88,3660.45,52.0,59.67,563.15,7602.48,Cash,Standard,Cancelled,No,,1.9,EMP0014,Nathan Harris,Sales,EMP0009,35,18,140327.0,0.48
ORD-000467,2022-08-03,2022-08-09,2022-08-13,2022,Q3,8,August,31,Wednesday,CUST-00382,Jamie Miller,Government,South,France,Online,PROD-00070,Sports,Fitness,575.0,35,0.05,20125.0,1006.25,19118.75,13574.31,5544.44,29.0,62.03,1529.5,20648.25,Bank Transfer,Same Day,Completed,No,,2.1,EMP0028,Beth Scott,IT,EMP0005,46,13,66937.0,0.71
ORD-000468,2022-08-03,2022-08-07,2022-08-08,2022,Q3,8,August,31,Wednesday,CUST-00174,Avery Williams,Government,South,Canada,Online,PROD-00154,Sports,Outdoor,1737.86,8,0.0,13902.88,0.0,13902.88,6812.41,7090.47,51.0,83.96,1112.23,15015.11,Debit Card,Express,Completed,No,,3.0,EMP0006,Frank Lee,Marketing,EMP0010,25,20,56607.0,0.49
ORD-000469,2022-08-05,2022-08-06,2022-08-10,2022,Q3,8,August,31,Friday,CUST-00114,Taylor Williams,Government,South,France,Direct Sales,PROD-00001,Beauty,Fragrance,451.07,46,0.2,20749.22,4149.84,16599.38,8133.7,8465.68,51.0,28.18,1327.95,17927.33,Debit Card,Economy,Completed,No,,4.0,EMP0047,Umar Rogers,Marketing,EMP0006,46,14,65048.0,0.49
ORD-000470,2022-08-06,2022-08-08,2022-08-09,2022,Q3,8,August,31,Saturday,CUST-00171,Jamie Miller,Government,South,Japan,Wholesale,PROD-00039,Automotive,Accessories,1926.63,14,0.0,26972.82,0.0,26972.82,10789.13,16183.69,60.0,105.23,2157.83,29130.65,Bank Transfer,Express,Cancelled,No,,3.0,EMP0016,Paul Garcia,Finance,EMP0010,31,2,121408.0,0.4
ORD-000471,2022-08-07,2022-08-14,2022-08-18,2022,Q3,8,August,31,Sunday,CUST-00399,Avery Miller,Consumer,North,Canada,Partner,PROD-00129,Beauty,Skincare,29.25,10,0.25,292.5,73.12,219.38,153.57,65.81,30.0,29.3,17.55,236.93,Debit Card,Express,Completed,No,,1.3,EMP0010,Jack Taylor,Sales,EMP0009,56,15,77557.0,0.7
ORD-000472,2022-08-08,2022-08-11,2022-08-12,2022,Q3,8,August,32,Monday,CUST-00087,Dakota Johnson,Government,West,Germany,Online,PROD-00285,Beauty,Makeup,1939.91,2,0.0,3879.82,0.0,3879.82,2638.28,1241.54,32.0,49.99,310.39,4190.21,Cash,Economy,Completed,No,,3.9,EMP0044,Rose Stewart,Operations,EMP0005,28,13,54940.0,0.68
ORD-000473,2022-08-09,2022-08-10,2022-08-14,2022,Q3,8,August,32,Tuesday,CUST-00040,Alex Moore,Government,North,UK,Direct Sales,PROD-00160,Books,Education,91.1,46,0.2,4190.6,838.12,3352.48,2078.54,1273.94,38.0,77.99,268.2,3620.68,PayPal,Same Day,Completed,No,,4.2,EMP0036,Julia Roberts,Logistics,EMP0002,34,8,46314.0,0.62
ORD-000474,2022-08-10,2022-08-15,2022-08-21,2022,Q3,8,August,32,Wednesday,CUST-00262,Dakota Williams,Consumer,East,USA,Wholesale,PROD-00107,Sports,Outdoor,1782.83,9,0.1,16045.47,1604.55,14440.92,9531.01,4909.91,34.0,120.48,1155.27,15596.19,Bank Transfer,Same Day,Completed,No,,2.2,EMP0050,Xena Morgan,Sales,EMP0001,25,6,72641.0,0.66
ORD-000475,2022-08-11,2022-08-18,2022-08-19,2022,Q3,8,August,32,Thursday,CUST-00325,Jamie Smith,Non-Profit,West,India,Retail Store,PROD-00035,Furniture,Living Room,1057.76,3,0.15,3173.28,475.99,2697.29,1213.78,1483.51,55.0,112.22,215.78,2913.07,Bank Transfer,Express,Completed,No,,3.7,EMP0024,Xander King,Sales,EMP0002,57,13,50656.0,0.45
ORD-000476,2022-08-12,2022-08-17,2022-08-19,2022,Q3,8,August,32,Friday,CUST-00059,Avery Garcia,Enterprise,South,Japan,Partner,PROD-00031,Clothing,Women,1985.96,21,0.25,41705.16,10426.29,31278.87,17516.17,13762.7,44.0,98.6,2502.31,33781.18,PayPal,Standard,Returned,Yes,Not as Described,2.7,EMP0001,Alice Johnson,IT,EMP0002,35,5,52983.0,0.56
ORD-000477,2022-08-13,2022-08-20,2022-08-25,2022,Q3,8,August,32,Saturday,CUST-00272,Alex Brown,Government,South,Canada,Partner,PROD-00211,Furniture,Kitchen,152.22,26,0.0,3957.72,0.0,3957.72,2058.01,1899.71,48.0,27.59,316.62,4274.34,Bank Transfer,Economy,Completed,No,,4.6,EMP0031,Ethan Baker,Finance,EMP0003,39,20,113647.0,0.52
ORD-000478,2022-08-13,2022-08-16,2022-08-22,2022,Q3,8,August,32,Saturday,CUST-00262,Dakota Williams,Enterprise,South,Japan,Partner,PROD-00072,Food & Beverage,Dairy,1109.94,8,0.25,8879.52,2219.88,6659.64,2863.65,3795.99,57.0,84.32,532.77,7192.41,Credit Card,Economy,Completed,No,,4.4,EMP0011,Karen Anderson,IT,EMP0002,29,14,37269.0,0.43
ORD-000479,2022-08-14,2022-08-18,2022-08-24,2022,Q3,8,August,32,Sunday,CUST-00100,Casey Smith,Enterprise,North,France,Partner,PROD-00074,Clothing,Sportswear,1938.76,48,0.0,93060.48,0.0,93060.48,53044.47,40016.01,43.0,17.68,7444.84,100505.32,PayPal,Economy,Completed,No,,3.1,EMP0023,Wendy Hernandez,HR,EMP0005,53,7,48519.0,0.57
ORD-000480,2022-08-14,2022-08-20,2022-08-21,2022,Q3,8,August,32,Sunday,CUST-00398,Riley Wilson,Government,South,Canada,Retail Store,PROD-00247,Food & Beverage,Bakery,1048.58,2,0.0,2097.16,0.0,2097.16,1509.96,587.2,28.0,59.72,167.77,2264.93,Credit Card,Standard,Completed,No,,3.8,EMP0007,Grace Kim,Marketing,EMP0005,48,33,132102.0,0.72
ORD-000481,2022-08-15,2022-08-19,2022-08-24,2022,Q3,8,August,33,Monday,CUST-00179,Alex Smith,Non-Profit,West,USA,Wholesale,PROD-00083,Clothing,Sportswear,1260.65,6,0.0,7563.9,0.0,7563.9,3101.2,4462.7,59.0,64.96,605.11,8169.01,Debit Card,Standard,Cancelled,No,,4.5,EMP0031,Ethan Baker,Finance,EMP0003,58,0,132165.0,0.41
ORD-000482,2022-08-20,2022-08-21,2022-08-23,2022,Q3,8,August,33,Saturday,CUST-00180,Casey Davis,SMB,Central,France,Wholesale,PROD-00125,Food & Beverage,Beverages,1393.02,28,0.05,39004.56,1950.23,37054.33,18527.16,18527.17,50.0,10.77,2964.35,40018.68,Credit Card,Express,Completed,No,,3.0,EMP0036,Julia Roberts,Logistics,EMP0002,44,31,72863.0,0.5
ORD-000483,2022-08-21,2022-08-25,2022-08-31,2022,Q3,8,August,33,Sunday,CUST-00373,Dakota Garcia,SMB,West,Germany,Wholesale,PROD-00201,Books,Fiction,911.81,29,0.0,26442.49,0.0,26442.49,12427.97,14014.52,53.0,44.73,2115.4,28557.89,Credit Card,Same Day,Cancelled,No,,2.3,EMP0044,Rose Stewart,Operations,EMP0005,28,4,45115.0,0.47
ORD-000484,2022-08-22,2022-08-25,2022-08-27,2022,Q3,8,August,34,Monday,CUST-00331,Riley Johnson,Government,East,Japan,Partner,PROD-00082,Books,Education,1256.98,26,0.1,32681.48,3268.15,29413.33,14118.4,15294.93,52.0,143.57,2353.07,31766.4,Cash,Standard,Completed,No,,4.0,EMP0026,Zoe Lopez,Marketing,EMP0002,33,29,116072.0,0.48
ORD-000485,2022-08-24,2022-08-25,2022-08-29,2022,Q3,8,August,34,Wednesday,CUST-00076,Casey Davis,Consumer,West,Germany,Retail Store,PROD-00215,Beauty,Skincare,1170.71,25,0.05,29267.75,1463.39,27804.36,20019.14,7785.22,28.0,143.28,2224.35,30028.71,Debit Card,Standard,Completed,No,,1.9,EMP0045,Steve Sanchez,Operations,EMP0009,46,21,76415.0,0.72
ORD-000486,2022-08-25,2022-08-27,2022-09-01,2022,Q3,8,August,34,Thursday,CUST-00121,Taylor Smith,Consumer,South,Canada,Direct Sales,PROD-00201,Automotive,Care Products,1802.81,12,0.15,21633.72,3245.06,18388.66,10297.65,8091.01,44.0,56.09,1471.09,19859.75,Cash,Economy,Completed,No,,2.6,EMP0014,Nathan Harris,Sales,EMP0009,24,19,40228.0,0.56
ORD-000487,2022-08-26,2022-08-30,2022-09-02,2022,Q3,8,August,34,Friday,CUST-00053,Avery Brown,Non-Profit,West,Japan,Partner,PROD-00100,Clothing,Kids,95.67,5,0.15,478.35,71.75,406.6,227.7,178.9,44.0,11.25,32.53,439.13,Debit Card,Express,Completed,No,,4.5,EMP0031,Ethan Baker,Finance,EMP0003,47,15,53150.0,0.56
ORD-000488,2022-08-28,2022-09-01,2022-09-05,2022,Q3,8,August,34,Sunday,CUST-00075,Jamie Davis,Government,West,France,Retail Store,PROD-00128,Beauty,Makeup,565.52,34,0.05,19227.68,961.38,18266.3,12238.42,6027.88,33.0,30.97,1461.3,19727.6,Credit Card,Standard,Completed,No,,3.9,EMP0043,Quincy Collins,Finance,EMP0007,25,6,50780.0,0.67
ORD-000489,2022-08-29,2022-09-04,2022-09-09,2022,Q3,8,August,35,Monday,CUST-00132,Casey Johnson,Consumer,North,UK,Online,PROD-00180,Furniture,Kitchen,1901.07,48,0.0,91251.36,0.0,91251.36,41063.11,50188.25,55.0,61.87,7300.11,98551.47,Bank Transfer,Same Day,Returned,Yes,Not as Described,2.6,EMP0025,Yara Wright,HR,EMP0004,57,6,102748.0,0.45
ORD-000490,2022-08-29,2022-08-30,2022-08-31,2022,Q3,8,August,35,Monday,CUST-00102,Quinn Moore,Enterprise,Central,Japan,Wholesale,PROD-00037,Books,Comics,1781.08,37,0.0,65899.96,0.0,65899.96,37562.98,28336.98,43.0,142.43,5272.0,71171.96,Bank Transfer,Standard,Completed,No,,1.9,EMP0030,Diana Adams,HR,EMP0006,36,1,138284.0,0.57
ORD-000491,2022-08-30,2022-09-04,2022-09-05,2022,Q3,8,August,35,Tuesday,CUST-00089,Avery Williams,Government,West,USA,Partner,PROD-00116,Sports,Winter Sports,914.04,15,0.0,13710.6,0.0,13710.6,7540.83,6169.77,45.0,25.47,1096.85,14807.45,Bank Transfer,Express,Completed,No,,2.4,EMP0046,Tara Morris,Marketing,EMP0004,53,13,126203.0,0.55
ORD-000492,2022-08-31,2022-09-04,2022-09-06,2022,Q3,8,August,35,Wednesday,CUST-00309,Alex Williams,Government,East,Canada,Partner,PROD-00142,Books,Non-Fiction,1242.16,44,0.0,54655.04,0.0,54655.04,33339.57,21315.47,39.0,115.71,4372.4,59027.44,Cash,Same Day,Returned,Yes,Not as Described,2.1,EMP0016,Paul Garcia,Finance,EMP0010,50,30,97849.0,0.61
ORD-000493,2022-09-01,2022-09-04,2022-09-10,2022,Q3,9,September,35,Thursday,CUST-00079,Avery Jones,SMB,West,UK,Retail Store,PROD-00072,Sports,Water Sports,558.38,36,0.0,20101.68,0.0,20101.68,15076.26,5025.42,25.0,20.76,1608.13,21709.81,PayPal,Same Day,Pending,No,,1.7,EMP0049,William Cook,Operations,EMP0004,31,13,83548.0,0.75
ORD-000494,2022-09-04,2022-09-08,2022-09-11,2022,Q3,9,September,35,Sunday,CUST-00390,Casey Johnson,SMB,Central,Germany,Wholesale,PROD-00206,Clothing,Sportswear,380.3,15,0.0,5704.5,0.0,5704.5,3822.02,1882.48,33.0,147.28,456.36,6160.86,Cash,Economy,Completed,No,,4.0,EMP0007,Grace Kim,Marketing,EMP0005,42,4,106148.0,0.67
ORD-000495,2022-09-04,2022-09-10,2022-09-11,2022,Q3,9,September,35,Sunday,CUST-00389,Taylor Davis,Government,Central,USA,Direct Sales,PROD-00064,Clothing,Kids,930.08,43,0.25,39993.44,9998.36,29995.08,16197.34,13797.74,46.0,60.33,2399.61,32394.69,Cash,Same Day,Processing,No,,2.0,EMP0025,Yara Wright,HR,EMP0004,37,10,86038.0,0.54
ORD-000496,2022-09-04,2022-09-06,2022-09-11,2022,Q3,9,September,35,Sunday,CUST-00336,Morgan Miller,Enterprise,Central,India,Online,PROD-00300,Food & Beverage,Frozen,709.94,48,0.1,34077.12,3407.71,30669.41,21161.89,9507.52,31.0,117.41,2453.55,33122.96,PayPal,Standard,Completed,No,,2.8,EMP0009,Iris Wilson,IT,EMP0008,40,4,63301.0,0.69
ORD-000497,2022-09-05,2022-09-11,2022-09-17,2022,Q3,9,September,36,Monday,CUST-00039,Quinn Brown,Consumer,Central,Australia,Retail Store,PROD-00078,Sports,Fitness,1169.39,23,0.0,26895.97,0.0,26895.97,12372.15,14523.82,54.0,54.68,2151.68,29047.65,Debit Card,Express,Completed,No,,2.5,EMP0021,Uma Allen,Marketing,EMP0001,50,28,113108.0,0.46
ORD-000498,2022-09-06,2022-09-10,2022-09-16,2022,Q3,9,September,36,Tuesday,CUST-00091,Dakota Brown,Enterprise,Central,Japan,Direct Sales,PROD-00106,Electronics,Accessories,160.08,6,0.1,960.48,96.05,864.43,354.42,510.01,59.0,96.01,69.15,933.58,Bank Transfer,Same Day,Cancelled,No,,4.9,EMP0049,William Cook,Operations,EMP0004,39,10,135423.0,0.41
ORD-000499,2022-09-06,2022-09-11,2022-09-16,2022,Q3,9,September,36,Tuesday,CUST-00396,Dakota Moore,SMB,North,France,Direct Sales,PROD-00228,Furniture,Office,1948.92,46,0.0,89650.32,0.0,89650.32,42135.65,47514.67,53.0,32.84,7172.03,96822.35,Debit Card,Standard,Completed,No,,2.6,EMP0009,Iris Wilson,IT,EMP0008,37,4,77880.0,0.47
ORD-000500,2022-09-07,2022-09-14,2022-09-20,2022,Q3,9,September,36,Wednesday,CUST-00322,Jordan Garcia,Consumer,Central,UK,Online,PROD-00073,Beauty,Fragrance,1972.49,50,0.05,98624.5,4931.23,93693.27,48720.5,44972.77,48.0,26.17,7495.46,101188.73,PayPal,Express,Completed,No,,1.3,EMP0026,Zoe Lopez,Marketing,EMP0002,22,31,131777.0,0.52
ORD-000501,2022-09-08,2022-09-12,2022-09-13,2022,Q3,9,September,36,Thursday,CUST-00253,Avery Moore,Non-Profit,North,France,Online,PROD-00142,Food & Beverage,Snacks,1397.83,44,0.1,61504.52,6150.45,55354.07,32105.36,23248.71,42.0,141.02,4428.33,59782.4,Credit Card,Same Day,Completed,No,,1.4,EMP0050,Xena Morgan,Sales,EMP0001,23,14,84574.0,0.58
ORD-000502,2022-09-09,2022-09-10,2022-09-15,2022,Q3,9,September,36,Friday,CUST-00238,Quinn Brown,Government,West,USA,Online,PROD-00168,Clothing,Formal,1074.51,43,0.05,46203.93,2310.2,43893.73,27214.11,16679.62,38.0,138.06,3511.5,47405.23,Cash,Economy,Cancelled,No,,3.4,EMP0021,Uma Allen,Marketing,EMP0001,36,18,81154.0,0.62
ORD-000503,2022-09-10,2022-09-14,2022-09-19,2022,Q3,9,September,36,Saturday,CUST-00387,Morgan Wilson,SMB,West,Australia,Direct Sales,PROD-00006,Furniture,Outdoor,622.51,45,0.05,28012.95,1400.65,26612.3,19160.86,7451.44,28.0,133.68,2128.98,28741.28,Bank Transfer,Standard,Cancelled,No,,3.4,EMP0019,Sam Walker,Sales,EMP0004,60,21,38257.0,0.72
ORD-000504,2022-09-11,2022-09-16,2022-09-18,2022,Q3,9,September,36,Sunday,CUST-00289,Jamie Jones,Consumer,North,Australia,Retail Store,PROD-00061,Beauty,Makeup,1628.52,21,0.25,34198.92,8549.73,25649.19,14876.53,10772.66,42.0,95.69,2051.94,27701.13,Debit Card,Standard,Completed,No,,2.7,EMP0044,Rose Stewart,Operations,EMP0005,49,33,114957.0,0.58
ORD-000505,2022-09-12,2022-09-13,2022-09-16,2022,Q3,9,September,37,Monday,CUST-00390,Casey Johnson,SMB,South,Germany,Direct Sales,PROD-00267,Automotive,Tools,1371.04,23,0.2,31533.92,6306.78,25227.14,14631.74,10595.4,42.0,122.2,2018.17,27245.31,Debit Card,Economy,Completed,No,,2.7,EMP0047,Umar Rogers,Marketing,EMP0006,22,16,127863.0,0.58
ORD-000506,2022-09-12,2022-09-15,2022-09-17,2022,Q3,9,September,37,Monday,CUST-00297,Riley Wilson,Non-Profit,Central,Australia,Retail Store,PROD-00160,Electronics,Cameras,329.42,43,0.1,14165.06,1416.51,12748.55,5354.39,7394.16,58.0,15.01,1019.88,13768.43,Bank Transfer,Same Day,Completed,No,,1.2,EMP0028,Beth Scott,IT,EMP0005,26,11,111309.0,0.42
ORD-000507,2022-09-15,2022-09-16,2022-09-19,2022,Q3,9,September,37,Thursday,CUST-00230,Alex Johnson,Non-Profit,Central,USA,Direct Sales,PROD-00269,Sports,Water Sports,1822.3,16,0.1,29156.8,2915.68,26241.12,10758.86,15482.26,59.0,53.54,2099.29,28340.41,Cash,Standard,Completed,No,,,EMP0039,Mike Campbell,Logistics,EMP0009,43,24,52407.0,0.41
ORD-000508,2022-09-15,2022-09-21,2022-09-26,2022,Q3,9,September,37,Thursday,CUST-00349,Jordan Moore,SMB,West,UK,Online,PROD-00053,Sports,Winter Sports,1645.96,47,0.1,77360.12,7736.01,69624.11,41078.22,28545.89,41.0,50.49,5569.93,75194.04,Credit Card,Standard,Completed,No,,3.0,EMP0026,Zoe Lopez,Marketing,EMP0002,57,16,46879.0,0.59
ORD-000509,2022-09-15,2022-09-17,2022-09-23,2022,Q3,9,September,37,Thursday,CUST-00290,Riley Johnson,Enterprise,North,Japan,Wholesale,PROD-00242,Food & Beverage,Beverages,1899.85,15,0.0,28497.75,0.0,28497.75,15673.76,12823.99,45.0,97.17,2279.82,30777.57,Debit Card,Same Day,Returned,Yes,,1.6,EMP0035,Ian Perez,Operations,EMP0005,34,9,100879.0,0.55
ORD-000510,2022-09-18,2022-09-24,2022-09-27,2022,Q3,9,September,37,Sunday,CUST-00330,Morgan Moore,Enterprise,Central,UK,Partner,PROD-00119,Electronics,Accessories,1452.81,25,0.0,36320.25,0.0,36320.25,25060.97,11259.28,31.0,56.61,2905.62,39225.87,Bank Transfer,Economy,Completed,No,,1.4,EMP0005,Eva Martinez,Operations,EMP0006,22,27,81174.0,0.69
ORD-000511,2022-09-18,2022-09-25,2022-09-30,2022,Q3,9,September,37,Sunday,CUST-00326,Casey Davis,Enterprise,West,India,Direct Sales,PROD-00225,Automotive,Accessories,1228.76,36,0.0,44235.36,0.0,44235.36,20348.27,23887.09,54.0,26.53,3538.83,47774.19,Debit Card,Same Day,Completed,No,,1.5,EMP0023,Wendy Hernandez,HR,EMP0005,37,17,84346.0,0.46
ORD-000512,2022-09-20,2022-09-21,2022-09-26,2022,Q3,9,September,38,Tuesday,CUST-00320,Alex Johnson,Government,Central,Australia,Partner,PROD-00153,Books,Children,839.39,11,0.05,9233.29,461.66,8771.63,3596.37,5175.26,59.0,91.49,701.73,9473.36,Cash,Express,Completed,No,,1.4,EMP0032,Fiona Nelson,Marketing,EMP0006,43,17,146297.0,0.41
ORD-000513,2022-09-20,2022-09-23,2022-09-25,2022,Q3,9,September,38,Tuesday,CUST-00166,Avery Smith,Government,North,Japan,Partner,PROD-00064,Furniture,Bedroom,1865.79,15,0.05,27986.85,1399.34,26587.51,14889.01,11698.5,44.0,123.09,2127.0,28714.51,Cash,Same Day,Completed,No,,3.4,EMP0043,Quincy Collins,Finance,EMP0007,53,31,118251.0,0.56
ORD-000514,2022-09-22,2022-09-26,2022-09-28,2022,Q3,9,September,38,Thursday,CUST-00322,Jordan Garcia,Non-Profit,South,France,Partner,PROD-00278,Clothing,Women,1732.8,4,0.0,6931.2,0.0,6931.2,3326.98,3604.22,52.0,60.41,554.5,7485.7,Credit Card,Standard,Pending,No,,1.8,EMP0048,Victoria Reed,Logistics,EMP0001,37,13,82356.0,0.48
ORD-000515,2022-09-22,2022-09-23,2022-09-29,2022,Q3,9,September,38,Thursday,CUST-00162,Alex Brown,Enterprise,East,USA,Direct Sales,PROD-00233,Books,Fiction,95.21,21,0.25,1999.41,499.85,1499.56,629.82,869.74,58.0,24.18,119.96,1619.52,Bank Transfer,Express,Completed,No,,2.0,EMP0038,Laura Phillips,Sales,EMP0003,36,15,37196.0,0.42
ORD-000516,2022-09-24,2022-09-30,2022-10-04,2022,Q3,9,September,38,Saturday,CUST-00078,Avery Jones,Non-Profit,West,France,Wholesale,PROD-00079,Clothing,Formal,57.6,13,0.2,748.8,149.76,599.04,389.38,209.66,35.0,33.52,47.92,646.96,Bank Transfer,Express,Completed,No,,1.7,EMP0002,Bob Smith,Sales,EMP0007,33,17,38921.0,0.65
ORD-000517,2022-09-26,2022-09-27,2022-09-28,2022,Q3,9,September,39,Monday,CUST-00226,Jordan Wilson,SMB,West,India,Partner,PROD-00037,Food & Beverage,Dairy,756.04,22,0.1,16632.88,1663.29,14969.59,6586.62,8382.97,56.0,39.44,1197.57,16167.16,PayPal,Same Day,Completed,No,,4.8,EMP0015,Olivia Martin,HR,EMP0005,22,15,113752.0,0.44
ORD-000518,2022-09-28,2022-09-29,2022-10-03,2022,Q3,9,September,39,Wednesday,CUST-00035,Riley Moore,Government,East,Canada,Direct Sales,PROD-00175,Clothing,Women,1622.05,19,0.05,30818.95,1540.95,29278.0,17859.58,11418.42,39.0,48.49,2342.24,31620.24,Bank Transfer,Standard,Completed,No,,4.4,EMP0039,Mike Campbell,Logistics,EMP0009,38,16,131340.0,0.61
ORD-000519,2022-09-29,2022-09-30,2022-10-04,2022,Q3,9,September,39,Thursday,CUST-00241,Casey Miller,SMB,East,India,Direct Sales,PROD-00140,Electronics,Phones,1974.62,34,0.2,67137.08,13427.42,53709.66,26854.83,26854.83,50.0,98.21,4296.77,58006.43,Bank Transfer,Express,Completed,No,,1.9,EMP0012,Leo Thomas,IT,EMP0007,49,6,116386.0,0.5
ORD-000520,2022-09-30,2022-10-03,2022-10-09,2022,Q3,9,September,39,Friday,CUST-00227,Taylor Smith,Government,West,France,Direct Sales,PROD-00021,Electronics,Phones,305.08,14,0.0,4271.12,0.0,4271.12,1964.72,2306.4,54.0,92.14,341.69,4612.81,Debit Card,Economy,Completed,No,,2.3,EMP0050,Xena Morgan,Sales,EMP0001,28,11,81677.0,0.46
ORD-000521,2022-10-01,2022-10-06,2022-10-09,2022,Q4,10,October,39,Saturday,CUST-00324,Quinn Miller,Consumer,South,India,Direct Sales,PROD-00196,Furniture,Bedroom,1190.29,4,0.15,4761.16,714.17,4046.99,2144.9,1902.09,47.0,105.93,323.76,4370.75,Credit Card,Standard,Completed,No,,1.8,EMP0016,Paul Garcia,Finance,EMP0010,30,33,38581.0,0.53
ORD-000522,2022-10-01,2022-10-06,2022-10-12,2022,Q4,10,October,39,Saturday,CUST-00156,Morgan Wilson,Consumer,West,France,Direct Sales,PROD-00131,Food & Beverage,Dairy,764.88,48,0.0,36714.24,0.0,36714.24,24965.68,11748.56,32.0,57.56,2937.14,39651.38,PayPal,Standard,Completed,No,,3.0,EMP0024,Xander King,Sales,EMP0002,43,9,146251.0,0.68
ORD-000523,2022-10-05,2022-10-06,2022-10-12,2022,Q4,10,October,40,Wednesday,CUST-00141,Taylor Moore,Non-Profit,East,USA,Retail Store,PROD-00058,Furniture,Kitchen,1939.98,46,0.15,89239.08,13385.86,75853.22,40960.74,34892.48,46.0,124.48,6068.26,81921.48,Bank Transfer,Same Day,Completed,No,,1.1,EMP0024,Xander King,Sales,EMP0002,47,4,148429.0,0.54
ORD-000524,2022-10-05,2022-10-08,2022-10-13,2022,Q4,10,October,40,Wednesday,CUST-00303,Avery Smith,Non-Profit,Central,Germany,Retail Store,PROD-00239,Automotive,Parts,1685.03,27,0.0,45495.81,0.0,45495.81,30027.23,15468.58,34.0,34.59,3639.66,49135.47,Debit Card,Standard,Completed,No,,3.7,EMP0022,Victor Young,HR,EMP0004,33,20,98177.0,0.66
ORD-000525,2022-10-05,2022-10-08,2022-10-13,2022,Q4,10,October,40,Wednesday,CUST-00029,Jamie Wilson,Government,North,France,Partner,PROD-00219,Beauty,Haircare,1677.47,29,0.2,48646.63,9729.33,38917.3,17123.61,21793.69,56.0,73.01,3113.38,42030.68,PayPal,Economy,Processing,No,,3.1,EMP0033,George Carter,Finance,EMP0006,28,2,43127.0,0.44
ORD-000526,2022-10-06,2022-10-13,2022-10-18,2022,Q4,10,October,40,Thursday,CUST-00181,Avery Miller,Non-Profit,Central,France,Retail Store,PROD-00300,Clothing,Sportswear,940.04,47,0.2,44181.88,8836.38,35345.5,23681.48,11664.02,33.0,121.14,2827.64,38173.14,Credit Card,Standard,Completed,No,,4.6,EMP0001,Alice Johnson,IT,EMP0002,36,18,97212.0,0.67
ORD-000527,2022-10-07,2022-10-08,2022-10-09,2022,Q4,10,October,40,Friday,CUST-00260,Jamie Jones,Consumer,South,Germany,Direct Sales,PROD-00087,Sports,Team Sports,832.56,28,0.0,23311.68,0.0,23311.68,11189.61,12122.07,52.0,31.12,1864.93,25176.61,Credit Card,Economy,Completed,No,,1.7,EMP0040,Nancy Parker,Logistics,EMP0004,59,34,137619.0,0.48
ORD-000528,2022-10-07,2022-10-13,2022-10-16,2022,Q4,10,October,40,Friday,CUST-00038,Casey Moore,Government,West,Japan,Direct Sales,PROD-00250,Clothing,Men,550.45,35,0.05,19265.75,963.29,18302.46,11713.57,6588.89,36.0,20.93,1464.2,19766.66,Credit Card,Express,Completed,No,,4.2,EMP0039,Mike Campbell,Logistics,EMP0009,42,5,113198.0,0.64
ORD-000529,2022-10-09,2022-10-15,2022-10-18,2022,Q4,10,October,40,Sunday,CUST-00159,Avery Davis,Enterprise,West,UK,Retail Store,PROD-00150,Electronics,Cameras,117.47,8,0.25,939.76,234.94,704.82,422.89,281.93,40.0,133.13,56.39,761.21,PayPal,Same Day,Completed,No,,4.2,EMP0049,William Cook,Operations,EMP0004,35,13,117799.0,0.6
ORD-000530,2022-10-09,2022-10-11,2022-10-16,2022,Q4,10,October,40,Sunday,CUST-00237,Dakota Brown,Enterprise,North,Australia,Partner,PROD-00116,Clothing,Sportswear,1730.12,16,0.05,27681.92,1384.1,26297.82,19197.41,7100.41,27.0,54.72,2103.83,28401.65,Cash,Standard,Returned,Yes,Wrong Item,1.5,EMP0026,Zoe Lopez,Marketing,EMP0002,23,3,44772.0,0.73
ORD-000531,2022-10-10,2022-10-11,2022-10-15,2022,Q4,10,October,41,Monday,CUST-00232,Avery Brown,Non-Profit,Central,Japan,Partner,PROD-00268,Furniture,Outdoor,1626.74,42,0.2,68323.08,13664.62,54658.46,29515.57,25142.89,46.0,104.16,4372.68,59031.14,PayPal,Standard,Completed,No,,2.6,EMP0005,Eva Martinez,Operations,EMP0006,29,17,47249.0,0.54
ORD-000532,2022-10-10,2022-10-12,2022-10-13,2022,Q4,10,October,41,Monday,CUST-00020,Alex Williams,Consumer,North,India,Online,PROD-00053,Books,Non-Fiction,1999.44,36,0.1,71979.84,7197.98,64781.86,27208.38,37573.48,58.0,8.68,5182.55,69964.41,Credit Card,Standard,Completed,No,,1.7,EMP0042,Patricia Edwards,IT,EMP0008,27,28,49645.0,0.42
ORD-000533,2022-10-11,2022-10-17,2022-10-21,2022,Q4,10,October,41,Tuesday,CUST-00030,Avery Wilson,SMB,South,Japan,Retail Store,PROD-00046,Food & Beverage,Frozen,1993.29,30,0.0,59798.7,0.0,59798.7,24517.47,35281.23,59.0,105.06,4783.9,64582.6,Debit Card,Economy,Completed,No,,2.0,EMP0015,Olivia Martin,HR,EMP0005,58,34,139003.0,0.41
ORD-000534,2022-10-12,2022-10-18,2022-10-20,2022,Q4,10,October,41,Wednesday,CUST-00189,Taylor Brown,Consumer,Central,Germany,Direct Sales,PROD-00186,Clothing,Women,1113.09,18,0.0,20035.62,0.0,20035.62,13824.58,6211.04,31.0,50.83,1602.85,21638.47,PayPal,Express,Completed,No,,2.1,EMP0009,Iris Wilson,IT,EMP0008,58,15,95473.0,0.69
ORD-000535,2022-10-14,2022-10-15,2022-10-18,2022,Q4,10,October,41,Friday,CUST-00147,Avery Brown,SMB,Central,Canada,Direct Sales,PROD-00124,Beauty,Fragrance,1539.13,2,0.0,3078.26,0.0,3078.26,1785.39,1292.87,42.0,13.08,246.26,3324.52,Debit Card,Same Day,Returned,Yes,,3.2,EMP0032,Fiona Nelson,Marketing,EMP0006,54,19,126031.0,0.58
ORD-000536,2022-10-17,2022-10-19,2022-10-22,2022,Q4,10,October,42,Monday,CUST-00040,Alex Moore,Government,South,India,Online,PROD-00254,Clothing,Men,1889.81,49,0.15,92600.69,13890.1,78710.59,52736.1,25974.49,33.0,93.42,6296.85,85007.44,Cash,Economy,Completed,No,,2.6,EMP0013,Mia Jackson,HR,EMP0002,27,23,48258.0,0.67
ORD-000537,2022-10-20,2022-10-22,2022-10-26,2022,Q4,10,October,42,Thursday,CUST-00331,Riley Johnson,Consumer,West,India,Retail Store,PROD-00222,Electronics,Phones,1700.05,13,0.0,22100.65,0.0,22100.65,10608.31,11492.34,52.0,39.92,1768.05,23868.7,Credit Card,Economy,Completed,No,,4.8,EMP0003,Carol White,Sales,EMP0002,47,34,141679.0,0.48
ORD-000538,2022-10-22,2022-10-23,2022-10-24,2022,Q4,10,October,42,Saturday,CUST-00047,Dakota Garcia,Enterprise,West,Canada,Partner,PROD-00216,Books,Fiction,498.46,4,0.05,1993.84,99.69,1894.15,984.96,909.19,48.0,61.09,151.53,2045.68,Credit Card,Same Day,Completed,No,,1.5,EMP0014,Nathan Harris,Sales,EMP0009,60,18,129431.0,0.52
ORD-000539,2022-10-22,2022-10-29,2022-11-01,2022,Q4,10,October,42,Saturday,CUST-00315,Taylor Moore,SMB,East,UK,Wholesale,PROD-00030,Electronics,Phones,903.84,26,0.05,23499.84,1174.99,22324.85,9153.19,13171.66,59.0,16.68,1785.99,24110.84,Debit Card,Express,Completed,No,,4.9,EMP0020,Tina Hall,Marketing,EMP0002,58,3,60848.0,0.41
ORD-000540,2022-10-23,2022-10-25,2022-10-29,2022,Q4,10,October,42,Sunday,CUST-00305,Quinn Davis,Government,West,Canada,Online,PROD-00054,Food & Beverage,Frozen,262.67,25,0.1,6566.75,656.68,5910.07,4373.45,1536.62,26.0,26.34,472.81,6382.88,Cash,Standard,Completed,No,,1.9,EMP0028,Beth Scott,IT,EMP0005,35,32,135531.0,0.74
ORD-000541,2022-10-23,2022-10-30,2022-11-05,2022,Q4,10,October,42,Sunday,CUST-00260,Jamie Jones,Enterprise,North,Australia,Partner,PROD-00144,Automotive,Care Products,1908.33,30,0.2,57249.9,11449.98,45799.92,28853.95,16945.97,37.0,48.21,3663.99,49463.91,Credit Card,Standard,Cancelled,No,,4.1,EMP0006,Frank Lee,Marketing,EMP0010,58,1,65296.0,0.63
ORD-000542,2022-10-25,2022-10-29,2022-11-04,2022,Q4,10,October,43,Tuesday,CUST-00197,Alex Williams,Enterprise,South,Germany,Direct Sales,PROD-00142,Automotive,Accessories,1214.32,11,0.25,13357.52,3339.38,10018.14,7313.24,2704.9,27.0,18.02,801.45,10819.59,PayPal,Standard,Completed,No,,2.4,EMP0022,Victor Young,HR,EMP0004,29,12,58614.0,0.73
ORD-000543,2022-10-26,2022-11-01,2022-11-02,2022,Q4,10,October,43,Wednesday,CUST-00237,Dakota Brown,Enterprise,West,Japan,Online,PROD-00129,Books,Non-Fiction,461.14,7,0.05,3227.98,161.4,3066.58,1502.62,1563.96,51.0,137.07,245.33,3311.91,Debit Card,Express,Cancelled,No,,1.6,EMP0025,Yara Wright,HR,EMP0004,60,29,65388.0,0.49
ORD-000544,2022-10-27,2022-11-01,2022-11-05,2022,Q4,10,October,43,Thursday,CUST-00298,Dakota Smith,Government,Central,France,Online,PROD-00261,Electronics,Accessories,1345.04,31,0.15,41696.24,6254.44,35441.8,21619.5,13822.3,39.0,5.88,2835.34,38277.14,Cash,Economy,Completed,No,,4.4,EMP0042,Patricia Edwards,IT,EMP0008,34,33,139645.0,0.61
ORD-000545,2022-10-28,2022-11-04,2022-11-10,2022,Q4,10,October,43,Friday,CUST-00284,Morgan Johnson,Non-Profit,South,UK,Wholesale,PROD-00169,Automotive,Parts,1238.17,44,0.15,54479.48,8171.92,46307.56,29636.84,16670.72,36.0,75.16,3704.6,50012.16,Debit Card,Standard,Completed,No,,,EMP0012,Leo Thomas,IT,EMP0007,34,29,140293.0,0.64
ORD-000546,2022-10-31,2022-11-07,2022-11-08,2022,Q4,10,October,44,Monday,CUST-00379,Riley Garcia,Government,West,India,Partner,PROD-00215,Automotive,Care Products,719.53,10,0.1,7195.3,719.53,6475.77,3302.64,3173.13,49.0,22.87,518.06,6993.83,Credit Card,Economy,Completed,No,,3.6,EMP0028,Beth Scott,IT,EMP0005,61,23,72835.0,0.51
ORD-000547,2022-11-01,2022-11-08,2022-11-13,2022,Q4,11,November,44,Tuesday,CUST-00022,Avery Davis,Consumer,North,UK,Wholesale,PROD-00129,Food & Beverage,Snacks,231.55,39,0.25,9030.45,2257.61,6772.84,4740.99,2031.85,30.0,49.61,541.83,7314.67,Debit Card,Standard,Pending,No,,3.3,EMP0010,Jack Taylor,Sales,EMP0009,49,32,116125.0,0.7
ORD-000548,2022-11-02,2022-11-05,2022-11-06,2022,Q4,11,November,44,Wednesday,CUST-00231,Taylor Moore,Government,East,USA,Online,PROD-00183,Beauty,Skincare,1344.79,13,0.0,17482.27,0.0,17482.27,12762.06,4720.21,27.0,139.28,1398.58,18880.85,PayPal,Economy,Completed,No,,2.9,EMP0019,Sam Walker,Sales,EMP0004,39,9,112711.0,0.73
ORD-000549,2022-11-04,2022-11-06,2022-11-08,2022,Q4,11,November,44,Friday,CUST-00293,Taylor Brown,SMB,East,India,Partner,PROD-00043,Furniture,Bedroom,1043.01,31,0.0,32333.31,0.0,32333.31,22956.65,9376.66,29.0,28.45,2586.66,34919.97,Credit Card,Economy,Completed,No,,3.0,EMP0020,Tina Hall,Marketing,EMP0002,40,17,127755.0,0.71
ORD-000550,2022-11-04,2022-11-06,2022-11-11,2022,Q4,11,November,44,Friday,CUST-00334,Jordan Jones,SMB,South,Germany,Retail Store,PROD-00007,Food & Beverage,Dairy,1545.78,7,0.2,10820.46,2164.09,8656.37,5713.2,2943.17,34.0,145.05,692.51,9348.88,Cash,Express,Completed,No,,3.9,EMP0025,Yara Wright,HR,EMP0004,59,18,69099.0,0.66
ORD-000551,2022-11-07,2022-11-10,2022-11-14,2022,Q4,11,November,45,Monday,CUST-00097,Riley Williams,Consumer,North,India,Online,PROD-00052,Sports,Outdoor,1042.73,49,0.05,51093.77,2554.69,48539.08,24269.54,24269.54,50.0,34.84,3883.13,52422.21,Cash,Economy,Completed,No,,1.4,EMP0044,Rose Stewart,Operations,EMP0005,53,6,93666.0,0.5
ORD-000552,2022-11-08,2022-11-10,2022-11-15,2022,Q4,11,November,45,Tuesday,CUST-00165,Jamie Johnson,SMB,North,Canada,Wholesale,PROD-00249,Sports,Winter Sports,1705.1,42,0.15,71614.2,10742.13,60872.07,30436.04,30436.03,50.0,112.53,4869.77,65741.84,Credit Card,Economy,Completed,No,,3.7,EMP0031,Ethan Baker,Finance,EMP0003,43,18,111783.0,0.5
ORD-000553,2022-11-08,2022-11-11,2022-11-16,2022,Q4,11,November,45,Tuesday,CUST-00310,Jamie Smith,SMB,North,Japan,Wholesale,PROD-00125,Books,Children,1106.05,42,0.2,46454.1,9290.82,37163.28,27500.83,9662.45,26.0,84.27,2973.06,40136.34,Cash,Express,Pending,No,,4.6,EMP0003,Carol White,Sales,EMP0002,23,23,38020.0,0.74
ORD-000554,2022-11-09,2022-11-16,2022-11-20,2022,Q4,11,November,45,Wednesday,CUST-00244,Casey Garcia,SMB,West,Canada,Wholesale,PROD-00300,Food & Beverage,Frozen,1124.07,36,0.0,40466.52,0.0,40466.52,16186.61,24279.91,60.0,133.25,3237.32,43703.84,Bank Transfer,Standard,Processing,No,,1.2,EMP0017,Quinn Rodriguez,Sales,EMP0006,34,14,78325.0,0.4
ORD-000555,2022-11-09,2022-11-10,2022-11-14,2022,Q4,11,November,45,Wednesday,CUST-00257,Taylor Miller,Government,East,Australia,Wholesale,PROD-00254,Electronics,Accessories,1753.92,20,0.2,35078.4,7015.68,28062.72,18240.77,9821.95,35.0,85.33,2245.02,30307.74,Credit Card,Economy,Completed,No,,1.6,EMP0027,Aaron Hill,IT,EMP0007,44,22,115027.0,0.65
ORD-000556,2022-11-10,2022-11-14,2022-11-20,2022,Q4,11,November,45,Thursday,CUST-00078,Avery Jones,SMB,North,Canada,Wholesale,PROD-00114,Furniture,Living Room,809.95,4,0.05,3239.8,161.99,3077.81,2000.58,1077.23,35.0,82.51,246.22,3324.03,Credit Card,Standard,Pending,No,,3.9,EMP0012,Leo Thomas,IT,EMP0007,46,3,64048.0,0.65
ORD-000557,2022-11-11,2022-11-18,2022-11-20,2022,Q4,11,November,45,Friday,CUST-00032,Casey Davis,Non-Profit,Central,India,Direct Sales,PROD-00223,Sports,Team Sports,272.36,7,0.05,1906.52,95.33,1811.19,1122.94,688.25,38.0,33.34,144.9,1956.09,PayPal,Same Day,Completed,No,,2.7,EMP0011,Karen Anderson,IT,EMP0002,49,3,145136.0,0.62
ORD-000558,2022-11-12,2022-11-16,2022-11-20,2022,Q4,11,November,45,Saturday,CUST-00231,Taylor Moore,Enterprise,West,Germany,Online,PROD-00137,Books,Fiction,62.42,1,0.1,62.42,6.24,56.18,42.14,14.04,24.99,29.1,4.49,60.67,Credit Card,Same Day,Completed,No,,2.6,EMP0026,Zoe Lopez,Marketing,EMP0002,32,4,38469.0,0.75
ORD-000559,2022-11-12,2022-11-18,2022-11-21,2022,Q4,11,November,45,Saturday,CUST-00053,Avery Brown,Government,Central,Japan,Retail Store,PROD-00054,Automotive,Accessories,1511.5,44,0.2,66506.0,13301.2,53204.8,27134.45,26070.35,49.0,137.89,4256.38,57461.18,PayPal,Express,Completed,No,,1.5,EMP0044,Rose Stewart,Operations,EMP0005,54,22,145180.0,0.51
ORD-000560,2022-11-14,2022-11-21,2022-11-24,2022,Q4,11,November,46,Monday,CUST-00176,Morgan Wilson,Non-Profit,Central,USA,Retail Store,PROD-00250,Books,Children,1242.52,45,0.0,55913.4,0.0,55913.4,29074.97,26838.43,48.0,52.54,4473.07,60386.47,Credit Card,Same Day,Completed,No,,3.0,EMP0034,Hannah Mitchell,HR,EMP0004,45,10,59928.0,0.52
ORD-000561,2022-11-15,2022-11-20,2022-11-22,2022,Q4,11,November,46,Tuesday,CUST-00366,Dakota Moore,SMB,South,Germany,Partner,PROD-00288,Electronics,Accessories,1409.64,42,0.05,59204.88,2960.24,56244.64,24185.2,32059.44,57.0,58.95,4499.57,60744.21,PayPal,Economy,Processing,No,,1.5,EMP0007,Grace Kim,Marketing,EMP0005,23,10,40615.0,0.43
ORD-000562,2022-11-18,2022-11-20,2022-11-21,2022,Q4,11,November,46,Friday,CUST-00044,Taylor Smith,SMB,West,Germany,Direct Sales,PROD-00290,Clothing,Sportswear,429.86,47,0.1,20203.42,2020.34,18183.08,10000.69,8182.39,45.0,115.17,1454.65,19637.73,PayPal,Standard,Completed,No,,2.9,EMP0030,Diana Adams,HR,EMP0006,51,12,68635.0,0.55
ORD-000563,2022-11-19,2022-11-24,2022-11-25,2022,Q4,11,November,46,Saturday,CUST-00259,Dakota Wilson,SMB,Central,Japan,Online,PROD-00193,Sports,Water Sports,277.06,13,0.1,3601.78,360.18,3241.6,1588.38,1653.22,51.0,54.13,259.33,3500.93,Bank Transfer,Express,Completed,No,,4.1,EMP0006,Frank Lee,Marketing,EMP0010,38,13,125422.0,0.49
ORD-000564,2022-11-20,2022-11-21,2022-11-24,2022,Q4,11,November,46,Sunday,CUST-00331,Riley Johnson,Enterprise,West,Japan,Wholesale,PROD-00266,Automotive,Accessories,34.02,22,0.1,748.44,74.84,673.6,350.27,323.33,48.0,143.05,53.89,727.49,Cash,Express,Completed,No,,2.0,EMP0023,Wendy Hernandez,HR,EMP0005,61,7,121531.0,0.52
ORD-000565,2022-11-20,2022-11-24,2022-11-28,2022,Q4,11,November,46,Sunday,CUST-00089,Avery Williams,SMB,North,Australia,Wholesale,PROD-00196,Food & Beverage,Snacks,704.42,21,0.0,14792.82,0.0,14792.82,10207.05,4585.77,31.0,112.0,1183.43,15976.25,Debit Card,Standard,Completed,No,,2.9,EMP0044,Rose Stewart,Operations,EMP0005,55,24,59017.0,0.69
ORD-000566,2022-11-23,2022-11-30,2022-12-02,2022,Q4,11,November,47,Wednesday,CUST-00021,Jamie Davis,SMB,South,USA,Retail Store,PROD-00022,Automotive,Electronics,1181.89,22,0.0,26001.58,0.0,26001.58,18981.15,7020.43,27.0,91.63,2080.13,28081.71,PayPal,Standard,Completed,No,,5.0,EMP0047,Umar Rogers,Marketing,EMP0006,59,17,57631.0,0.73
ORD-000567,2022-11-24,2022-11-25,2022-11-26,2022,Q4,11,November,47,Thursday,CUST-00127,Casey Garcia,Consumer,East,USA,Retail Store,PROD-00056,Furniture,Kitchen,787.53,28,0.0,22050.84,0.0,22050.84,10363.89,11686.95,53.0,132.73,1764.07,23814.91,Bank Transfer,Express,Processing,No,,3.7,EMP0007,Grace Kim,Marketing,EMP0005,43,17,108897.0,0.47
ORD-000568,2022-11-25,2022-11-26,2022-11-27,2022,Q4,11,November,47,Friday,CUST-00363,Casey Davis,Government,Central,Canada,Direct Sales,PROD-00051,Furniture,Bedroom,877.76,9,0.15,7899.84,1184.98,6714.86,3558.88,3155.98,47.0,12.19,537.19,7252.05,PayPal,Economy,Returned,Yes,Not as Described,4.4,EMP0042,Patricia Edwards,IT,EMP0008,26,9,87680.0,0.53
ORD-000569,2022-11-26,2022-11-28,2022-12-03,2022,Q4,11,November,47,Saturday,CUST-00225,Dakota Garcia,Government,South,Germany,Online,PROD-00295,Electronics,Accessories,1808.8,26,0.0,47028.8,0.0,47028.8,34331.02,12697.78,27.0,42.27,3762.3,50791.1,Debit Card,Standard,Returned,Yes,,2.7,EMP0026,Zoe Lopez,Marketing,EMP0002,61,6,126113.0,0.73
ORD-000570,2022-11-28,2022-11-29,2022-12-02,2022,Q4,11,November,48,Monday,CUST-00225,Dakota Garcia,Non-Profit,South,Germany,Online,PROD-00049,Automotive,Accessories,699.77,9,0.0,6297.93,0.0,6297.93,2645.13,3652.8,58.0,72.43,503.83,6801.76,Credit Card,Standard,Completed,No,,4.1,EMP0001,Alice Johnson,IT,EMP0002,37,13,37775.0,0.42
ORD-000571,2022-11-28,2022-12-05,2022-12-09,2022,Q4,11,November,48,Monday,CUST-00269,Alex Miller,Enterprise,South,Japan,Partner,PROD-00061,Beauty,Personal Care,1030.41,15,0.25,15456.15,3864.04,11592.11,4984.61,6607.5,57.0,37.91,927.37,12519.48,PayPal,Express,Completed,No,,1.2,EMP0011,Karen Anderson,IT,EMP0002,34,14,105197.0,0.43
ORD-000572,2022-11-29,2022-12-06,2022-12-08,2022,Q4,11,November,48,Tuesday,CUST-00268,Jordan Smith,SMB,South,UK,Wholesale,PROD-00123,Books,Comics,1568.39,10,0.0,15683.9,0.0,15683.9,7214.59,8469.31,54.0,112.87,1254.71,16938.61,Bank Transfer,Standard,Completed,No,,1.5,EMP0021,Uma Allen,Marketing,EMP0001,47,15,119027.0,0.46
ORD-000573,2022-11-29,2022-12-03,2022-12-04,2022,Q4,11,November,48,Tuesday,CUST-00313,Jordan Jones,Enterprise,North,Germany,Online,PROD-00185,Books,Education,796.1,24,0.25,19106.4,4776.6,14329.8,8741.18,5588.62,39.0,138.29,1146.38,15476.18,Cash,Standard,Completed,No,,1.8,EMP0009,Iris Wilson,IT,EMP0008,52,1,149239.0,0.61
ORD-000574,2022-11-30,2022-12-07,2022-12-12,2022,Q4,11,November,48,Wednesday,CUST-00082,Taylor Brown,Consumer,West,India,Online,PROD-00298,Beauty,Haircare,1246.06,42,0.1,52334.52,5233.45,47101.07,21195.48,25905.59,55.0,66.45,3768.09,50869.16,Credit Card,Standard,Completed,No,,2.6,EMP0037,Kevin Turner,Logistics,EMP0010,60,29,113060.0,0.45
ORD-000575,2022-12-04,2022-12-09,2022-12-12,2022,Q4,12,December,48,Sunday,CUST-00187,Alex Miller,Enterprise,East,Canada,Direct Sales,PROD-00216,Beauty,Makeup,1725.42,8,0.15,13803.36,2070.5,11732.86,8682.32,3050.54,26.0,54.61,938.63,12671.49,Cash,Express,Returned,Yes,,4.4,EMP0033,George Carter,Finance,EMP0006,44,29,61662.0,0.74
ORD-000576,2022-12-06,2022-12-10,2022-12-13,2022,Q4,12,December,49,Tuesday,CUST-00191,Quinn Smith,Government,East,Japan,Direct Sales,PROD-00202,Automotive,Electronics,1899.29,24,0.0,45582.96,0.0,45582.96,25526.46,20056.5,44.0,144.42,3646.64,49229.6,Debit Card,Economy,Completed,No,,2.4,EMP0025,Yara Wright,HR,EMP0004,33,17,47441.0,0.56
ORD-000577,2022-12-08,2022-12-10,2022-12-12,2022,Q4,12,December,49,Thursday,CUST-00145,Quinn Johnson,Enterprise,West,Australia,Partner,PROD-00021,Sports,Winter Sports,298.41,16,0.0,4774.56,0.0,4774.56,2769.24,2005.32,42.0,69.5,381.96,5156.52,Credit Card,Express,Completed,No,,3.6,EMP0044,Rose Stewart,Operations,EMP0005,35,30,108705.0,0.58
ORD-000578,2022-12-09,2022-12-13,2022-12-14,2022,Q4,12,December,49,Friday,CUST-00199,Taylor Moore,Consumer,East,USA,Wholesale,PROD-00178,Food & Beverage,Frozen,1853.54,49,0.1,90823.46,9082.35,81741.11,40053.14,41687.97,51.0,75.91,6539.29,88280.4,Cash,Same Day,Completed,No,,3.8,EMP0030,Diana Adams,HR,EMP0006,39,12,95166.0,0.49
ORD-000579,2022-12-09,2022-12-12,2022-12-14,2022,Q4,12,December,49,Friday,CUST-00210,Jamie Miller,Enterprise,South,UK,Partner,PROD-00226,Electronics,Laptops,986.77,26,0.15,25656.02,3848.4,21807.62,12212.27,9595.35,44.0,55.99,1744.61,23552.23,Bank Transfer,Standard,Completed,No,,3.3,EMP0001,Alice Johnson,IT,EMP0002,48,19,138402.0,0.56
ORD-000580,2022-12-13,2022-12-18,2022-12-20,2022,Q4,12,December,50,Tuesday,CUST-00397,Dakota Moore,Consumer,North,Germany,Direct Sales,PROD-00236,Beauty,Haircare,520.2,27,0.1,14045.4,1404.54,12640.86,7963.74,4677.12,37.0,136.88,1011.27,13652.13,Bank Transfer,Same Day,Completed,No,,2.4,EMP0032,Fiona Nelson,Marketing,EMP0006,49,34,118560.0,0.63
ORD-000581,2022-12-14,2022-12-17,2022-12-23,2022,Q4,12,December,50,Wednesday,CUST-00174,Avery Williams,Enterprise,South,Japan,Wholesale,PROD-00294,Furniture,Outdoor,920.98,37,0.0,34076.26,0.0,34076.26,22490.33,11585.93,34.0,87.5,2726.1,36802.36,Cash,Same Day,Pending,No,,3.3,EMP0042,Patricia Edwards,IT,EMP0008,39,22,93620.0,0.66
ORD-000582,2022-12-16,2022-12-19,2022-12-24,2022,Q4,12,December,50,Friday,CUST-00348,Jamie Wilson,Non-Profit,South,UK,Direct Sales,PROD-00268,Electronics,Cameras,1960.16,4,0.15,7840.64,1176.1,6664.54,4398.6,2265.94,34.0,115.52,533.16,7197.7,Credit Card,Express,Completed,No,,2.4,EMP0043,Quincy Collins,Finance,EMP0007,37,32,81413.0,0.66
ORD-000583,2022-12-18,2022-12-24,2022-12-27,2022,Q4,12,December,50,Sunday,CUST-00307,Jordan Jones,SMB,North,France,Direct Sales,PROD-00020,Sports,Outdoor,987.77,50,0.15,49388.5,7408.28,41980.22,25188.13,16792.09,40.0,122.71,3358.42,45338.64,PayPal,Same Day,Returned,Yes,Not as Described,1.3,EMP0026,Zoe Lopez,Marketing,EMP0002,37,34,81503.0,0.6
ORD-000584,2022-12-18,2022-12-25,2022-12-31,2022,Q4,12,December,50,Sunday,CUST-00027,Riley Moore,Government,Central,Japan,Partner,PROD-00205,Electronics,Laptops,660.86,24,0.1,15860.64,1586.06,14274.58,10277.7,3996.88,28.0,54.57,1141.97,15416.55,Debit Card,Express,Completed,No,,5.0,EMP0028,Beth Scott,IT,EMP0005,34,19,61025.0,0.72
ORD-000585,2022-12-21,2022-12-23,2022-12-27,2022,Q4,12,December,51,Wednesday,CUST-00324,Quinn Miller,Government,East,India,Retail Store,PROD-00222,Books,Fiction,1268.63,19,0.15,24103.97,3615.6,20488.37,14136.98,6351.39,31.0,67.89,1639.07,22127.44,Debit Card,Economy,Completed,No,,1.5,EMP0050,Xena Morgan,Sales,EMP0001,50,2,36992.0,0.69
ORD-000586,2022-12-22,2022-12-23,2022-12-26,2022,Q4,12,December,51,Thursday,CUST-00332,Quinn Jones,Enterprise,North,Germany,Retail Store,PROD-00014,Beauty,Haircare,484.09,36,0.15,17427.24,2614.09,14813.15,9776.68,5036.47,34.0,128.03,1185.05,15998.2,Bank Transfer,Economy,Completed,No,,1.3,EMP0004,David Brown,IT,EMP0006,30,7,101115.0,0.66
ORD-000587,2022-12-22,2022-12-25,2022-12-28,2022,Q4,12,December,51,Thursday,CUST-00172,Dakota Miller,Enterprise,West,Japan,Partner,PROD-00111,Furniture,Kitchen,156.35,39,0.1,6097.65,609.76,5487.89,2304.91,3182.98,58.0,57.67,439.03,5926.92,Credit Card,Standard,Cancelled,No,,4.5,EMP0020,Tina Hall,Marketing,EMP0002,47,31,59428.0,0.42
ORD-000588,2022-12-26,2022-12-30,2023-01-04,2022,Q4,12,December,52,Monday,CUST-00034,Jamie Johnson,Enterprise,West,UK,Direct Sales,PROD-00291,Food & Beverage,Frozen,262.12,10,0.0,2621.2,0.0,2621.2,1048.48,1572.72,60.0,120.12,209.7,2830.9,Credit Card,Standard,Returned,Yes,Changed Mind,2.2,EMP0028,Beth Scott,IT,EMP0005,49,28,58958.0,0.4
ORD-000589,2022-12-27,2022-12-28,2023-01-01,2022,Q4,12,December,52,Tuesday,CUST-00169,Riley Williams,Consumer,West,France,Direct Sales,PROD-00093,Clothing,Sportswear,260.45,25,0.05,6511.25,325.56,6185.69,2907.27,3278.42,53.0,141.44,494.86,6680.55,Debit Card,Standard,Completed,No,,3.6,EMP0017,Quinn Rodriguez,Sales,EMP0006,34,6,49419.0,0.47
ORD-000590,2022-12-28,2023-01-01,2023-01-02,2022,Q4,12,December,52,Wednesday,CUST-00049,Riley Brown,Enterprise,Central,USA,Direct Sales,PROD-00013,Furniture,Bedroom,308.05,18,0.0,5544.9,0.0,5544.9,3493.29,2051.61,37.0,95.37,443.59,5988.49,Debit Card,Same Day,Completed,No,,2.3,EMP0048,Victoria Reed,Logistics,EMP0001,57,1,56803.0,0.63
ORD-000591,2023-01-03,2023-01-07,2023-01-11,2023,Q1,1,January,1,Tuesday,CUST-00286,Morgan Brown,Non-Profit,North,Germany,Retail Store,PROD-00169,Furniture,Kitchen,281.96,19,0.05,5357.24,267.86,5089.38,2748.27,2341.11,46.0,112.54,407.15,5496.53,Debit Card,Express,Completed,No,,2.6,EMP0041,Oscar Evans,Marketing,EMP0003,30,20,38656.0,0.54
ORD-000592,2023-01-05,2023-01-06,2023-01-07,2023,Q1,1,January,1,Thursday,CUST-00348,Jamie Wilson,Enterprise,Central,Canada,Wholesale,PROD-00051,Sports,Fitness,1283.55,36,0.05,46207.8,2310.39,43897.41,23704.6,20192.81,46.0,121.74,3511.79,47409.2,Debit Card,Economy,Completed,No,,2.0,EMP0008,Henry Davis,Marketing,EMP0001,35,5,112537.0,0.54
ORD-000593,2023-01-06,2023-01-07,2023-01-11,2023,Q1,1,January,1,Friday,CUST-00198,Avery Jones,Enterprise,West,USA,Online,PROD-00150,Electronics,Phones,367.85,10,0.0,3678.5,0.0,3678.5,2611.73,1066.77,29.0,127.53,294.28,3972.78,Cash,Same Day,Pending,No,,2.4,EMP0039,Mike Campbell,Logistics,EMP0009,33,27,81161.0,0.71
ORD-000594,2023-01-10,2023-01-17,2023-01-19,2023,Q1,1,January,2,Tuesday,CUST-00146,Alex Wilson,SMB,South,Canada,Partner,PROD-00212,Furniture,Outdoor,694.61,33,0.0,22922.13,0.0,22922.13,16274.71,6647.42,29.0,62.28,1833.77,24755.9,Cash,Express,Completed,No,,2.6,EMP0029,Chris Green,IT,EMP0008,53,31,99575.0,0.71
ORD-000595,2023-01-11,2023-01-15,2023-01-19,2023,Q1,1,January,2,Wednesday,CUST-00130,Casey Williams,Non-Profit,South,France,Partner,PROD-00015,Automotive,Care Products,1794.09,50,0.0,89704.5,0.0,89704.5,64587.24,25117.26,28.0,12.43,7176.36,96880.86,Cash,Economy,Completed,No,,3.9,EMP0033,George Carter,Finance,EMP0006,59,8,108250.0,0.72
ORD-000596,2023-01-12,2023-01-14,2023-01-20,2023,Q1,1,January,2,Thursday,CUST-00371,Jamie Moore,Enterprise,Central,Japan,Direct Sales,PROD-00234,Beauty,Personal Care,950.55,5,0.15,4752.75,712.91,4039.84,2060.32,1979.52,49.0,63.27,323.19,4363.03,Cash,Same Day,Completed,No,,3.0,EMP0024,Xander King,Sales,EMP0002,24,10,146836.0,0.51
ORD-000597,2023-01-12,2023-01-19,2023-01-25,2023,Q1,1,January,2,Thursday,CUST-00337,Jamie Garcia,Government,West,Canada,Direct Sales,PROD-00130,Food & Beverage,Beverages,1336.78,47,0.2,62828.66,12565.73,50262.93,32168.28,18094.65,36.0,102.69,4021.03,54283.96,PayPal,Same Day,Completed,No,,4.8,EMP0050,Xena Morgan,Sales,EMP0001,37,22,42851.0,0.64
ORD-000598,2023-01-14,2023-01-19,2023-01-24,2023,Q1,1,January,2,Saturday,CUST-00309,Alex Williams,Non-Profit,West,France,Retail Store,PROD-00184,Food & Beverage,Frozen,348.78,49,0.0,17090.22,0.0,17090.22,8545.11,8545.11,50.0,70.3,1367.22,18457.44,Bank Transfer,Same Day,Completed,No,,1.2,EMP0031,Ethan Baker,Finance,EMP0003,41,10,83061.0,0.5
ORD-000599,2023-01-16,2023-01-22,2023-01-23,2023,Q1,1,January,3,Monday,CUST-00077,Taylor Brown,Non-Profit,West,Canada,Direct Sales,PROD-00177,Furniture,Kitchen,388.62,35,0.25,13601.7,3400.42,10201.28,4794.6,5406.68,53.0,113.6,816.1,11017.38,Debit Card,Express,Completed,No,,3.0,EMP0046,Tara Morris,Marketing,EMP0004,53,1,63278.0,0.47
ORD-000600,2023-01-17,2023-01-22,2023-01-25,2023,Q1,1,January,3,Tuesday,CUST-00171,Jamie Miller,Consumer,West,USA,Wholesale,PROD-00181,Beauty,Skincare,86.53,44,0.05,3807.32,190.37,3616.95,1663.8,1953.15,54.0,56.76,289.36,3906.31,PayPal,Same Day,Completed,No,,3.3,EMP0022,Victor Young,HR,EMP0004,44,2,89822.0,0.46
ORD-000601,2023-01-26,2023-01-28,2023-02-02,2023,Q1,1,January,4,Thursday,CUST-00042,Avery Moore,Government,North,Germany,Partner,PROD-00128,Beauty,Skincare,342.03,34,0.0,11629.02,0.0,11629.02,6047.09,5581.93,48.0,97.04,930.32,12559.34,PayPal,Same Day,Completed,No,,4.7,EMP0035,Ian Perez,Operations,EMP0005,38,10,140854.0,0.52
ORD-000602,2023-01-26,2023-02-02,2023-02-08,2023,Q1,1,January,4,Thursday,CUST-00299,Alex Williams,Government,Central,France,Online,PROD-00142,Electronics,Cameras,560.79,33,0.0,18506.07,0.0,18506.07,10178.34,8327.73,45.0,32.03,1480.49,19986.56,PayPal,Standard,Completed,No,,1.2,EMP0024,Xander King,Sales,EMP0002,37,34,118258.0,0.55
ORD-000603,2023-01-27,2023-02-02,2023-02-08,2023,Q1,1,January,4,Friday,CUST-00340,Dakota Garcia,Consumer,Central,India,Direct Sales,PROD-00229,Beauty,Haircare,358.14,21,0.05,7520.94,376.05,7144.89,4929.97,2214.92,31.0,113.66,571.59,7716.48,Cash,Standard,Cancelled,No,,3.3,EMP0008,Henry Davis,Marketing,EMP0001,59,14,111124.0,0.69
ORD-000604,2023-01-27,2023-02-03,2023-02-04,2023,Q1,1,January,4,Friday,CUST-00073,Casey Smith,Non-Profit,North,France,Wholesale,PROD-00025,Food & Beverage,Frozen,181.96,17,0.15,3093.32,464.0,2629.32,1156.9,1472.42,56.0,84.13,210.35,2839.67,Bank Transfer,Same Day,Completed,No,,4.4,EMP0012,Leo Thomas,IT,EMP0007,29,10,85743.0,0.44
ORD-000605,2023-01-29,2023-01-30,2023-02-05,2023,Q1,1,January,4,Sunday,CUST-00180,Casey Davis,Government,South,USA,Online,PROD-00167,Furniture,Kitchen,245.67,22,0.1,5404.74,540.47,4864.27,3210.42,1653.85,34.0,34.59,389.14,5253.41,Credit Card,Economy,Completed,No,,2.0,EMP0028,Beth Scott,IT,EMP0005,40,30,112178.0,0.66
ORD-000606,2023-02-04,2023-02-10,2023-02-16,2023,Q1,2,February,5,Saturday,CUST-00159,Avery Davis,Consumer,Central,Germany,Retail Store,PROD-00235,Books,Fiction,924.25,48,0.0,44364.0,0.0,44364.0,26174.76,18189.24,41.0,47.33,3549.12,47913.12,Bank Transfer,Economy,Completed,No,,4.5,EMP0035,Ian Perez,Operations,EMP0005,51,27,38723.0,0.59
ORD-000607,2023-02-05,2023-02-09,2023-02-10,2023,Q1,2,February,5,Sunday,CUST-00336,Morgan Miller,Consumer,East,Germany,Online,PROD-00135,Sports,Water Sports,416.64,37,0.0,15415.68,0.0,15415.68,7707.84,7707.84,50.0,113.55,1233.25,16648.93,Debit Card,Same Day,Completed,No,,1.1,EMP0049,William Cook,Operations,EMP0004,55,27,102417.0,0.5
ORD-000608,2023-02-07,2023-02-12,2023-02-18,2023,Q1,2,February,6,Tuesday,CUST-00358,Casey Jones,Consumer,Central,UK,Partner,PROD-00083,Food & Beverage,Frozen,731.72,15,0.05,10975.8,548.79,10427.01,5943.4,4483.61,43.0,74.98,834.16,11261.17,Debit Card,Standard,Completed,No,,3.9,EMP0025,Yara Wright,HR,EMP0004,35,31,98684.0,0.57
ORD-000609,2023-02-08,2023-02-14,2023-02-17,2023,Q1,2,February,6,Wednesday,CUST-00340,Dakota Garcia,Consumer,Central,Australia,Wholesale,PROD-00108,Books,Children,1009.32,35,0.0,35326.2,0.0,35326.2,17663.1,17663.1,50.0,36.32,2826.1,38152.3,Cash,Express,Completed,No,,4.7,EMP0044,Rose Stewart,Operations,EMP0005,43,24,74864.0,0.5
ORD-000610,2023-02-12,2023-02-16,2023-02-18,2023,Q1,2,February,6,Sunday,CUST-00201,Quinn Garcia,SMB,South,Canada,Partner,PROD-00286,Electronics,Tablets,1382.34,28,0.0,38705.52,0.0,38705.52,23610.37,15095.15,39.0,145.25,3096.44,41801.96,Cash,Express,Completed,No,,3.6,EMP0006,Frank Lee,Marketing,EMP0010,38,19,58174.0,0.61
ORD-000611,2023-02-16,2023-02-23,2023-02-28,2023,Q1,2,February,7,Thursday,CUST-00067,Dakota Garcia,Consumer,North,UK,Online,PROD-00281,Clothing,Men,83.43,7,0.0,584.01,0.0,584.01,321.21,262.8,45.0,108.69,46.72,630.73,Credit Card,Express,Processing,No,,2.8,EMP0010,Jack Taylor,Sales,EMP0009,36,27,127869.0,0.55
ORD-000612,2023-02-16,2023-02-18,2023-02-21,2023,Q1,2,February,7,Thursday,CUST-00305,Quinn Davis,Government,South,Canada,Partner,PROD-00165,Electronics,Accessories,1599.82,32,0.15,51194.24,7679.14,43515.1,20016.95,23498.15,54.0,143.78,3481.21,46996.31,Debit Card,Same Day,Completed,No,,1.2,EMP0001,Alice Johnson,IT,EMP0002,53,24,41194.0,0.46
ORD-000613,2023-02-16,2023-02-22,2023-02-25,2023,Q1,2,February,7,Thursday,CUST-00363,Casey Davis,Government,South,France,Online,PROD-00206,Furniture,Outdoor,1257.66,11,0.2,13834.26,2766.85,11067.41,4869.66,6197.75,56.0,66.93,885.39,11952.8,Cash,Express,Completed,No,,4.7,EMP0022,Victor Young,HR,EMP0004,34,10,43012.0,0.44
ORD-000614,2023-02-16,2023-02-20,2023-02-22,2023,Q1,2,February,7,Thursday,CUST-00044,Taylor Smith,Non-Profit,North,France,Retail Store,PROD-00179,Furniture,Bedroom,168.11,10,0.05,1681.1,84.06,1597.04,942.25,654.79,41.0,73.89,127.76,1724.8,Bank Transfer,Standard,Completed,No,,2.9,EMP0046,Tara Morris,Marketing,EMP0004,42,18,85660.0,0.59
ORD-000615,2023-02-16,2023-02-23,2023-02-28,2023,Q1,2,February,7,Thursday,CUST-00159,Avery Davis,Enterprise,East,Germany,Partner,PROD-00089,Electronics,Cameras,1747.79,9,0.2,15730.11,3146.02,12584.09,9060.54,3523.55,28.0,135.2,1006.73,13590.82,Credit Card,Same Day,Completed,No,,1.1,EMP0038,Laura Phillips,Sales,EMP0003,61,27,64044.0,0.72
ORD-000616,2023-02-18,2023-02-25,2023-02-28,2023,Q1,2,February,7,Saturday,CUST-00287,Taylor Moore,Consumer,North,Germany,Partner,PROD-00256,Books,Children,1842.14,14,0.0,25789.96,0.0,25789.96,13410.78,12379.18,48.0,81.13,2063.2,27853.16,Credit Card,Express,Completed,No,,3.8,EMP0017,Quinn Rodriguez,Sales,EMP0006,54,0,120727.0,0.52
ORD-000617,2023-02-19,2023-02-26,2023-03-04,2023,Q1,2,February,7,Sunday,CUST-00193,Alex Brown,Consumer,South,France,Partner,PROD-00046,Electronics,Tablets,126.85,13,0.05,1649.05,82.45,1566.6,1033.96,532.64,34.0,107.56,125.33,1691.93,Debit Card,Standard,Cancelled,No,,2.9,EMP0013,Mia Jackson,HR,EMP0002,48,4,107932.0,0.66
ORD-000618,2023-02-19,2023-02-21,2023-02-23,2023,Q1,2,February,7,Sunday,CUST-00330,Morgan Moore,Enterprise,North,UK,Online,PROD-00171,Beauty,Personal Care,557.37,25,0.0,13934.25,0.0,13934.25,8778.58,5155.67,37.0,41.57,1114.74,15048.99,PayPal,Express,Completed,No,,1.5,EMP0033,George Carter,Finance,EMP0006,56,9,123842.0,0.63
ORD-000619,2023-02-20,2023-02-21,2023-02-26,2023,Q1,2,February,8,Monday,CUST-00169,Riley Williams,Enterprise,Central,France,Partner,PROD-00181,Furniture,Kitchen,1613.37,2,0.1,3226.74,322.67,2904.07,2119.97,784.1,27.0,69.78,232.33,3136.4,Cash,Economy,Completed,No,,1.9,EMP0040,Nancy Parker,Logistics,EMP0004,37,33,72338.0,0.73
ORD-000620,2023-02-21,2023-02-23,2023-02-27,2023,Q1,2,February,8,Tuesday,CUST-00066,Dakota Garcia,Government,Central,Canada,Partner,PROD-00276,Food & Beverage,Beverages,1497.78,35,0.25,52422.3,13105.58,39316.72,27128.54,12188.18,31.0,22.9,3145.34,42462.06,Credit Card,Economy,Completed,No,,1.3,EMP0047,Umar Rogers,Marketing,EMP0006,49,1,120160.0,0.69
ORD-000621,2023-02-21,2023-02-23,2023-02-24,2023,Q1,2,February,8,Tuesday,CUST-00344,Dakota Wilson,Government,East,USA,Retail Store,PROD-00117,Beauty,Fragrance,373.12,7,0.1,2611.84,261.18,2350.66,1410.4,940.26,40.0,34.87,188.05,2538.71,Bank Transfer,Standard,Completed,No,,3.3,EMP0030,Diana Adams,HR,EMP0006,55,17,134165.0,0.6
ORD-000622,2023-02-23,2023-02-28,2023-03-06,2023,Q1,2,February,8,Thursday,CUST-00360,Morgan Johnson,SMB,East,Canada,Direct Sales,PROD-00163,Food & Beverage,Snacks,422.65,21,0.0,8875.65,0.0,8875.65,5591.66,3283.99,37.0,5.14,710.05,9585.7,Credit Card,Standard,Completed,No,,3.5,EMP0028,Beth Scott,IT,EMP0005,22,12,74707.0,0.63
ORD-000623,2023-02-23,2023-03-02,2023-03-04,2023,Q1,2,February,8,Thursday,CUST-00379,Riley Garcia,Enterprise,North,Germany,Partner,PROD-00157,Beauty,Makeup,744.09,18,0.1,13393.62,1339.36,12054.26,8558.52,3495.74,29.0,10.69,964.34,13018.6,Bank Transfer,Economy,Completed,No,,3.0,EMP0004,David Brown,IT,EMP0006,52,4,74088.0,0.71
ORD-000624,2023-02-24,2023-02-28,2023-03-01,2023,Q1,2,February,8,Friday,CUST-00351,Riley Smith,Non-Profit,North,France,Online,PROD-00052,Electronics,Cameras,971.62,3,0.0,2914.86,0.0,2914.86,1574.02,1340.84,46.0,146.71,233.19,3148.05,PayPal,Standard,Completed,No,,4.3,EMP0030,Diana Adams,HR,EMP0006,57,19,138494.0,0.54
ORD-000625,2023-02-24,2023-03-02,2023-03-06,2023,Q1,2,February,8,Friday,CUST-00270,Morgan Brown,Enterprise,North,Japan,Online,PROD-00047,Electronics,Phones,1238.42,42,0.2,52013.64,10402.73,41610.91,21221.56,20389.35,49.0,40.14,3328.87,44939.78,Debit Card,Same Day,Completed,No,,4.4,EMP0019,Sam Walker,Sales,EMP0004,54,1,40726.0,0.51
ORD-000626,2023-02-25,2023-03-02,2023-03-05,2023,Q1,2,February,8,Saturday,CUST-00048,Riley Williams,Non-Profit,West,India,Partner,PROD-00208,Food & Beverage,Beverages,740.98,39,0.05,28898.22,1444.91,27453.31,10981.32,16471.99,60.0,101.18,2196.26,29649.57,PayPal,Same Day,Completed,No,,3.5,EMP0003,Carol White,Sales,EMP0002,54,10,75272.0,0.4
ORD-000627,2023-02-26,2023-03-05,2023-03-08,2023,Q1,2,February,8,Sunday,CUST-00331,Riley Johnson,Consumer,South,France,Retail Store,PROD-00161,Food & Beverage,Dairy,927.76,41,0.05,38038.16,1901.91,36136.25,24934.01,11202.24,31.0,126.67,2890.9,39027.15,Debit Card,Economy,Processing,No,,1.1,EMP0008,Henry Davis,Marketing,EMP0001,60,29,48647.0,0.69
ORD-000628,2023-02-27,2023-03-02,2023-03-07,2023,Q1,2,February,9,Monday,CUST-00344,Dakota Wilson,SMB,South,Canada,Online,PROD-00255,Clothing,Formal,1496.2,49,0.1,73313.8,7331.38,65982.42,44868.05,21114.37,32.0,84.85,5278.59,71261.01,Credit Card,Same Day,Completed,No,,3.8,EMP0032,Fiona Nelson,Marketing,EMP0006,39,31,38333.0,0.68
ORD-000629,2023-02-28,2023-03-02,2023-03-04,2023,Q1,2,February,9,Tuesday,CUST-00217,Casey Williams,Consumer,East,UK,Wholesale,PROD-00096,Beauty,Personal Care,78.18,11,0.1,859.98,86.0,773.98,340.55,433.43,56.0,27.21,61.92,835.9,PayPal,Standard,Returned,Yes,Defective,2.7,EMP0030,Diana Adams,HR,EMP0006,44,31,47980.0,0.44
ORD-000630,2023-02-28,2023-03-03,2023-03-05,2023,Q1,2,February,9,Tuesday,CUST-00261,Dakota Davis,Government,Central,Australia,Retail Store,PROD-00196,Clothing,Sportswear,508.61,39,0.0,19835.79,0.0,19835.79,11901.47,7934.32,40.0,110.58,1586.86,21422.65,Cash,Standard,Returned,Yes,Wrong Item,3.3,EMP0024,Xander King,Sales,EMP0002,44,27,84593.0,0.6
ORD-000631,2023-03-02,2023-03-09,2023-03-14,2023,Q1,3,March,9,Thursday,CUST-00186,Taylor Johnson,Non-Profit,Central,Canada,Retail Store,PROD-00104,Beauty,Makeup,1428.13,24,0.1,34275.12,3427.51,30847.61,17274.66,13572.95,44.0,92.04,2467.81,33315.42,PayPal,Same Day,Completed,No,,3.6,EMP0004,David Brown,IT,EMP0006,36,9,114000.0,0.56
ORD-000632,2023-03-08,2023-03-13,2023-03-14,2023,Q1,3,March,10,Wednesday,CUST-00010,Avery Jones,Government,Central,Australia,Partner,PROD-00136,Automotive,Accessories,1790.94,46,0.0,82383.24,0.0,82383.24,36248.63,46134.61,56.0,111.03,6590.66,88973.9,PayPal,Economy,Completed,No,,2.4,EMP0039,Mike Campbell,Logistics,EMP0009,47,21,68267.0,0.44
ORD-000633,2023-03-09,2023-03-13,2023-03-16,2023,Q1,3,March,10,Thursday,CUST-00186,Taylor Johnson,Non-Profit,Central,Australia,Direct Sales,PROD-00249,Clothing,Men,1025.8,19,0.1,19490.2,1949.02,17541.18,12980.47,4560.71,26.0,116.61,1403.29,18944.47,Credit Card,Economy,Completed,No,,4.7,EMP0044,Rose Stewart,Operations,EMP0005,51,16,132713.0,0.74
ORD-000634,2023-03-10,2023-03-15,2023-03-18,2023,Q1,3,March,10,Friday,CUST-00159,Avery Davis,Government,South,UK,Online,PROD-00180,Beauty,Skincare,1066.57,4,0.15,4266.28,639.94,3626.34,1740.64,1885.7,52.0,146.43,290.11,3916.45,Credit Card,Standard,Completed,No,,1.5,EMP0024,Xander King,Sales,EMP0002,46,21,85326.0,0.48
ORD-000635,2023-03-11,2023-03-15,2023-03-17,2023,Q1,3,March,10,Saturday,CUST-00093,Casey Smith,SMB,West,India,Partner,PROD-00173,Sports,Winter Sports,218.81,26,0.15,5689.06,853.36,4835.7,2030.99,2804.71,58.0,88.17,386.86,5222.56,Debit Card,Economy,Completed,No,,3.7,EMP0017,Quinn Rodriguez,Sales,EMP0006,37,18,146346.0,0.42
ORD-000636,2023-03-18,2023-03-22,2023-03-24,2023,Q1,3,March,11,Saturday,CUST-00110,Morgan Davis,Enterprise,Central,Japan,Partner,PROD-00225,Beauty,Personal Care,897.59,38,0.1,34108.42,3410.84,30697.58,18725.52,11972.06,39.0,54.54,2455.81,33153.39,Bank Transfer,Economy,Returned,Yes,Changed Mind,1.0,EMP0028,Beth Scott,IT,EMP0005,60,16,144728.0,0.61
ORD-000637,2023-03-22,2023-03-29,2023-04-03,2023,Q1,3,March,12,Wednesday,CUST-00175,Jamie Johnson,Consumer,East,UK,Wholesale,PROD-00186,Food & Beverage,Beverages,1067.57,42,0.05,44837.94,2241.9,42596.04,28113.39,14482.65,34.0,99.03,3407.68,46003.72,PayPal,Economy,Pending,No,,4.7,EMP0022,Victor Young,HR,EMP0004,35,23,123927.0,0.66
ORD-000638,2023-03-22,2023-03-23,2023-03-27,2023,Q1,3,March,12,Wednesday,CUST-00393,Taylor Jones,Enterprise,North,UK,Direct Sales,PROD-00082,Food & Beverage,Frozen,488.73,32,0.0,15639.36,0.0,15639.36,6412.14,9227.22,59.0,14.92,1251.15,16890.51,Bank Transfer,Standard,Completed,No,,1.5,EMP0044,Rose Stewart,Operations,EMP0005,38,31,142227.0,0.41
ORD-000639,2023-03-22,2023-03-29,2023-03-30,2023,Q1,3,March,12,Wednesday,CUST-00249,Jamie Miller,Consumer,North,Canada,Partner,PROD-00087,Automotive,Parts,542.14,39,0.15,21143.46,3171.52,17971.94,11322.32,6649.62,37.0,135.12,1437.76,19409.7,PayPal,Express,Completed,No,,1.4,EMP0019,Sam Walker,Sales,EMP0004,33,27,116316.0,0.63
ORD-000640,2023-03-24,2023-03-26,2023-04-01,2023,Q1,3,March,12,Friday,CUST-00099,Dakota Williams,Enterprise,East,USA,Online,PROD-00166,Books,Children,757.68,45,0.0,34095.6,0.0,34095.6,20116.4,13979.2,41.0,22.31,2727.65,36823.25,Bank Transfer,Express,Completed,No,,2.3,EMP0050,Xena Morgan,Sales,EMP0001,50,13,137992.0,0.59
ORD-000641,2023-03-26,2023-03-31,2023-04-04,2023,Q1,3,March,12,Sunday,CUST-00116,Riley Wilson,Consumer,East,Japan,Direct Sales,PROD-00009,Beauty,Haircare,45.04,46,0.05,2071.84,103.59,1968.25,866.03,1102.22,56.0,52.54,157.46,2125.71,Debit Card,Economy,Cancelled,No,,2.5,EMP0002,Bob Smith,Sales,EMP0007,53,5,62194.0,0.44
ORD-000642,2023-03-28,2023-04-01,2023-04-05,2023,Q1,3,March,13,Tuesday,CUST-00071,Riley Miller,Government,East,France,Online,PROD-00058,Food & Beverage,Dairy,647.55,36,0.0,23311.8,0.0,23311.8,10723.43,12588.37,54.0,123.28,1864.94,25176.74,Credit Card,Express,Completed,No,,1.9,EMP0035,Ian Perez,Operations,EMP0005,45,8,74723.0,0.46
ORD-000643,2023-03-29,2023-04-05,2023-04-07,2023,Q1,3,March,13,Wednesday,CUST-00080,Morgan Johnson,SMB,West,Germany,Wholesale,PROD-00098,Beauty,Fragrance,426.84,40,0.0,17073.6,0.0,17073.6,10244.16,6829.44,40.0,91.61,1365.89,18439.49,Cash,Economy,Completed,No,,3.3,EMP0018,Rachel Lewis,Sales,EMP0010,34,20,121587.0,0.6
ORD-000644,2023-03-29,2023-04-05,2023-04-07,2023,Q1,3,March,13,Wednesday,CUST-00040,Alex Moore,Non-Profit,North,France,Direct Sales,PROD-00298,Furniture,Office,658.36,37,0.1,24359.32,2435.93,21923.39,10961.7,10961.69,50.0,62.08,1753.87,23677.26,Bank Transfer,Standard,Completed,No,,2.8,EMP0012,Leo Thomas,IT,EMP0007,41,11,83825.0,0.5
ORD-000645,2023-03-30,2023-04-04,2023-04-06,2023,Q1,3,March,13,Thursday,CUST-00152,Taylor Moore,Government,West,Canada,Retail Store,PROD-00159,Food & Beverage,Beverages,243.93,33,0.0,8049.69,0.0,8049.69,5876.27,2173.42,27.0,73.65,643.98,8693.67,Credit Card,Same Day,Completed,No,,1.1,EMP0019,Sam Walker,Sales,EMP0004,36,29,131293.0,0.73
ORD-000646,2023-03-30,2023-04-04,2023-04-08,2023,Q1,3,March,13,Thursday,CUST-00052,Alex Williams,Government,Central,Japan,Direct Sales,PROD-00260,Automotive,Accessories,1781.6,36,0.1,64137.6,6413.76,57723.84,39829.45,17894.39,31.0,128.91,4617.91,62341.75,PayPal,Standard,Pending,No,,2.3,EMP0023,Wendy Hernandez,HR,EMP0005,25,30,135928.0,0.69
ORD-000647,2023-04-01,2023-04-05,2023-04-06,2023,Q2,4,April,13,Saturday,CUST-00260,Jamie Jones,Non-Profit,North,France,Online,PROD-00287,Sports,Water Sports,1189.22,3,0.0,3567.66,0.0,3567.66,2640.07,927.59,26.0,54.3,285.41,3853.07,PayPal,Same Day,Completed,No,,4.2,EMP0027,Aaron Hill,IT,EMP0007,55,3,69469.0,0.74
ORD-000648,2023-04-01,2023-04-07,2023-04-09,2023,Q2,4,April,13,Saturday,CUST-00395,Riley Johnson,Enterprise,East,Canada,Partner,PROD-00152,Sports,Winter Sports,1359.81,9,0.0,12238.29,0.0,12238.29,5996.76,6241.53,51.0,131.1,979.06,13217.35,Bank Transfer,Standard,Completed,No,,3.8,EMP0002,Bob Smith,Sales,EMP0007,49,30,129697.0,0.49
ORD-000649,2023-04-02,2023-04-05,2023-04-08,2023,Q2,4,April,13,Sunday,CUST-00277,Alex Smith,Consumer,West,Germany,Wholesale,PROD-00287,Food & Beverage,Dairy,1579.4,8,0.05,12635.2,631.76,12003.44,8882.55,3120.89,26.0,17.78,960.28,12963.72,Bank Transfer,Same Day,Pending,No,,3.9,EMP0029,Chris Green,IT,EMP0008,23,26,52740.0,0.74
ORD-000650,2023-04-02,2023-04-04,2023-04-05,2023,Q2,4,April,13,Sunday,CUST-00379,Riley Garcia,Government,South,USA,Direct Sales,PROD-00276,Food & Beverage,Dairy,999.39,33,0.0,32979.87,0.0,32979.87,18138.93,14840.94,45.0,117.64,2638.39,35618.26,Cash,Same Day,Completed,No,,3.8,EMP0021,Uma Allen,Marketing,EMP0001,51,24,73433.0,0.55
ORD-000651,2023-04-05,2023-04-07,2023-04-10,2023,Q2,4,April,14,Wednesday,CUST-00270,Morgan Brown,Government,North,UK,Wholesale,PROD-00092,Electronics,Accessories,178.41,6,0.0,1070.46,0.0,1070.46,556.64,513.82,48.0,127.89,85.64,1156.1,Debit Card,Express,Completed,No,,2.2,EMP0020,Tina Hall,Marketing,EMP0002,47,4,94566.0,0.52
ORD-000652,2023-04-05,2023-04-11,2023-04-12,2023,Q2,4,April,14,Wednesday,CUST-00020,Alex Williams,Enterprise,East,Australia,Online,PROD-00204,Automotive,Electronics,1076.53,41,0.1,44137.73,4413.77,39723.96,16684.06,23039.9,58.0,31.36,3177.92,42901.88,Bank Transfer,Standard,Completed,No,,1.4,EMP0041,Oscar Evans,Marketing,EMP0003,47,5,61041.0,0.42
ORD-000653,2023-04-05,2023-04-06,2023-04-08,2023,Q2,4,April,14,Wednesday,CUST-00339,Alex Jones,Government,East,Canada,Online,PROD-00039,Electronics,Accessories,1175.75,39,0.0,45854.25,0.0,45854.25,19258.78,26595.47,58.0,67.4,3668.34,49522.59,PayPal,Same Day,Completed,No,,,EMP0003,Carol White,Sales,EMP0002,41,4,101616.0,0.42
ORD-000654,2023-04-07,2023-04-13,2023-04-19,2023,Q2,4,April,14,Friday,CUST-00173,Riley Johnson,Consumer,Central,Canada,Online,PROD-00102,Food & Beverage,Dairy,1492.15,4,0.15,5968.6,895.29,5073.31,3246.92,1826.39,36.0,29.0,405.86,5479.17,Cash,Economy,Completed,No,,4.3,EMP0039,Mike Campbell,Logistics,EMP0009,49,26,101550.0,0.64
ORD-000655,2023-04-08,2023-04-09,2023-04-14,2023,Q2,4,April,14,Saturday,CUST-00393,Taylor Jones,Non-Profit,West,Australia,Partner,PROD-00048,Beauty,Personal Care,866.16,13,0.0,11260.08,0.0,11260.08,6305.64,4954.44,44.0,107.46,900.81,12160.89,Cash,Economy,Completed,No,,4.9,EMP0008,Henry Davis,Marketing,EMP0001,41,7,58794.0,0.56
ORD-000656,2023-04-09,2023-04-10,2023-04-12,2023,Q2,4,April,14,Sunday,CUST-00317,Jamie Miller,SMB,Central,Germany,Retail Store,PROD-00047,Furniture,Office,259.52,49,0.0,12716.48,0.0,12716.48,6103.91,6612.57,52.0,82.63,1017.32,13733.8,PayPal,Standard,Completed,No,,3.0,EMP0023,Wendy Hernandez,HR,EMP0005,32,8,126499.0,0.48
ORD-000657,2023-04-09,2023-04-15,2023-04-19,2023,Q2,4,April,14,Sunday,CUST-00068,Avery Jones,SMB,South,Canada,Wholesale,PROD-00208,Clothing,Sportswear,571.13,2,0.1,1142.26,114.23,1028.03,627.1,400.93,39.0,97.12,82.24,1110.27,PayPal,Standard,Completed,No,,1.0,EMP0047,Umar Rogers,Marketing,EMP0006,31,14,107639.0,0.61
ORD-000658,2023-04-12,2023-04-14,2023-04-20,2023,Q2,4,April,15,Wednesday,CUST-00306,Casey Smith,Non-Profit,South,Australia,Retail Store,PROD-00135,Books,Non-Fiction,729.35,5,0.0,3646.75,0.0,3646.75,1786.91,1859.84,51.0,33.49,291.74,3938.49,Credit Card,Economy,Returned,Yes,Defective,1.6,EMP0003,Carol White,Sales,EMP0002,44,6,71542.0,0.49
ORD-000659,2023-04-13,2023-04-16,2023-04-20,2023,Q2,4,April,15,Thursday,CUST-00193,Alex Brown,Non-Profit,Central,Canada,Retail Store,PROD-00075,Food & Beverage,Bakery,1293.6,44,0.0,56918.4,0.0,56918.4,34151.04,22767.36,40.0,35.7,4553.47,61471.87,Bank Transfer,Same Day,Returned,Yes,Not as Described,2.3,EMP0035,Ian Perez,Operations,EMP0005,58,31,61701.0,0.6
ORD-000660,2023-04-13,2023-04-15,2023-04-16,2023,Q2,4,April,15,Thursday,CUST-00079,Avery Jones,Non-Profit,North,UK,Wholesale,PROD-00175,Beauty,Personal Care,1143.7,27,0.0,30879.9,0.0,30879.9,16366.35,14513.55,47.0,11.02,2470.39,33350.29,Cash,Economy,Completed,No,,3.3,EMP0048,Victoria Reed,Logistics,EMP0001,40,7,136056.0,0.53
ORD-000661,2023-04-13,2023-04-20,2023-04-24,2023,Q2,4,April,15,Thursday,CUST-00084,Taylor Brown,Enterprise,North,India,Online,PROD-00273,Clothing,Formal,715.41,32,0.0,22893.12,0.0,22893.12,15796.25,7096.87,31.0,51.7,1831.45,24724.57,Bank Transfer,Economy,Completed,No,,1.3,EMP0026,Zoe Lopez,Marketing,EMP0002,39,14,131110.0,0.69
ORD-000662,2023-04-14,2023-04-16,2023-04-22,2023,Q2,4,April,15,Friday,CUST-00093,Casey Smith,SMB,Central,UK,Retail Store,PROD-00182,Furniture,Outdoor,1973.1,21,0.15,41435.1,6215.26,35219.84,24301.69,10918.15,31.0,86.16,2817.59,38037.43,PayPal,Same Day,Completed,No,,4.8,EMP0016,Paul Garcia,Finance,EMP0010,48,18,61422.0,0.69
ORD-000663,2023-04-15,2023-04-17,2023-04-23,2023,Q2,4,April,15,Saturday,CUST-00355,Quinn Wilson,Government,Central,UK,Wholesale,PROD-00204,Beauty,Haircare,1213.52,8,0.0,9708.16,0.0,9708.16,5533.65,4174.51,43.0,129.4,776.65,10484.81,Credit Card,Express,Completed,No,,2.5,EMP0012,Leo Thomas,IT,EMP0007,27,5,39095.0,0.57
ORD-000664,2023-04-16,2023-04-22,2023-04-24,2023,Q2,4,April,15,Sunday,CUST-00395,Riley Johnson,Enterprise,North,USA,Direct Sales,PROD-00069,Beauty,Makeup,478.27,38,0.15,18174.26,2726.14,15448.12,8033.02,7415.1,48.0,101.7,1235.85,16683.97,Cash,Economy,Returned,Yes,,4.7,EMP0006,Frank Lee,Marketing,EMP0010,31,18,127521.0,0.52
ORD-000665,2023-04-17,2023-04-23,2023-04-26,2023,Q2,4,April,16,Monday,CUST-00320,Alex Johnson,Consumer,West,Japan,Retail Store,PROD-00198,Food & Beverage,Frozen,208.06,8,0.2,1664.48,332.9,1331.58,705.74,625.84,47.0,68.13,106.53,1438.11,Credit Card,Economy,Completed,No,,4.1,EMP0035,Ian Perez,Operations,EMP0005,23,27,105783.0,0.53
ORD-000666,2023-04-17,2023-04-24,2023-04-26,2023,Q2,4,April,16,Monday,CUST-00085,Alex Johnson,Non-Profit,Central,India,Online,PROD-00054,Clothing,Formal,309.95,50,0.05,15497.5,774.88,14722.62,10011.38,4711.24,32.0,143.2,1177.81,15900.43,Debit Card,Express,Completed,No,,4.0,EMP0007,Grace Kim,Marketing,EMP0005,45,16,46601.0,0.68
ORD-000667,2023-04-17,2023-04-24,2023-04-25,2023,Q2,4,April,16,Monday,CUST-00370,Alex Miller,Government,East,USA,Partner,PROD-00151,Beauty,Fragrance,495.69,3,0.2,1487.07,297.41,1189.66,606.73,582.93,49.0,109.29,95.17,1284.83,Cash,Express,Completed,No,,3.4,EMP0009,Iris Wilson,IT,EMP0008,59,18,102546.0,0.51
ORD-000668,2023-04-20,2023-04-26,2023-04-30,2023,Q2,4,April,16,Thursday,CUST-00225,Dakota Garcia,SMB,West,Australia,Wholesale,PROD-00292,Books,Education,325.56,44,0.0,14324.64,0.0,14324.64,6732.58,7592.06,53.0,139.87,1145.97,15470.61,Credit Card,Standard,Completed,No,,3.5,EMP0047,Umar Rogers,Marketing,EMP0006,49,30,87001.0,0.47
ORD-000669,2023-04-22,2023-04-24,2023-04-27,2023,Q2,4,April,16,Saturday,CUST-00023,Morgan Moore,Government,Central,UK,Retail Store,PROD-00043,Electronics,Tablets,377.2,3,0.25,1131.6,282.9,848.7,364.94,483.76,57.0,81.5,67.9,916.6,Debit Card,Same Day,Completed,No,,3.6,EMP0010,Jack Taylor,Sales,EMP0009,49,10,124073.0,0.43
ORD-000670,2023-04-22,2023-04-25,2023-04-30,2023,Q2,4,April,16,Saturday,CUST-00211,Avery Garcia,Enterprise,East,USA,Online,PROD-00166,Sports,Winter Sports,573.76,22,0.0,12622.72,0.0,12622.72,7068.72,5554.0,44.0,42.54,1009.82,13632.54,Credit Card,Same Day,Completed,No,,3.5,EMP0041,Oscar Evans,Marketing,EMP0003,60,14,59045.0,0.56
ORD-000671,2023-04-24,2023-04-25,2023-05-01,2023,Q2,4,April,17,Monday,CUST-00187,Alex Miller,Government,East,USA,Online,PROD-00116,Furniture,Office,350.88,6,0.1,2105.28,210.53,1894.75,1080.01,814.74,43.0,12.66,151.58,2046.33,PayPal,Standard,Processing,No,,3.2,EMP0032,Fiona Nelson,Marketing,EMP0006,23,9,87113.0,0.57
ORD-000672,2023-04-24,2023-04-29,2023-05-02,2023,Q2,4,April,17,Monday,CUST-00347,Alex Johnson,Non-Profit,Central,Japan,Wholesale,PROD-00227,Furniture,Outdoor,1794.05,2,0.05,3588.1,179.4,3408.7,2352.0,1056.7,31.0,110.28,272.7,3681.4,Bank Transfer,Express,Returned,Yes,Changed Mind,4.9,EMP0028,Beth Scott,IT,EMP0005,26,22,52968.0,0.69
ORD-000673,2023-04-24,2023-04-25,2023-04-28,2023,Q2,4,April,17,Monday,CUST-00369,Morgan Jones,SMB,Central,UK,Direct Sales,PROD-00021,Clothing,Women,165.07,23,0.0,3796.61,0.0,3796.61,1822.37,1974.24,52.0,22.59,303.73,4100.34,Debit Card,Same Day,Completed,No,,3.9,EMP0018,Rachel Lewis,Sales,EMP0010,32,2,145116.0,0.48
ORD-000674,2023-04-25,2023-05-02,2023-05-04,2023,Q2,4,April,17,Tuesday,CUST-00122,Casey Miller,SMB,Central,Germany,Online,PROD-00126,Beauty,Skincare,1051.4,44,0.1,46261.6,4626.16,41635.44,22066.78,19568.66,47.0,48.9,3330.84,44966.28,Cash,Same Day,Completed,No,,4.1,EMP0023,Wendy Hernandez,HR,EMP0005,31,2,124555.0,0.53
ORD-000675,2023-04-27,2023-05-04,2023-05-09,2023,Q2,4,April,17,Thursday,CUST-00228,Casey Miller,SMB,East,USA,Wholesale,PROD-00281,Sports,Outdoor,823.74,2,0.1,1647.48,164.75,1482.73,1008.26,474.47,32.0,82.21,118.62,1601.35,Bank Transfer,Economy,Pending,No,,4.5,EMP0030,Diana Adams,HR,EMP0006,23,17,119723.0,0.68
ORD-000676,2023-04-29,2023-04-30,2023-05-06,2023,Q2,4,April,17,Saturday,CUST-00313,Jordan Jones,SMB,South,UK,Retail Store,PROD-00080,Clothing,Sportswear,1964.85,38,0.0,74664.3,0.0,74664.3,51518.37,23145.93,31.0,86.84,5973.14,80637.44,Credit Card,Standard,Completed,No,,1.9,EMP0045,Steve Sanchez,Operations,EMP0009,36,24,114374.0,0.69
ORD-000677,2023-04-30,2023-05-05,2023-05-06,2023,Q2,4,April,17,Sunday,CUST-00146,Alex Wilson,Enterprise,Central,Germany,Direct Sales,PROD-00141,Electronics,Phones,228.52,17,0.0,3884.84,0.0,3884.84,2058.97,1825.87,47.0,92.08,310.79,4195.63,Debit Card,Same Day,Completed,No,,1.3,EMP0040,Nancy Parker,Logistics,EMP0004,60,19,83684.0,0.53
ORD-000678,2023-04-30,2023-05-02,2023-05-03,2023,Q2,4,April,17,Sunday,CUST-00386,Quinn Wilson,Enterprise,Central,USA,Wholesale,PROD-00014,Electronics,Laptops,798.72,35,0.1,27955.2,2795.52,25159.68,14089.42,11070.26,44.0,29.11,2012.77,27172.45,Bank Transfer,Same Day,Completed,No,,2.9,EMP0016,Paul Garcia,Finance,EMP0010,58,28,141177.0,0.56
ORD-000679,2023-05-01,2023-05-04,2023-05-07,2023,Q2,5,May,18,Monday,CUST-00384,Jamie Johnson,Government,West,UK,Wholesale,PROD-00254,Automotive,Accessories,1939.09,34,0.1,65929.06,6592.91,59336.15,30261.44,29074.71,49.0,60.06,4746.89,64083.04,Bank Transfer,Same Day,Cancelled,No,,3.1,EMP0047,Umar Rogers,Marketing,EMP0006,28,21,43385.0,0.51
ORD-000680,2023-05-02,2023-05-05,2023-05-08,2023,Q2,5,May,18,Tuesday,CUST-00230,Alex Johnson,Enterprise,Central,UK,Direct Sales,PROD-00115,Books,Comics,1731.69,23,0.25,39828.87,9957.22,29871.65,21806.3,8065.35,27.0,94.49,2389.73,32261.38,Credit Card,Same Day,Completed,No,,4.3,EMP0034,Hannah Mitchell,HR,EMP0004,41,14,127375.0,0.73
ORD-000681,2023-05-03,2023-05-04,2023-05-08,2023,Q2,5,May,18,Wednesday,CUST-00120,Dakota Garcia,SMB,West,Australia,Online,PROD-00113,Automotive,Electronics,1635.06,30,0.15,49051.8,7357.77,41694.03,18345.37,23348.66,56.0,145.62,3335.52,45029.55,PayPal,Standard,Completed,No,,2.8,EMP0037,Kevin Turner,Logistics,EMP0010,55,9,59752.0,0.44
ORD-000682,2023-05-09,2023-05-14,2023-05-19,2023,Q2,5,May,19,Tuesday,CUST-00274,Jamie Smith,Consumer,West,Australia,Online,PROD-00126,Food & Beverage,Dairy,519.52,8,0.25,4156.16,1039.04,3117.12,2275.5,841.62,27.0,110.51,249.37,3366.49,Bank Transfer,Standard,Cancelled,No,,3.3,EMP0030,Diana Adams,HR,EMP0006,56,20,72263.0,0.73
ORD-000683,2023-05-09,2023-05-16,2023-05-22,2023,Q2,5,May,19,Tuesday,CUST-00123,Taylor Davis,Government,South,Canada,Retail Store,PROD-00116,Automotive,Care Products,345.92,22,0.1,7610.24,761.02,6849.22,4383.5,2465.72,36.0,138.78,547.94,7397.16,Bank Transfer,Same Day,Pending,No,,3.1,EMP0003,Carol White,Sales,EMP0002,55,28,94734.0,0.64
ORD-000684,2023-05-11,2023-05-15,2023-05-18,2023,Q2,5,May,19,Thursday,CUST-00159,Avery Davis,Consumer,Central,France,Retail Store,PROD-00226,Books,Comics,1338.94,44,0.0,58913.36,0.0,58913.36,34758.88,24154.48,41.0,115.52,4713.07,63626.43,Cash,Same Day,Pending,No,,1.2,EMP0005,Eva Martinez,Operations,EMP0006,43,31,125005.0,0.59
ORD-000685,2023-05-11,2023-05-13,2023-05-17,2023,Q2,5,May,19,Thursday,CUST-00241,Casey Miller,SMB,South,USA,Partner,PROD-00111,Automotive,Parts,1859.11,36,0.0,66927.96,0.0,66927.96,27440.46,39487.5,59.0,90.8,5354.24,72282.2,Bank Transfer,Same Day,Completed,No,,3.5,EMP0021,Uma Allen,Marketing,EMP0001,52,9,131432.0,0.41
ORD-000686,2023-05-12,2023-05-13,2023-05-18,2023,Q2,5,May,19,Friday,CUST-00100,Casey Smith,Consumer,East,UK,Partner,PROD-00075,Beauty,Haircare,1115.74,5,0.15,5578.7,836.8,4741.9,2702.88,2039.02,43.0,32.84,379.35,5121.25,Credit Card,Express,Completed,No,,,EMP0024,Xander King,Sales,EMP0002,44,12,102129.0,0.57
ORD-000687,2023-05-14,2023-05-17,2023-05-23,2023,Q2,5,May,19,Sunday,CUST-00189,Taylor Brown,Government,South,Canada,Retail Store,PROD-00007,Automotive,Electronics,1145.37,13,0.1,14889.81,1488.98,13400.83,7236.45,6164.38,46.0,101.67,1072.07,14472.9,Credit Card,Economy,Completed,No,,1.6,EMP0003,Carol White,Sales,EMP0002,40,22,81349.0,0.54
ORD-000688,2023-05-15,2023-05-22,2023-05-23,2023,Q2,5,May,20,Monday,CUST-00348,Jamie Wilson,Enterprise,North,Germany,Direct Sales,PROD-00152,Clothing,Men,563.56,29,0.0,16343.24,0.0,16343.24,7517.89,8825.35,54.0,95.39,1307.46,17650.7,Debit Card,Economy,Returned,Yes,Changed Mind,3.4,EMP0010,Jack Taylor,Sales,EMP0009,25,22,143848.0,0.46
ORD-000689,2023-05-15,2023-05-21,2023-05-25,2023,Q2,5,May,20,Monday,CUST-00293,Taylor Brown,SMB,North,France,Partner,PROD-00125,Books,Fiction,1540.14,31,0.0,47744.34,0.0,47744.34,30078.93,17665.41,37.0,92.36,3819.55,51563.89,Credit Card,Standard,Completed,No,,3.4,EMP0039,Mike Campbell,Logistics,EMP0009,45,30,63350.0,0.63
ORD-000690,2023-05-17,2023-05-23,2023-05-28,2023,Q2,5,May,20,Wednesday,CUST-00226,Jordan Wilson,Non-Profit,North,France,Partner,PROD-00011,Furniture,Bedroom,378.15,47,0.25,17773.05,4443.26,13329.79,9864.04,3465.75,26.0,76.02,1066.38,14396.17,Bank Transfer,Economy,Completed,No,,1.7,EMP0047,Umar Rogers,Marketing,EMP0006,41,3,127356.0,0.74
ORD-000691,2023-05-17,2023-05-22,2023-05-26,2023,Q2,5,May,20,Wednesday,CUST-00237,Dakota Brown,Government,West,Canada,Direct Sales,PROD-00248,Food & Beverage,Bakery,650.74,16,0.05,10411.84,520.59,9891.25,5934.75,3956.5,40.0,81.66,791.3,10682.55,Bank Transfer,Standard,Returned,Yes,Wrong Item,1.5,EMP0041,Oscar Evans,Marketing,EMP0003,60,2,105386.0,0.6
ORD-000692,2023-05-18,2023-05-23,2023-05-26,2023,Q2,5,May,20,Thursday,CUST-00394,Morgan Miller,Enterprise,North,Australia,Online,PROD-00225,Books,Comics,853.75,42,0.05,35857.5,1792.88,34064.62,22142.0,11922.62,35.0,53.49,2725.17,36789.79,Debit Card,Economy,Completed,No,,4.9,EMP0007,Grace Kim,Marketing,EMP0005,49,20,78343.0,0.65
ORD-000693,2023-05-18,2023-05-19,2023-05-21,2023,Q2,5,May,20,Thursday,CUST-00145,Quinn Johnson,Consumer,South,UK,Wholesale,PROD-00213,Clothing,Sportswear,1017.68,30,0.05,30530.4,1526.52,29003.88,12181.63,16822.25,58.0,80.3,2320.31,31324.19,Bank Transfer,Standard,Completed,No,,2.6,EMP0025,Yara Wright,HR,EMP0004,60,1,35157.0,0.42
ORD-000694,2023-05-19,2023-05-23,2023-05-24,2023,Q2,5,May,20,Friday,CUST-00399,Avery Miller,SMB,Central,UK,Online,PROD-00285,Electronics,Laptops,488.61,16,0.0,7817.76,0.0,7817.76,4299.77,3517.99,45.0,,625.42,8443.18,PayPal,Same Day,Completed,No,,1.9,EMP0033,George Carter,Finance,EMP0006,38,3,86359.0,0.55
ORD-000695,2023-05-21,2023-05-24,2023-05-27,2023,Q2,5,May,20,Sunday,CUST-00196,Avery Brown,Non-Profit,West,USA,Wholesale,PROD-00283,Sports,Fitness,234.1,12,0.0,2809.2,0.0,2809.2,1236.05,1573.15,56.0,121.75,224.74,3033.94,Credit Card,Economy,Completed,No,,1.7,EMP0047,Umar Rogers,Marketing,EMP0006,40,0,66823.0,0.44
ORD-000696,2023-05-21,2023-05-22,2023-05-25,2023,Q2,5,May,20,Sunday,CUST-00258,Quinn Brown,Non-Profit,West,Australia,Direct Sales,PROD-00291,Electronics,Tablets,1223.19,17,0.0,20794.23,0.0,20794.23,12684.48,8109.75,39.0,31.94,1663.54,22457.77,PayPal,Express,Completed,No,,3.7,EMP0006,Frank Lee,Marketing,EMP0010,56,14,47000.0,0.61
ORD-000697,2023-05-22,2023-05-26,2023-05-31,2023,Q2,5,May,21,Monday,CUST-00271,Jordan Williams,Enterprise,North,Australia,Partner,PROD-00099,Beauty,Haircare,580.82,16,0.0,9293.12,0.0,9293.12,6783.98,2509.14,27.0,17.32,743.45,10036.57,PayPal,Economy,Completed,No,,3.4,EMP0022,Victor Young,HR,EMP0004,53,32,43643.0,0.73
ORD-000698,2023-05-24,2023-05-31,2023-06-04,2023,Q2,5,May,21,Wednesday,CUST-00215,Avery Davis,Consumer,East,Germany,Direct Sales,PROD-00212,Sports,Team Sports,1164.57,12,0.15,13974.84,2096.23,11878.61,7483.52,4395.09,37.0,68.26,950.29,12828.9,Cash,Standard,Completed,No,,3.6,EMP0041,Oscar Evans,Marketing,EMP0003,60,5,74969.0,0.63
ORD-000699,2023-05-26,2023-05-31,2023-06-01,2023,Q2,5,May,21,Friday,CUST-00083,Alex Wilson,Government,East,Canada,Online,PROD-00096,Clothing,Men,312.95,8,0.05,2503.6,125.18,2378.42,1022.72,1355.7,57.0,100.45,190.27,2568.69,Bank Transfer,Standard,Completed,No,,1.4,EMP0048,Victoria Reed,Logistics,EMP0001,56,6,105697.0,0.43
ORD-000700,2023-05-28,2023-06-03,2023-06-06,2023,Q2,5,May,21,Sunday,CUST-00103,Jordan Garcia,Government,Central,USA,Direct Sales,PROD-00266,Clothing,Formal,964.87,20,0.15,19297.4,2894.61,16402.79,8529.45,7873.34,48.0,68.47,1312.22,17715.01,Debit Card,Same Day,Completed,No,,4.6,EMP0020,Tina Hall,Marketing,EMP0002,51,18,131315.0,0.52
ORD-000701,2023-05-28,2023-05-30,2023-06-04,2023,Q2,5,May,21,Sunday,CUST-00310,Jamie Smith,Non-Profit,South,UK,Online,PROD-00298,Beauty,Skincare,1067.52,3,0.2,3202.56,640.51,2562.05,1511.61,1050.44,41.0,45.13,204.96,2767.01,Bank Transfer,Same Day,Completed,No,,2.6,EMP0028,Beth Scott,IT,EMP0005,38,0,56110.0,0.59
ORD-000702,2023-05-28,2023-06-04,2023-06-05,2023,Q2,5,May,21,Sunday,CUST-00071,Riley Miller,Government,North,Australia,Direct Sales,PROD-00205,Food & Beverage,Bakery,108.39,16,0.0,1734.24,0.0,1734.24,936.49,797.75,46.0,85.93,138.74,1872.98,Credit Card,Standard,Cancelled,No,,2.3,EMP0026,Zoe Lopez,Marketing,EMP0002,50,18,83834.0,0.54
ORD-000703,2023-05-29,2023-06-04,2023-06-08,2023,Q2,5,May,22,Monday,CUST-00129,Jordan Davis,SMB,South,Japan,Retail Store,PROD-00295,Automotive,Electronics,676.53,30,0.1,20295.9,2029.59,18266.31,12603.75,5662.56,31.0,55.32,1461.3,19727.61,PayPal,Economy,Completed,No,,,EMP0002,Bob Smith,Sales,EMP0007,27,25,80075.0,0.69
ORD-000704,2023-05-31,2023-06-03,2023-06-06,2023,Q2,5,May,22,Wednesday,CUST-00027,Riley Moore,SMB,East,France,Online,PROD-00199,Food & Beverage,Frozen,273.16,45,0.05,12292.2,614.61,11677.59,8057.54,3620.05,31.0,140.27,934.21,12611.8,Bank Transfer,Express,Completed,No,,2.6,EMP0012,Leo Thomas,IT,EMP0007,38,11,94040.0,0.69
ORD-000705,2023-05-31,2023-06-03,2023-06-09,2023,Q2,5,May,22,Wednesday,CUST-00329,Riley Miller,Consumer,East,Canada,Wholesale,PROD-00134,Clothing,Formal,131.43,23,0.2,3022.89,604.58,2418.31,1475.17,943.14,39.0,138.78,193.46,2611.77,Credit Card,Same Day,Cancelled,No,,,EMP0048,Victoria Reed,Logistics,EMP0001,38,21,128103.0,0.61
ORD-000706,2023-06-02,2023-06-08,2023-06-11,2023,Q2,6,June,22,Friday,CUST-00247,Dakota Garcia,Enterprise,North,Japan,Partner,PROD-00187,Clothing,Kids,1979.97,28,0.0,55439.16,0.0,55439.16,29382.75,26056.41,47.0,77.84,4435.13,59874.29,Cash,Same Day,Completed,No,,4.7,EMP0017,Quinn Rodriguez,Sales,EMP0006,35,12,98669.0,0.53
ORD-000707,2023-06-02,2023-06-09,2023-06-12,2023,Q2,6,June,22,Friday,CUST-00191,Quinn Smith,Consumer,East,UK,Partner,PROD-00135,Beauty,Personal Care,648.1,40,0.1,25924.0,2592.4,23331.6,11432.48,11899.12,51.0,52.54,1866.53,25198.13,Debit Card,Same Day,Processing,No,,2.2,EMP0047,Umar Rogers,Marketing,EMP0006,45,27,132365.0,0.49
ORD-000708,2023-06-03,2023-06-09,2023-06-10,2023,Q2,6,June,22,Saturday,CUST-00284,Morgan Johnson,Enterprise,East,Canada,Online,PROD-00221,Books,Fiction,1620.7,5,0.1,8103.5,810.35,7293.15,3208.99,4084.16,56.0,111.88,583.45,7876.6,Bank Transfer,Economy,Cancelled,No,,4.5,EMP0042,Patricia Edwards,IT,EMP0008,58,13,94633.0,0.44
ORD-000709,2023-06-04,2023-06-08,2023-06-09,2023,Q2,6,June,22,Sunday,CUST-00053,Avery Brown,Enterprise,Central,France,Retail Store,PROD-00190,Electronics,Phones,513.01,20,0.0,10260.2,0.0,10260.2,5335.3,4924.9,48.0,10.32,820.82,11081.02,Debit Card,Express,Completed,No,,4.1,EMP0048,Victoria Reed,Logistics,EMP0001,61,21,104442.0,0.52
ORD-000710,2023-06-07,2023-06-08,2023-06-09,2023,Q2,6,June,23,Wednesday,CUST-00365,Casey Brown,Enterprise,Central,India,Partner,PROD-00187,Automotive,Electronics,1364.6,40,0.0,54584.0,0.0,54584.0,29475.36,25108.64,46.0,73.84,4366.72,58950.72,Debit Card,Express,Processing,No,,4.7,EMP0006,Frank Lee,Marketing,EMP0010,60,29,85299.0,0.54
ORD-000711,2023-06-08,2023-06-13,2023-06-14,2023,Q2,6,June,23,Thursday,CUST-00265,Dakota Williams,Consumer,East,India,Retail Store,PROD-00121,Food & Beverage,Bakery,1521.65,44,0.1,66952.6,6695.26,60257.34,38564.7,21692.64,36.0,53.77,4820.59,65077.93,PayPal,Express,Completed,No,,2.0,EMP0028,Beth Scott,IT,EMP0005,53,19,129656.0,0.64
ORD-000712,2023-06-09,2023-06-13,2023-06-18,2023,Q2,6,June,23,Friday,CUST-00064,Taylor Jones,Non-Profit,North,Australia,Wholesale,PROD-00164,Automotive,Parts,1193.3,1,0.1,1193.3,119.33,1073.97,676.6,397.37,37.0,138.48,85.92,1159.89,Cash,Express,Completed,No,,3.3,EMP0008,Henry Davis,Marketing,EMP0001,57,26,141240.0,0.63
ORD-000713,2023-06-10,2023-06-12,2023-06-14,2023,Q2,6,June,23,Saturday,CUST-00146,Alex Wilson,SMB,North,Australia,Partner,PROD-00277,Food & Beverage,Snacks,945.79,30,0.0,28373.7,0.0,28373.7,11916.95,16456.75,58.0,6.74,2269.9,30643.6,Credit Card,Standard,Completed,No,,2.1,EMP0013,Mia Jackson,HR,EMP0002,58,33,108502.0,0.42
ORD-000714,2023-06-11,2023-06-17,2023-06-22,2023,Q2,6,June,23,Sunday,CUST-00043,Riley Williams,Enterprise,East,India,Direct Sales,PROD-00183,Electronics,Accessories,826.62,21,0.1,17359.02,1735.9,15623.12,8436.48,7186.64,46.0,85.16,1249.85,16872.97,Cash,Express,Completed,No,,4.3,EMP0037,Kevin Turner,Logistics,EMP0010,35,0,129390.0,0.54
ORD-000715,2023-06-12,2023-06-14,2023-06-17,2023,Q2,6,June,24,Monday,CUST-00391,Riley Davis,Non-Profit,East,UK,Direct Sales,PROD-00040,Clothing,Kids,700.99,20,0.0,14019.8,0.0,14019.8,6449.11,7570.69,54.0,112.4,1121.58,15141.38,Bank Transfer,Standard,Pending,No,,1.0,EMP0017,Quinn Rodriguez,Sales,EMP0006,48,14,41785.0,0.46
ORD-000716,2023-06-12,2023-06-14,2023-06-19,2023,Q2,6,June,24,Monday,CUST-00083,Alex Wilson,Consumer,West,France,Online,PROD-00069,Beauty,Haircare,1859.41,6,0.1,11156.46,1115.65,10040.81,4518.36,5522.45,55.0,75.33,803.26,10844.07,Credit Card,Standard,Completed,No,,3.3,EMP0020,Tina Hall,Marketing,EMP0002,40,31,139203.0,0.45
ORD-000717,2023-06-12,2023-06-16,2023-06-20,2023,Q2,6,June,24,Monday,CUST-00140,Avery Brown,SMB,Central,UK,Partner,PROD-00165,Furniture,Living Room,1662.09,22,0.0,36565.98,0.0,36565.98,25230.53,11335.45,31.0,17.38,2925.28,39491.26,PayPal,Express,Completed,No,,2.4,EMP0040,Nancy Parker,Logistics,EMP0004,52,7,56726.0,0.69
ORD-000718,2023-06-13,2023-06-18,2023-06-24,2023,Q2,6,June,24,Tuesday,CUST-00231,Taylor Moore,Consumer,Central,Japan,Retail Store,PROD-00127,Furniture,Kitchen,1930.23,18,0.2,34744.14,6948.83,27795.31,11396.08,16399.23,59.0,146.01,2223.62,30018.93,Bank Transfer,Economy,Completed,No,,2.3,EMP0033,George Carter,Finance,EMP0006,30,32,64500.0,0.41
ORD-000719,2023-06-13,2023-06-20,2023-06-21,2023,Q2,6,June,24,Tuesday,CUST-00263,Jamie Williams,Government,North,UK,Retail Store,PROD-00276,Automotive,Care Products,252.97,8,0.0,2023.76,0.0,2023.76,1113.07,910.69,45.0,80.11,161.9,2185.66,Bank Transfer,Same Day,Completed,No,,3.6,EMP0035,Ian Perez,Operations,EMP0005,59,17,41133.0,0.55
ORD-000720,2023-06-16,2023-06-19,2023-06-23,2023,Q2,6,June,24,Friday,CUST-00076,Casey Davis,Non-Profit,South,Canada,Wholesale,PROD-00297,Sports,Winter Sports,1463.08,39,0.0,57060.12,0.0,57060.12,26247.66,30812.46,54.0,94.06,4564.81,61624.93,Debit Card,Standard,Completed,No,,4.4,EMP0016,Paul Garcia,Finance,EMP0010,38,28,146021.0,0.46
ORD-000721,2023-06-17,2023-06-18,2023-06-24,2023,Q2,6,June,24,Saturday,CUST-00224,Jamie Johnson,Enterprise,South,Japan,Partner,PROD-00066,Sports,Outdoor,1876.99,32,0.0,60063.68,0.0,60063.68,42645.21,17418.47,29.0,39.31,4805.09,64868.77,Credit Card,Express,Completed,No,,3.4,EMP0045,Steve Sanchez,Operations,EMP0009,40,31,132981.0,0.71
ORD-000722,2023-06-17,2023-06-20,2023-06-24,2023,Q2,6,June,24,Saturday,CUST-00047,Dakota Garcia,Consumer,East,France,Retail Store,PROD-00050,Sports,Winter Sports,366.56,33,0.0,12096.48,0.0,12096.48,7136.92,4959.56,41.0,75.11,967.72,13064.2,Debit Card,Standard,Cancelled,No,,4.4,EMP0004,David Brown,IT,EMP0006,25,32,140016.0,0.59
ORD-000723,2023-06-17,2023-06-22,2023-06-25,2023,Q2,6,June,24,Saturday,CUST-00114,Taylor Williams,Enterprise,East,Germany,Retail Store,PROD-00260,Furniture,Bedroom,137.66,16,0.05,2202.56,110.13,2092.43,1004.37,1088.06,52.0,67.23,167.39,2259.82,Credit Card,Same Day,Completed,No,,2.1,EMP0024,Xander King,Sales,EMP0002,32,4,132430.0,0.48
ORD-000724,2023-06-19,2023-06-22,2023-06-23,2023,Q2,6,June,25,Monday,CUST-00231,Taylor Moore,Non-Profit,West,USA,Partner,PROD-00244,Clothing,Men,1483.54,12,0.0,17802.48,0.0,17802.48,10325.44,7477.04,42.0,15.86,1424.2,19226.68,Bank Transfer,Same Day,Returned,Yes,Wrong Item,3.1,EMP0037,Kevin Turner,Logistics,EMP0010,43,17,90146.0,0.58
ORD-000725,2023-06-20,2023-06-26,2023-06-30,2023,Q2,6,June,25,Tuesday,CUST-00179,Alex Smith,Non-Profit,West,UK,Direct Sales,PROD-00275,Electronics,Tablets,1151.07,38,0.15,43740.66,6561.1,37179.56,24538.51,12641.05,34.0,20.39,2974.36,40153.92,PayPal,Standard,Completed,No,,2.8,EMP0031,Ethan Baker,Finance,EMP0003,25,9,141269.0,0.66
ORD-000726,2023-06-21,2023-06-27,2023-06-30,2023,Q2,6,June,25,Wednesday,CUST-00014,Jamie Garcia,SMB,North,France,Partner,PROD-00161,Automotive,Accessories,1684.45,34,0.0,57271.3,0.0,57271.3,42380.76,14890.54,26.0,126.43,4581.7,61853.0,PayPal,Same Day,Returned,Yes,Defective,1.0,EMP0014,Nathan Harris,Sales,EMP0009,38,32,146489.0,0.74
ORD-000727,2023-06-22,2023-06-26,2023-06-27,2023,Q2,6,June,25,Thursday,CUST-00213,Morgan Jones,Government,South,Japan,Direct Sales,PROD-00054,Books,Fiction,283.85,14,0.0,3973.9,0.0,3973.9,1907.47,2066.43,52.0,,317.91,4291.81,Debit Card,Standard,Completed,No,,3.2,EMP0049,William Cook,Operations,EMP0004,29,22,92795.0,0.48
ORD-000728,2023-06-24,2023-06-26,2023-06-28,2023,Q2,6,June,25,Saturday,CUST-00028,Casey Moore,Government,West,UK,Online,PROD-00117,Food & Beverage,Snacks,1591.56,36,0.0,57296.16,0.0,57296.16,40680.27,16615.89,29.0,33.27,4583.69,61879.85,Credit Card,Express,Completed,No,,3.6,EMP0028,Beth Scott,IT,EMP0005,55,4,55197.0,0.71
ORD-000729,2023-06-24,2023-06-29,2023-07-02,2023,Q2,6,June,25,Saturday,CUST-00203,Morgan Wilson,Consumer,South,India,Online,PROD-00179,Electronics,Laptops,407.25,33,0.0,13439.25,0.0,13439.25,9810.65,3628.6,27.0,78.21,1075.14,14514.39,Debit Card,Same Day,Completed,No,,3.4,EMP0018,Rachel Lewis,Sales,EMP0010,32,33,110742.0,0.73
ORD-000730,2023-06-24,2023-06-29,2023-07-04,2023,Q2,6,June,25,Saturday,CUST-00258,Quinn Brown,Consumer,West,Germany,Direct Sales,PROD-00284,Beauty,Makeup,331.49,23,0.0,7624.27,0.0,7624.27,5489.47,2134.8,28.0,116.47,609.94,8234.21,Credit Card,Standard,Cancelled,No,,3.9,EMP0048,Victoria Reed,Logistics,EMP0001,52,23,147175.0,0.72
ORD-000731,2023-06-25,2023-06-28,2023-06-29,2023,Q2,6,June,25,Sunday,CUST-00192,Dakota Moore,SMB,Central,Japan,Partner,PROD-00115,Electronics,Cameras,332.71,50,0.05,16635.5,831.78,15803.72,9798.31,6005.41,38.0,13.98,1264.3,17068.02,PayPal,Standard,Completed,No,,3.3,EMP0045,Steve Sanchez,Operations,EMP0009,32,16,135297.0,0.62
ORD-000732,2023-06-25,2023-06-29,2023-07-03,2023,Q2,6,June,25,Sunday,CUST-00121,Taylor Smith,Non-Profit,East,Germany,Wholesale,PROD-00239,Automotive,Tools,1630.08,45,0.05,73353.6,3667.68,69685.92,43205.27,26480.65,38.0,88.64,5574.87,75260.79,Bank Transfer,Economy,Processing,No,,1.3,EMP0050,Xena Morgan,Sales,EMP0001,59,30,134109.0,0.62
ORD-000733,2023-06-25,2023-06-28,2023-07-04,2023,Q2,6,June,25,Sunday,CUST-00198,Avery Jones,Non-Profit,West,Japan,Retail Store,PROD-00138,Clothing,Sportswear,1332.07,2,0.05,2664.14,133.21,2530.93,1366.7,1164.23,46.0,22.29,202.47,2733.4,Credit Card,Standard,Completed,No,,1.5,EMP0012,Leo Thomas,IT,EMP0007,42,6,142389.0,0.54
ORD-000734,2023-06-26,2023-06-29,2023-07-03,2023,Q2,6,June,26,Monday,CUST-00042,Avery Moore,Non-Profit,West,Australia,Online,PROD-00295,Sports,Water Sports,1048.52,41,0.05,42989.32,2149.47,40839.85,26954.3,13885.55,34.0,10.29,3267.19,44107.04,PayPal,Standard,Completed,No,,3.4,EMP0018,Rachel Lewis,Sales,EMP0010,51,16,137805.0,0.66
ORD-000735,2023-06-26,2023-07-01,2023-07-06,2023,Q2,6,June,26,Monday,CUST-00192,Dakota Moore,SMB,North,India,Online,PROD-00028,Books,Comics,720.87,21,0.1,15138.27,1513.83,13624.44,8038.42,5586.02,41.0,12.65,1089.96,14714.4,Bank Transfer,Express,Completed,No,,2.1,EMP0033,George Carter,Finance,EMP0006,31,27,124272.0,0.59
ORD-000736,2023-06-27,2023-06-30,2023-07-05,2023,Q2,6,June,26,Tuesday,CUST-00115,Quinn Miller,Enterprise,Central,Germany,Direct Sales,PROD-00236,Furniture,Bedroom,1755.02,2,0.0,3510.04,0.0,3510.04,2246.43,1263.61,36.0,125.95,280.8,3790.84,Bank Transfer,Express,Processing,No,,1.3,EMP0043,Quincy Collins,Finance,EMP0007,47,21,117601.0,0.64
ORD-000737,2023-06-28,2023-06-30,2023-07-04,2023,Q2,6,June,26,Wednesday,CUST-00015,Avery Garcia,Government,East,India,Wholesale,PROD-00225,Clothing,Formal,787.93,27,0.05,21274.11,1063.71,20210.4,11115.72,9094.68,45.0,22.11,1616.83,21827.23,Cash,Same Day,Completed,No,,2.7,EMP0003,Carol White,Sales,EMP0002,48,14,65448.0,0.55
ORD-000738,2023-07-03,2023-07-06,2023-07-12,2023,Q3,7,July,27,Monday,CUST-00164,Alex Miller,Enterprise,Central,Australia,Partner,PROD-00255,Electronics,Laptops,1634.12,9,0.25,14707.08,3676.77,11030.31,7280.0,3750.31,34.0,11.55,882.42,11912.73,Debit Card,Same Day,Cancelled,No,,3.2,EMP0039,Mike Campbell,Logistics,EMP0009,29,14,106454.0,0.66
ORD-000739,2023-07-04,2023-07-06,2023-07-07,2023,Q3,7,July,27,Tuesday,CUST-00051,Quinn Davis,Non-Profit,East,UK,Wholesale,PROD-00224,Furniture,Living Room,881.07,1,0.05,881.07,44.05,837.02,577.54,259.48,31.0,68.5,66.96,903.98,PayPal,Economy,Pending,No,,2.3,EMP0026,Zoe Lopez,Marketing,EMP0002,60,24,94971.0,0.69
ORD-000740,2023-07-07,2023-07-12,2023-07-15,2023,Q3,7,July,27,Friday,CUST-00366,Dakota Moore,Government,Central,Japan,Direct Sales,PROD-00034,Food & Beverage,Beverages,757.0,11,0.1,8327.0,832.7,7494.3,3372.44,4121.86,55.0,127.38,599.54,8093.84,Debit Card,Standard,Completed,No,,3.9,EMP0012,Leo Thomas,IT,EMP0007,29,20,134124.0,0.45
ORD-000741,2023-07-08,2023-07-12,2023-07-17,2023,Q3,7,July,27,Saturday,CUST-00333,Taylor Johnson,Consumer,Central,France,Wholesale,PROD-00088,Sports,Winter Sports,928.05,3,0.0,2784.15,0.0,2784.15,1921.06,863.09,31.0,43.05,222.73,3006.88,Credit Card,Economy,Completed,No,,3.6,EMP0044,Rose Stewart,Operations,EMP0005,29,1,91547.0,0.69
ORD-000742,2023-07-11,2023-07-17,2023-07-22,2023,Q3,7,July,28,Tuesday,CUST-00172,Dakota Miller,SMB,North,Canada,Retail Store,PROD-00012,Clothing,Kids,606.25,23,0.15,13943.75,2091.56,11852.19,6992.79,4859.4,41.0,66.15,948.18,12800.37,Credit Card,Same Day,Completed,No,,2.3,EMP0019,Sam Walker,Sales,EMP0004,55,26,49690.0,0.59
ORD-000743,2023-07-12,2023-07-14,2023-07-19,2023,Q3,7,July,28,Wednesday,CUST-00075,Jamie Davis,Consumer,South,USA,Partner,PROD-00287,Books,Comics,1496.48,26,0.15,38908.48,5836.27,33072.21,23150.55,9921.66,30.0,10.79,2645.78,35717.99,Bank Transfer,Express,Completed,No,,4.0,EMP0018,Rachel Lewis,Sales,EMP0010,37,31,35572.0,0.7
ORD-000744,2023-07-12,2023-07-16,2023-07-22,2023,Q3,7,July,28,Wednesday,CUST-00071,Riley Miller,SMB,Central,Japan,Partner,PROD-00230,Clothing,Formal,1007.93,4,0.05,4031.72,201.59,3830.13,2106.57,1723.56,45.0,70.12,306.41,4136.54,PayPal,Standard,Returned,Yes,Changed Mind,3.6,EMP0001,Alice Johnson,IT,EMP0002,34,20,112955.0,0.55
ORD-000745,2023-07-13,2023-07-17,2023-07-19,2023,Q3,7,July,28,Thursday,CUST-00020,Alex Williams,Government,East,UK,Wholesale,PROD-00287,Sports,Team Sports,468.26,18,0.25,8428.68,2107.17,6321.51,3350.4,2971.11,47.0,88.75,505.72,6827.23,PayPal,Same Day,Completed,No,,3.5,EMP0027,Aaron Hill,IT,EMP0007,44,3,98239.0,0.53
ORD-000746,2023-07-14,2023-07-16,2023-07-22,2023,Q3,7,July,28,Friday,CUST-00147,Avery Brown,Government,East,India,Online,PROD-00030,Automotive,Tools,1799.65,6,0.0,10797.9,0.0,10797.9,7774.49,3023.41,28.0,87.78,863.83,11661.73,Debit Card,Same Day,Completed,No,,3.2,EMP0014,Nathan Harris,Sales,EMP0009,33,18,73061.0,0.72
ORD-000747,2023-07-19,2023-07-24,2023-07-25,2023,Q3,7,July,29,Wednesday,CUST-00242,Dakota Wilson,SMB,North,Japan,Retail Store,PROD-00178,Books,Education,770.86,35,0.0,26980.1,0.0,26980.1,13220.25,13759.85,51.0,53.2,2158.41,29138.51,Debit Card,Same Day,Returned,Yes,Not as Described,1.0,EMP0002,Bob Smith,Sales,EMP0007,48,1,54432.0,0.49
ORD-000748,2023-07-19,2023-07-20,2023-07-21,2023,Q3,7,July,29,Wednesday,CUST-00357,Morgan Williams,Non-Profit,South,UK,Partner,PROD-00245,Books,Non-Fiction,1089.39,22,0.15,23966.58,3594.99,20371.59,14260.11,6111.48,30.0,50.75,1629.73,22001.32,PayPal,Economy,Completed,No,,3.8,EMP0027,Aaron Hill,IT,EMP0007,43,25,88672.0,0.7
ORD-000749,2023-07-19,2023-07-23,2023-07-24,2023,Q3,7,July,29,Wednesday,CUST-00072,Jamie Williams,Consumer,East,UK,Partner,PROD-00076,Sports,Winter Sports,1813.41,43,0.15,77976.63,11696.49,66280.14,37779.68,28500.46,43.0,20.46,5302.41,71582.55,Bank Transfer,Same Day,Completed,No,,2.5,EMP0043,Quincy Collins,Finance,EMP0007,53,33,46533.0,0.57
ORD-000750,2023-07-21,2023-07-25,2023-07-26,2023,Q3,7,July,29,Friday,CUST-00389,Taylor Davis,SMB,North,Canada,Online,PROD-00033,Clothing,Women,1250.35,15,0.0,18755.25,0.0,18755.25,10878.04,7877.21,42.0,58.19,1500.42,20255.67,Bank Transfer,Economy,Completed,No,,4.8,EMP0009,Iris Wilson,IT,EMP0008,48,13,73652.0,0.58
ORD-000751,2023-07-21,2023-07-26,2023-07-27,2023,Q3,7,July,29,Friday,CUST-00362,Casey Miller,Enterprise,East,India,Wholesale,PROD-00182,Automotive,Electronics,238.21,22,0.0,5240.62,0.0,5240.62,2672.72,2567.9,49.0,19.43,419.25,5659.87,Bank Transfer,Same Day,Completed,No,,4.3,EMP0018,Rachel Lewis,Sales,EMP0010,23,14,78609.0,0.51
ORD-000752,2023-07-21,2023-07-26,2023-07-30,2023,Q3,7,July,29,Friday,CUST-00241,Casey Miller,Non-Profit,West,India,Online,PROD-00034,Food & Beverage,Bakery,1879.97,37,0.0,69558.89,0.0,69558.89,41735.33,27823.56,40.0,116.16,5564.71,75123.6,Cash,Standard,Completed,No,,3.4,EMP0018,Rachel Lewis,Sales,EMP0010,54,19,88546.0,0.6
ORD-000753,2023-07-22,2023-07-25,2023-07-30,2023,Q3,7,July,29,Saturday,CUST-00230,Alex Johnson,Consumer,Central,UK,Direct Sales,PROD-00142,Beauty,Personal Care,1257.28,42,0.0,52805.76,0.0,52805.76,26930.94,25874.82,49.0,145.11,4224.46,57030.22,Debit Card,Express,Returned,Yes,Defective,2.0,EMP0030,Diana Adams,HR,EMP0006,47,33,88661.0,0.51
ORD-000754,2023-07-22,2023-07-27,2023-08-02,2023,Q3,7,July,29,Saturday,CUST-00316,Riley Wilson,Consumer,South,Canada,Online,PROD-00292,Automotive,Parts,673.14,12,0.15,8077.68,1211.65,6866.03,2815.07,4050.96,59.0,145.66,549.28,7415.31,Bank Transfer,Same Day,Completed,No,,1.8,EMP0039,Mike Campbell,Logistics,EMP0009,49,18,64556.0,0.41
ORD-000755,2023-07-24,2023-07-28,2023-08-01,2023,Q3,7,July,30,Monday,CUST-00003,Jamie Smith,Non-Profit,Central,UK,Retail Store,PROD-00130,Beauty,Makeup,282.85,47,0.05,13293.95,664.7,12629.25,6314.62,6314.63,50.0,130.44,1010.34,13639.59,PayPal,Standard,Completed,No,,2.4,EMP0041,Oscar Evans,Marketing,EMP0003,40,8,132774.0,0.5
ORD-000756,2023-07-25,2023-07-27,2023-08-02,2023,Q3,7,July,30,Tuesday,CUST-00041,Dakota Williams,Enterprise,Central,France,Partner,PROD-00015,Food & Beverage,Snacks,1589.08,49,0.0,77864.92,0.0,77864.92,31145.97,46718.95,60.0,92.11,6229.19,84094.11,Cash,Same Day,Completed,No,,2.9,EMP0021,Uma Allen,Marketing,EMP0001,26,6,75888.0,0.4
ORD-000757,2023-07-25,2023-07-26,2023-07-28,2023,Q3,7,July,30,Tuesday,CUST-00010,Avery Jones,Consumer,West,Australia,Wholesale,PROD-00252,Books,Children,1242.05,42,0.0,52166.1,0.0,52166.1,38602.91,13563.19,26.0,106.63,4173.29,56339.39,Bank Transfer,Express,Completed,No,,2.2,EMP0007,Grace Kim,Marketing,EMP0005,54,29,61403.0,0.74
ORD-000758,2023-07-25,2023-08-01,2023-08-04,2023,Q3,7,July,30,Tuesday,CUST-00132,Casey Johnson,Non-Profit,South,France,Direct Sales,PROD-00221,Electronics,Accessories,1069.25,38,0.0,40631.5,0.0,40631.5,30067.31,10564.19,26.0,46.35,3250.52,43882.02,Credit Card,Standard,Completed,No,,3.1,EMP0015,Olivia Martin,HR,EMP0005,41,12,55218.0,0.74
ORD-000759,2023-07-26,2023-07-29,2023-08-03,2023,Q3,7,July,30,Wednesday,CUST-00111,Casey Williams,Government,Central,Australia,Retail Store,PROD-00069,Sports,Fitness,1788.32,18,0.0,32189.76,0.0,32189.76,17382.47,14807.29,46.0,96.46,2575.18,34764.94,Cash,Standard,Pending,No,,1.7,EMP0015,Olivia Martin,HR,EMP0005,51,26,72097.0,0.54
ORD-000760,2023-07-28,2023-08-04,2023-08-06,2023,Q3,7,July,30,Friday,CUST-00077,Taylor Brown,SMB,North,India,Partner,PROD-00203,Books,Comics,1578.25,45,0.1,71021.25,7102.12,63919.13,41547.43,22371.7,35.0,71.07,5113.53,69032.66,Cash,Express,Completed,No,,4.9,EMP0002,Bob Smith,Sales,EMP0007,29,34,42769.0,0.65
ORD-000761,2023-07-29,2023-07-31,2023-08-04,2023,Q3,7,July,30,Saturday,CUST-00281,Casey Wilson,Government,East,UK,Partner,PROD-00111,Books,Fiction,307.59,35,0.25,10765.65,2691.41,8074.24,4198.6,3875.64,48.0,74.89,645.94,8720.18,Debit Card,Same Day,Completed,No,,1.4,EMP0046,Tara Morris,Marketing,EMP0004,59,12,38784.0,0.52
ORD-000762,2023-07-31,2023-08-01,2023-08-04,2023,Q3,7,July,31,Monday,CUST-00373,Dakota Garcia,Consumer,East,Australia,Wholesale,PROD-00232,Sports,Winter Sports,626.89,30,0.15,18806.7,2821.0,15985.7,10070.99,5914.71,37.0,114.88,1278.86,17264.56,Credit Card,Same Day,Completed,No,,4.7,EMP0021,Uma Allen,Marketing,EMP0001,38,14,104591.0,0.63
ORD-000763,2023-07-31,2023-08-01,2023-08-03,2023,Q3,7,July,31,Monday,CUST-00312,Morgan Miller,Government,North,India,Wholesale,PROD-00159,Furniture,Office,500.74,24,0.0,12017.76,0.0,12017.76,8172.08,3845.68,32.0,45.88,961.42,12979.18,Cash,Express,Completed,No,,4.7,EMP0015,Olivia Martin,HR,EMP0005,22,8,106202.0,0.68
ORD-000764,2023-08-01,2023-08-02,2023-08-08,2023,Q3,8,August,31,Tuesday,CUST-00271,Jordan Williams,Enterprise,East,Japan,Wholesale,PROD-00276,Sports,Team Sports,1489.17,42,0.2,62545.14,12509.03,50036.11,36526.36,13509.75,27.0,51.12,4002.89,54039.0,Cash,Economy,Completed,No,,3.1,EMP0005,Eva Martinez,Operations,EMP0006,24,22,95903.0,0.73
ORD-000765,2023-08-03,2023-08-09,2023-08-12,2023,Q3,8,August,31,Thursday,CUST-00217,Casey Williams,Consumer,West,Germany,Direct Sales,PROD-00156,Electronics,Laptops,71.9,30,0.15,2157.0,323.55,1833.45,990.06,843.39,46.0,139.07,146.68,1980.13,Debit Card,Standard,Completed,No,,3.9,EMP0040,Nancy Parker,Logistics,EMP0004,47,2,122663.0,0.54
ORD-000766,2023-08-04,2023-08-06,2023-08-12,2023,Q3,8,August,31,Friday,CUST-00057,Morgan Davis,SMB,North,Germany,Wholesale,PROD-00170,Food & Beverage,Frozen,1141.93,14,0.15,15987.02,2398.05,13588.97,9104.61,4484.36,33.0,13.15,1087.12,14676.09,PayPal,Express,Completed,No,,2.7,EMP0019,Sam Walker,Sales,EMP0004,52,33,39502.0,0.67
ORD-000767,2023-08-04,2023-08-07,2023-08-09,2023,Q3,8,August,31,Friday,CUST-00398,Riley Wilson,SMB,West,India,Retail Store,PROD-00120,Clothing,Kids,1526.11,6,0.05,9156.66,457.83,8698.83,4262.43,4436.4,51.0,75.42,695.91,9394.74,PayPal,Economy,Completed,No,,3.5,EMP0047,Umar Rogers,Marketing,EMP0006,29,18,142637.0,0.49
ORD-000768,2023-08-05,2023-08-08,2023-08-12,2023,Q3,8,August,31,Saturday,CUST-00148,Quinn Wilson,SMB,South,France,Wholesale,PROD-00292,Clothing,Formal,1754.15,3,0.0,5262.45,0.0,5262.45,3946.84,1315.61,25.0,137.36,421.0,5683.45,Credit Card,Standard,Completed,No,,2.4,EMP0046,Tara Morris,Marketing,EMP0004,29,27,45932.0,0.75
ORD-000769,2023-08-06,2023-08-07,2023-08-13,2023,Q3,8,August,31,Sunday,CUST-00122,Casey Miller,Enterprise,East,Japan,Wholesale,PROD-00261,Beauty,Personal Care,687.45,16,0.0,10999.2,0.0,10999.2,4509.67,6489.53,59.0,93.5,879.94,11879.14,Debit Card,Standard,Completed,No,,2.2,EMP0039,Mike Campbell,Logistics,EMP0009,56,22,112513.0,0.41
ORD-000770,2023-08-10,2023-08-12,2023-08-15,2023,Q3,8,August,32,Thursday,CUST-00155,Alex Davis,SMB,West,India,Retail Store,PROD-00209,Automotive,Tools,1643.41,7,0.0,11503.87,0.0,11503.87,7017.36,4486.51,39.0,84.23,920.31,12424.18,Bank Transfer,Express,Processing,No,,3.3,EMP0030,Diana Adams,HR,EMP0006,60,6,50341.0,0.61
ORD-000771,2023-08-10,2023-08-16,2023-08-18,2023,Q3,8,August,32,Thursday,CUST-00063,Avery Jones,Government,East,Japan,Direct Sales,PROD-00074,Furniture,Outdoor,225.71,14,0.0,3159.94,0.0,3159.94,1990.76,1169.18,37.0,41.21,252.8,3412.74,Debit Card,Economy,Completed,No,,3.0,EMP0038,Laura Phillips,Sales,EMP0003,49,11,136189.0,0.63
ORD-000772,2023-08-10,2023-08-11,2023-08-17,2023,Q3,8,August,32,Thursday,CUST-00025,Jamie Moore,Government,South,Germany,Partner,PROD-00277,Electronics,Cameras,1693.67,9,0.0,15243.03,0.0,15243.03,9755.54,5487.49,36.0,54.77,1219.44,16462.47,Bank Transfer,Standard,Completed,No,,3.3,EMP0027,Aaron Hill,IT,EMP0007,25,13,93732.0,0.64
ORD-000773,2023-08-11,2023-08-16,2023-08-20,2023,Q3,8,August,32,Friday,CUST-00123,Taylor Davis,Consumer,Central,Canada,Wholesale,PROD-00162,Automotive,Care Products,259.34,15,0.05,3890.1,194.5,3695.6,1626.06,2069.54,56.0,128.55,295.65,3991.25,PayPal,Standard,Completed,No,,2.1,EMP0041,Oscar Evans,Marketing,EMP0003,37,14,44464.0,0.44
ORD-000774,2023-08-11,2023-08-18,2023-08-23,2023,Q3,8,August,32,Friday,CUST-00215,Avery Davis,SMB,East,Japan,Online,PROD-00004,Automotive,Electronics,797.59,21,0.1,16749.39,1674.94,15074.45,11004.35,4070.1,27.0,86.09,1205.96,16280.41,Credit Card,Economy,Completed,No,,2.5,EMP0039,Mike Campbell,Logistics,EMP0009,34,2,105923.0,0.73
ORD-000775,2023-08-11,2023-08-14,2023-08-18,2023,Q3,8,August,32,Friday,CUST-00328,Jamie Wilson,Enterprise,South,UK,Retail Store,PROD-00028,Books,Non-Fiction,1595.6,35,0.05,55846.0,2792.3,53053.7,24404.7,28649.0,54.0,79.64,4244.3,57298.0,Bank Transfer,Economy,Completed,No,,1.3,EMP0022,Victor Young,HR,EMP0004,41,14,36048.0,0.46
ORD-000776,2023-08-11,2023-08-18,2023-08-22,2023,Q3,8,August,32,Friday,CUST-00319,Avery Garcia,Non-Profit,North,UK,Online,PROD-00184,Furniture,Office,304.09,2,0.0,608.18,0.0,608.18,377.07,231.11,38.0,19.44,48.65,656.83,PayPal,Same Day,Completed,No,,1.2,EMP0035,Ian Perez,Operations,EMP0005,26,23,124243.0,0.62
ORD-000777,2023-08-13,2023-08-17,2023-08-22,2023,Q3,8,August,32,Sunday,CUST-00235,Alex Brown,Government,East,Germany,Partner,PROD-00062,Books,Children,462.36,27,0.25,12483.72,3120.93,9362.79,4494.14,4868.65,52.0,7.32,749.02,10111.81,Cash,Same Day,Completed,No,,2.0,EMP0025,Yara Wright,HR,EMP0004,58,7,109817.0,0.48
ORD-000778,2023-08-15,2023-08-16,2023-08-20,2023,Q3,8,August,33,Tuesday,CUST-00033,Alex Garcia,Consumer,North,Japan,Direct Sales,PROD-00037,Sports,Water Sports,1445.89,2,0.2,2891.78,578.36,2313.42,1179.84,1133.58,49.0,144.73,185.07,2498.49,Credit Card,Express,Completed,No,,1.3,EMP0031,Ethan Baker,Finance,EMP0003,41,4,59452.0,0.51
ORD-000779,2023-08-16,2023-08-21,2023-08-26,2023,Q3,8,August,33,Wednesday,CUST-00057,Morgan Davis,Government,South,Japan,Online,PROD-00033,Clothing,Formal,1441.47,35,0.15,50451.45,7567.72,42883.73,25301.4,17582.33,41.0,59.66,3430.7,46314.43,Bank Transfer,Same Day,Completed,No,,1.4,EMP0036,Julia Roberts,Logistics,EMP0002,45,3,78096.0,0.59
ORD-000780,2023-08-17,2023-08-20,2023-08-25,2023,Q3,8,August,33,Thursday,CUST-00256,Taylor Garcia,Government,North,Australia,Online,PROD-00272,Automotive,Parts,1284.09,18,0.25,23113.62,5778.4,17335.22,9534.37,7800.85,45.0,92.47,1386.82,18722.04,Debit Card,Express,Completed,No,,4.3,EMP0001,Alice Johnson,IT,EMP0002,57,13,35898.0,0.55
ORD-000781,2023-08-18,2023-08-25,2023-08-31,2023,Q3,8,August,33,Friday,CUST-00306,Casey Smith,Consumer,West,Canada,Retail Store,PROD-00212,Electronics,Cameras,1389.43,14,0.05,19452.02,972.6,18479.42,8500.53,9978.89,54.0,16.56,1478.35,19957.77,Bank Transfer,Same Day,Completed,No,,1.2,EMP0022,Victor Young,HR,EMP0004,55,15,114774.0,0.46
ORD-000782,2023-08-20,2023-08-26,2023-09-01,2023,Q3,8,August,33,Sunday,CUST-00275,Quinn Moore,Government,Central,USA,Direct Sales,PROD-00083,Food & Beverage,Beverages,1087.74,20,0.25,21754.8,5438.7,16316.1,7505.41,8810.69,54.0,104.05,1305.29,17621.39,Cash,Express,Completed,No,,3.6,EMP0022,Victor Young,HR,EMP0004,55,19,72107.0,0.46
ORD-000783,2023-08-20,2023-08-22,2023-08-27,2023,Q3,8,August,33,Sunday,CUST-00009,Avery Davis,Government,North,UK,Partner,PROD-00100,Clothing,Kids,507.34,18,0.0,9132.12,0.0,9132.12,5022.67,4109.45,45.0,140.22,730.57,9862.69,Credit Card,Same Day,Completed,No,,2.1,EMP0021,Uma Allen,Marketing,EMP0001,40,23,100733.0,0.55
ORD-000784,2023-08-21,2023-08-24,2023-08-26,2023,Q3,8,August,34,Monday,CUST-00324,Quinn Miller,Enterprise,West,USA,Direct Sales,PROD-00128,Books,Fiction,694.66,10,0.0,6946.6,0.0,6946.6,4654.22,2292.38,33.0,88.47,555.73,7502.33,Credit Card,Express,Completed,No,,4.5,EMP0023,Wendy Hernandez,HR,EMP0005,38,5,145024.0,0.67
ORD-000785,2023-08-21,2023-08-28,2023-08-31,2023,Q3,8,August,34,Monday,CUST-00264,Morgan Wilson,Non-Profit,Central,UK,Direct Sales,PROD-00092,Food & Beverage,Bakery,367.29,25,0.0,9182.25,0.0,9182.25,6519.4,2662.85,29.0,23.29,734.58,9916.83,Debit Card,Economy,Completed,No,,2.9,EMP0029,Chris Green,IT,EMP0008,26,30,69439.0,0.71
ORD-000786,2023-08-22,2023-08-24,2023-08-26,2023,Q3,8,August,34,Tuesday,CUST-00295,Alex Johnson,Consumer,South,Japan,Partner,PROD-00093,Food & Beverage,Snacks,1817.36,2,0.0,3634.72,0.0,3634.72,1562.93,2071.79,57.0,89.35,290.78,3925.5,Debit Card,Same Day,Completed,No,,2.2,EMP0010,Jack Taylor,Sales,EMP0009,46,5,148877.0,0.43
ORD-000787,2023-08-22,2023-08-29,2023-09-03,2023,Q3,8,August,34,Tuesday,CUST-00124,Casey Garcia,Consumer,South,USA,Online,PROD-00016,Furniture,Bedroom,1168.87,25,0.0,29221.75,0.0,29221.75,15779.74,13442.01,46.0,116.12,2337.74,31559.49,Bank Transfer,Standard,Returned,Yes,Changed Mind,3.1,EMP0030,Diana Adams,HR,EMP0006,39,34,107764.0,0.54
ORD-000788,2023-08-22,2023-08-24,2023-08-27,2023,Q3,8,August,34,Tuesday,CUST-00368,Dakota Johnson,SMB,East,Canada,Online,PROD-00254,Furniture,Office,804.7,33,0.1,26555.1,2655.51,23899.59,10515.82,13383.77,56.0,63.93,1911.97,25811.56,Cash,Express,Completed,No,,2.5,EMP0048,Victoria Reed,Logistics,EMP0001,29,14,62840.0,0.44
ORD-000789,2023-08-26,2023-09-01,2023-09-07,2023,Q3,8,August,34,Saturday,CUST-00074,Casey Johnson,Non-Profit,West,India,Partner,PROD-00062,Food & Beverage,Bakery,926.7,36,0.15,33361.2,5004.18,28357.02,11626.38,16730.64,59.0,132.58,2268.56,30625.58,Debit Card,Economy,Completed,No,,3.3,EMP0032,Fiona Nelson,Marketing,EMP0006,48,28,85229.0,0.41
ORD-000790,2023-08-27,2023-09-02,2023-09-05,2023,Q3,8,August,34,Sunday,CUST-00150,Jamie Wilson,Government,Central,France,Online,PROD-00170,Electronics,Tablets,1894.83,31,0.1,58739.73,5873.97,52865.76,33305.43,19560.33,37.0,99.06,4229.26,57095.02,Cash,Economy,Completed,No,,1.5,EMP0014,Nathan Harris,Sales,EMP0009,36,2,120152.0,0.63
ORD-000791,2023-08-27,2023-08-28,2023-09-02,2023,Q3,8,August,34,Sunday,CUST-00220,Riley Wilson,Enterprise,East,Canada,Direct Sales,PROD-00046,Automotive,Care Products,310.94,14,0.0,4353.16,0.0,4353.16,2655.43,1697.73,39.0,135.39,348.25,4701.41,Bank Transfer,Same Day,Processing,No,,5.0,EMP0035,Ian Perez,Operations,EMP0005,34,10,86345.0,0.61
ORD-000792,2023-08-27,2023-08-28,2023-09-03,2023,Q3,8,August,34,Sunday,CUST-00001,Morgan Jones,SMB,East,Germany,Online,PROD-00049,Clothing,Formal,1174.53,1,0.15,1174.53,176.18,998.35,459.24,539.11,54.0,95.41,79.87,1078.22,Debit Card,Standard,Completed,No,,2.7,EMP0045,Steve Sanchez,Operations,EMP0009,37,2,42878.0,0.46
ORD-000793,2023-08-28,2023-08-31,2023-09-03,2023,Q3,8,August,35,Monday,CUST-00315,Taylor Moore,Consumer,South,UK,Wholesale,PROD-00207,Automotive,Parts,1014.25,46,0.1,46655.5,4665.55,41989.95,20155.18,21834.77,52.0,24.04,3359.2,45349.15,PayPal,Same Day,Completed,No,,2.4,EMP0011,Karen Anderson,IT,EMP0002,43,27,54389.0,0.48
ORD-000794,2023-08-28,2023-09-03,2023-09-06,2023,Q3,8,August,35,Monday,CUST-00181,Avery Miller,Non-Profit,North,UK,Direct Sales,PROD-00294,Furniture,Office,1224.85,16,0.0,19597.6,0.0,19597.6,8035.02,11562.58,59.0,49.91,1567.81,21165.41,Debit Card,Standard,Completed,No,,3.8,EMP0044,Rose Stewart,Operations,EMP0005,41,9,125999.0,0.41
ORD-000795,2023-08-28,2023-09-02,2023-09-04,2023,Q3,8,August,35,Monday,CUST-00124,Casey Garcia,Enterprise,Central,Japan,Partner,PROD-00199,Food & Beverage,Snacks,41.13,46,0.1,1891.98,189.2,1702.78,1174.92,527.86,31.0,34.26,136.22,1839.0,Debit Card,Same Day,Completed,No,,2.5,EMP0025,Yara Wright,HR,EMP0004,34,32,109563.0,0.69
ORD-000796,2023-08-31,2023-09-07,2023-09-10,2023,Q3,8,August,35,Thursday,CUST-00293,Taylor Brown,Consumer,South,Japan,Wholesale,PROD-00209,Sports,Team Sports,1744.89,3,0.0,5234.67,0.0,5234.67,3873.66,1361.01,26.0,136.78,418.77,5653.44,Cash,Economy,Completed,No,,4.3,EMP0017,Quinn Rodriguez,Sales,EMP0006,41,15,100530.0,0.74
ORD-000797,2023-09-01,2023-09-08,2023-09-13,2023,Q3,9,September,35,Friday,CUST-00214,Riley Williams,Government,South,Australia,Direct Sales,PROD-00196,Beauty,Skincare,1864.58,35,0.0,65260.3,0.0,65260.3,29367.14,35893.16,55.0,115.26,5220.82,70481.12,Credit Card,Express,Completed,No,,2.8,EMP0026,Zoe Lopez,Marketing,EMP0002,23,9,54277.0,0.45
ORD-000798,2023-09-01,2023-09-08,2023-09-09,2023,Q3,9,September,35,Friday,CUST-00096,Alex Williams,SMB,North,Germany,Retail Store,PROD-00243,Clothing,Sportswear,1132.44,41,0.2,46430.04,9286.01,37144.03,17829.13,19314.9,52.0,103.08,2971.52,40115.55,PayPal,Economy,Pending,No,,3.9,EMP0003,Carol White,Sales,EMP0002,56,32,131342.0,0.48
ORD-000799,2023-09-03,2023-09-06,2023-09-07,2023,Q3,9,September,35,Sunday,CUST-00341,Casey Johnson,Non-Profit,West,Japan,Online,PROD-00071,Clothing,Kids,1394.82,6,0.0,8368.92,0.0,8368.92,5858.24,2510.68,30.0,48.64,669.51,9038.43,PayPal,Economy,Processing,No,,1.4,EMP0043,Quincy Collins,Finance,EMP0007,40,2,145485.0,0.7
ORD-000800,2023-09-04,2023-09-11,2023-09-12,2023,Q3,9,September,36,Monday,CUST-00343,Morgan Miller,SMB,West,Japan,Online,PROD-00176,Automotive,Parts,1845.39,25,0.05,46134.75,2306.74,43828.01,31556.17,12271.84,28.0,31.69,3506.24,47334.25,Credit Card,Express,Completed,No,,4.4,EMP0037,Kevin Turner,Logistics,EMP0010,58,4,39702.0,0.72
ORD-000801,2023-09-04,2023-09-08,2023-09-13,2023,Q3,9,September,36,Monday,CUST-00044,Taylor Smith,Government,Central,Germany,Direct Sales,PROD-00094,Automotive,Care Products,1415.94,13,0.2,18407.22,3681.44,14725.78,8099.18,6626.6,45.0,114.69,1178.06,15903.84,PayPal,Express,Completed,No,,3.9,EMP0006,Frank Lee,Marketing,EMP0010,27,11,43974.0,0.55
ORD-000802,2023-09-06,2023-09-08,2023-09-09,2023,Q3,9,September,36,Wednesday,CUST-00269,Alex Miller,Government,North,France,Wholesale,PROD-00050,Beauty,Haircare,309.32,34,0.1,10516.88,1051.69,9465.19,3975.38,5489.81,58.0,73.75,757.22,10222.41,PayPal,Express,Pending,No,,1.8,EMP0041,Oscar Evans,Marketing,EMP0003,35,12,136743.0,0.42
ORD-000803,2023-09-08,2023-09-15,2023-09-17,2023,Q3,9,September,36,Friday,CUST-00185,Morgan Jones,Consumer,North,USA,Retail Store,PROD-00160,Sports,Water Sports,1154.7,8,0.0,9237.6,0.0,9237.6,3787.42,5450.18,59.0,37.74,739.01,9976.61,Cash,Economy,Completed,No,,1.6,EMP0032,Fiona Nelson,Marketing,EMP0006,25,23,128789.0,0.41
ORD-000804,2023-09-13,2023-09-15,2023-09-20,2023,Q3,9,September,37,Wednesday,CUST-00035,Riley Moore,SMB,East,USA,Direct Sales,PROD-00182,Books,Education,1215.4,21,0.0,25523.4,0.0,25523.4,15314.04,10209.36,40.0,94.41,2041.87,27565.27,Credit Card,Express,Completed,No,,2.3,EMP0036,Julia Roberts,Logistics,EMP0002,43,31,106062.0,0.6
ORD-000805,2023-09-16,2023-09-17,2023-09-23,2023,Q3,9,September,37,Saturday,CUST-00270,Morgan Brown,SMB,North,India,Online,PROD-00091,Electronics,Tablets,851.14,34,0.0,28938.76,0.0,28938.76,15626.93,13311.83,46.0,10.85,2315.1,31253.86,Bank Transfer,Same Day,Completed,No,,4.9,EMP0023,Wendy Hernandez,HR,EMP0005,60,15,143671.0,0.54
ORD-000806,2023-09-17,2023-09-24,2023-09-29,2023,Q3,9,September,37,Sunday,CUST-00279,Riley Smith,SMB,Central,UK,Retail Store,PROD-00221,Automotive,Accessories,1474.21,4,0.1,5896.84,589.68,5307.16,2175.94,3131.22,59.0,52.29,424.57,5731.73,Bank Transfer,Same Day,Completed,No,,2.0,EMP0006,Frank Lee,Marketing,EMP0010,57,31,109340.0,0.41
ORD-000807,2023-09-18,2023-09-23,2023-09-28,2023,Q3,9,September,38,Monday,CUST-00260,Jamie Jones,SMB,North,India,Online,PROD-00130,Clothing,Formal,1869.06,25,0.05,46726.5,2336.33,44390.17,26634.1,17756.07,40.0,72.94,3551.21,47941.38,Bank Transfer,Same Day,Completed,No,,2.8,EMP0014,Nathan Harris,Sales,EMP0009,55,20,59838.0,0.6
ORD-000808,2023-09-19,2023-09-25,2023-09-28,2023,Q3,9,September,38,Tuesday,CUST-00260,Jamie Jones,Enterprise,East,Japan,Wholesale,PROD-00256,Automotive,Tools,1851.51,15,0.0,27772.65,0.0,27772.65,11109.06,16663.59,60.0,26.45,2221.81,29994.46,Bank Transfer,Same Day,Completed,No,,1.1,EMP0048,Victoria Reed,Logistics,EMP0001,48,11,118794.0,0.4
ORD-000809,2023-09-19,2023-09-25,2023-09-28,2023,Q3,9,September,38,Tuesday,CUST-00284,Morgan Johnson,Consumer,West,France,Wholesale,PROD-00047,Food & Beverage,Snacks,904.42,4,0.25,3617.68,904.42,2713.26,1845.02,868.24,32.0,147.77,217.06,2930.32,PayPal,Standard,Completed,No,,2.6,EMP0034,Hannah Mitchell,HR,EMP0004,28,20,109257.0,0.68
ORD-000810,2023-09-20,2023-09-21,2023-09-24,2023,Q3,9,September,38,Wednesday,CUST-00011,Quinn Moore,Non-Profit,North,India,Retail Store,PROD-00095,Food & Beverage,Snacks,230.91,45,0.05,10390.95,519.55,9871.4,5034.41,4836.99,49.0,35.32,789.71,10661.11,PayPal,Standard,Completed,No,,3.3,EMP0024,Xander King,Sales,EMP0002,24,20,148361.0,0.51
ORD-000811,2023-09-20,2023-09-24,2023-09-28,2023,Q3,9,September,38,Wednesday,CUST-00200,Jamie Moore,Enterprise,North,Japan,Online,PROD-00134,Clothing,Sportswear,1969.76,12,0.0,23637.12,0.0,23637.12,9691.22,13945.9,59.0,23.9,1890.97,25528.09,Cash,Economy,Completed,No,,4.8,EMP0020,Tina Hall,Marketing,EMP0002,54,5,59598.0,0.41
ORD-000812,2023-09-22,2023-09-25,2023-09-27,2023,Q3,9,September,38,Friday,CUST-00241,Casey Miller,SMB,Central,Japan,Partner,PROD-00206,Clothing,Women,1678.6,32,0.05,53715.2,2685.76,51029.44,31127.96,19901.48,39.0,34.51,4082.36,55111.8,Bank Transfer,Economy,Completed,No,,3.1,EMP0019,Sam Walker,Sales,EMP0004,23,8,103757.0,0.61
ORD-000813,2023-09-22,2023-09-25,2023-09-30,2023,Q3,9,September,38,Friday,CUST-00023,Morgan Moore,Government,East,USA,Wholesale,PROD-00103,Clothing,Women,253.7,32,0.1,8118.4,811.84,7306.56,3945.54,3361.02,46.0,116.51,584.52,7891.08,Cash,Express,Cancelled,No,,4.3,EMP0049,William Cook,Operations,EMP0004,37,0,124719.0,0.54
ORD-000814,2023-09-22,2023-09-27,2023-10-02,2023,Q3,9,September,38,Friday,CUST-00326,Casey Davis,Government,North,USA,Retail Store,PROD-00117,Sports,Outdoor,1842.08,28,0.0,51578.24,0.0,51578.24,38167.9,13410.34,26.0,66.7,4126.26,55704.5,PayPal,Economy,Completed,No,,3.2,EMP0021,Uma Allen,Marketing,EMP0001,46,11,73983.0,0.74
ORD-000815,2023-09-23,2023-09-24,2023-09-27,2023,Q3,9,September,38,Saturday,CUST-00199,Taylor Moore,SMB,Central,Canada,Retail Store,PROD-00180,Beauty,Makeup,1740.44,13,0.0,22625.72,0.0,22625.72,13349.17,9276.55,41.0,86.99,1810.06,24435.78,Credit Card,Express,Completed,No,,1.2,EMP0029,Chris Green,IT,EMP0008,36,13,78663.0,0.59
ORD-000816,2023-09-24,2023-09-25,2023-09-30,2023,Q3,9,September,38,Sunday,CUST-00192,Dakota Moore,Enterprise,East,Germany,Direct Sales,PROD-00042,Automotive,Accessories,1040.08,31,0.15,32242.48,4836.37,27406.11,13703.06,13703.05,50.0,8.05,2192.49,29598.6,Debit Card,Express,Pending,No,,2.3,EMP0044,Rose Stewart,Operations,EMP0005,45,5,137109.0,0.5
ORD-000817,2023-09-26,2023-09-30,2023-10-06,2023,Q3,9,September,39,Tuesday,CUST-00130,Casey Williams,Enterprise,South,Canada,Wholesale,PROD-00174,Sports,Outdoor,1184.59,14,0.05,16584.26,829.21,15755.05,10240.78,5514.27,35.0,9.99,1260.4,17015.45,Bank Transfer,Economy,Pending,No,,3.3,EMP0030,Diana Adams,HR,EMP0006,36,0,81482.0,0.65
ORD-000818,2023-09-27,2023-10-04,2023-10-09,2023,Q3,9,September,39,Wednesday,CUST-00383,Casey Miller,Consumer,East,Japan,Online,PROD-00232,Automotive,Accessories,801.01,20,0.05,16020.2,801.01,15219.19,7609.6,7609.59,50.0,69.64,1217.54,16436.73,Bank Transfer,Standard,Completed,No,,4.8,EMP0002,Bob Smith,Sales,EMP0007,52,21,106844.0,0.5
ORD-000819,2023-09-27,2023-09-30,2023-10-01,2023,Q3,9,September,39,Wednesday,CUST-00009,Avery Davis,Government,South,India,Wholesale,PROD-00049,Books,Non-Fiction,114.25,18,0.05,2056.5,102.82,1953.68,1406.65,547.03,28.0,123.42,156.29,2109.97,PayPal,Express,Completed,No,,4.4,EMP0010,Jack Taylor,Sales,EMP0009,35,33,137262.0,0.72
ORD-000820,2023-09-28,2023-10-05,2023-10-11,2023,Q3,9,September,39,Thursday,CUST-00183,Taylor Brown,SMB,South,Canada,Direct Sales,PROD-00269,Books,Comics,673.72,29,0.0,19537.88,0.0,19537.88,10355.08,9182.8,47.0,133.36,1563.03,21100.91,Debit Card,Standard,Completed,No,,1.9,EMP0040,Nancy Parker,Logistics,EMP0004,35,10,59130.0,0.53
ORD-000821,2023-09-28,2023-09-29,2023-10-05,2023,Q3,9,September,39,Thursday,CUST-00035,Riley Moore,Enterprise,East,Germany,Partner,PROD-00132,Electronics,Tablets,1606.69,6,0.0,9640.14,0.0,9640.14,5687.68,3952.46,41.0,17.57,771.21,10411.35,Cash,Economy,Returned,Yes,Not as Described,1.9,EMP0038,Laura Phillips,Sales,EMP0003,27,2,147916.0,0.59
ORD-000822,2023-09-28,2023-10-05,2023-10-10,2023,Q3,9,September,39,Thursday,CUST-00177,Riley Wilson,Enterprise,East,India,Retail Store,PROD-00011,Food & Beverage,Snacks,14.24,32,0.05,455.68,22.78,432.9,181.82,251.08,58.0,83.06,34.63,467.53,Cash,Same Day,Processing,No,,1.8,EMP0011,Karen Anderson,IT,EMP0002,35,5,115725.0,0.42
ORD-000823,2023-09-30,2023-10-06,2023-10-10,2023,Q3,9,September,39,Saturday,CUST-00124,Casey Garcia,Non-Profit,Central,Japan,Online,PROD-00032,Sports,Fitness,670.33,29,0.0,19439.57,0.0,19439.57,10691.76,8747.81,45.0,137.42,1555.17,20994.74,Debit Card,Economy,Pending,No,,4.7,EMP0040,Nancy Parker,Logistics,EMP0004,38,5,92054.0,0.55
ORD-000824,2023-10-01,2023-10-06,2023-10-09,2023,Q4,10,October,39,Sunday,CUST-00376,Jamie Moore,Consumer,East,UK,Retail Store,PROD-00286,Automotive,Parts,799.35,43,0.0,34372.05,0.0,34372.05,23716.71,10655.34,31.0,61.26,2749.76,37121.81,Cash,Standard,Completed,No,,4.4,EMP0023,Wendy Hernandez,HR,EMP0005,39,19,84556.0,0.69
ORD-000825,2023-10-03,2023-10-06,2023-10-08,2023,Q4,10,October,40,Tuesday,CUST-00337,Jamie Garcia,Non-Profit,West,Japan,Direct Sales,PROD-00031,Food & Beverage,Beverages,1077.1,2,0.15,2154.2,323.13,1831.07,1245.13,585.94,32.0,125.29,146.49,1977.56,Bank Transfer,Express,Completed,No,,4.1,EMP0037,Kevin Turner,Logistics,EMP0010,41,20,144752.0,0.68
ORD-000826,2023-10-03,2023-10-07,2023-10-09,2023,Q4,10,October,40,Tuesday,CUST-00322,Jordan Garcia,Government,North,Japan,Online,PROD-00192,Automotive,Electronics,1840.11,23,0.25,42322.53,10580.63,31741.9,15236.11,16505.79,52.0,24.39,2539.35,34281.25,Bank Transfer,Standard,Completed,No,,2.6,EMP0028,Beth Scott,IT,EMP0005,38,1,58658.0,0.48
ORD-000827,2023-10-05,2023-10-10,2023-10-11,2023,Q4,10,October,40,Thursday,CUST-00054,Avery Garcia,SMB,East,Japan,Wholesale,PROD-00049,Electronics,Accessories,695.96,19,0.15,13223.24,1983.49,11239.75,5395.08,5844.67,52.0,140.63,899.18,12138.93,PayPal,Economy,Completed,No,,3.0,EMP0027,Aaron Hill,IT,EMP0007,37,25,70844.0,0.48
ORD-000828,2023-10-05,2023-10-07,2023-10-09,2023,Q4,10,October,40,Thursday,CUST-00396,Dakota Moore,Government,South,Canada,Partner,PROD-00087,Automotive,Parts,697.17,31,0.2,21612.27,4322.45,17289.82,11929.98,5359.84,31.0,113.96,1383.19,18673.01,Bank Transfer,Standard,Completed,No,,2.9,EMP0049,William Cook,Operations,EMP0004,61,30,70396.0,0.69
ORD-000829,2023-10-08,2023-10-14,2023-10-16,2023,Q4,10,October,40,Sunday,CUST-00298,Dakota Smith,SMB,South,USA,Partner,PROD-00001,Beauty,Personal Care,1476.31,5,0.0,7381.55,0.0,7381.55,5388.53,1993.02,27.0,141.49,590.52,7972.07,PayPal,Express,Completed,No,,2.0,EMP0002,Bob Smith,Sales,EMP0007,60,25,68236.0,0.73
ORD-000830,2023-10-09,2023-10-13,2023-10-16,2023,Q4,10,October,41,Monday,CUST-00377,Taylor Davis,Enterprise,East,India,Direct Sales,PROD-00271,Furniture,Living Room,907.17,19,0.25,17236.23,4309.06,12927.17,5558.68,7368.49,57.0,103.11,1034.17,13961.34,Cash,Standard,Completed,No,,3.0,EMP0049,William Cook,Operations,EMP0004,53,31,88882.0,0.43
ORD-000831,2023-10-10,2023-10-15,2023-10-18,2023,Q4,10,October,41,Tuesday,CUST-00388,Alex Davis,Enterprise,North,Germany,Retail Store,PROD-00007,Electronics,Cameras,453.09,34,0.0,15405.06,0.0,15405.06,8626.83,6778.23,44.0,57.69,1232.4,16637.46,Credit Card,Express,Completed,No,,1.1,EMP0019,Sam Walker,Sales,EMP0004,30,9,148756.0,0.56
ORD-000832,2023-10-10,2023-10-11,2023-10-15,2023,Q4,10,October,41,Tuesday,CUST-00171,Jamie Miller,SMB,North,Japan,Partner,PROD-00003,Books,Education,907.62,10,0.25,9076.2,2269.05,6807.15,3539.72,3267.43,48.0,141.04,544.57,7351.72,Credit Card,Economy,Completed,No,,1.5,EMP0036,Julia Roberts,Logistics,EMP0002,48,22,137210.0,0.52
ORD-000833,2023-10-12,2023-10-14,2023-10-15,2023,Q4,10,October,41,Thursday,CUST-00069,Casey Johnson,Government,Central,India,Retail Store,PROD-00168,Sports,Winter Sports,286.01,25,0.25,7150.25,1787.56,5362.69,3753.88,1608.81,30.0,44.96,429.02,5791.71,Credit Card,Economy,Completed,No,,4.5,EMP0048,Victoria Reed,Logistics,EMP0001,54,5,72714.0,0.7
ORD-000834,2023-10-12,2023-10-16,2023-10-18,2023,Q4,10,October,41,Thursday,CUST-00023,Morgan Moore,Government,Central,France,Partner,PROD-00197,Beauty,Makeup,356.89,2,0.1,713.78,71.38,642.4,276.23,366.17,57.0,53.17,51.39,693.79,Credit Card,Same Day,Completed,No,,4.0,EMP0032,Fiona Nelson,Marketing,EMP0006,31,22,83630.0,0.43
ORD-000835,2023-10-15,2023-10-16,2023-10-20,2023,Q4,10,October,41,Sunday,CUST-00181,Avery Miller,Consumer,Central,Germany,Partner,PROD-00157,Electronics,Cameras,999.24,11,0.25,10991.64,2747.91,8243.73,3874.55,4369.18,53.0,106.62,659.5,8903.23,Credit Card,Express,Completed,No,,2.7,EMP0016,Paul Garcia,Finance,EMP0010,38,27,111990.0,0.47
ORD-000836,2023-10-17,2023-10-23,2023-10-24,2023,Q4,10,October,42,Tuesday,CUST-00280,Alex Wilson,Non-Profit,North,France,Partner,PROD-00015,Beauty,Personal Care,840.76,50,0.1,42038.0,4203.8,37834.2,24970.57,12863.63,34.0,115.97,3026.74,40860.94,Cash,Economy,Returned,Yes,,3.1,EMP0025,Yara Wright,HR,EMP0004,57,29,36972.0,0.66
ORD-000837,2023-10-18,2023-10-20,2023-10-26,2023,Q4,10,October,42,Wednesday,CUST-00174,Avery Williams,SMB,South,USA,Retail Store,PROD-00291,Sports,Team Sports,1830.12,31,0.0,56733.72,0.0,56733.72,23828.16,32905.56,58.0,139.76,4538.7,61272.42,Bank Transfer,Express,Completed,No,,2.5,EMP0035,Ian Perez,Operations,EMP0005,38,13,129318.0,0.42
ORD-000838,2023-10-18,2023-10-21,2023-10-23,2023,Q4,10,October,42,Wednesday,CUST-00330,Morgan Moore,Government,Central,USA,Online,PROD-00289,Sports,Water Sports,727.98,15,0.05,10919.7,545.98,10373.72,5913.02,4460.7,43.0,34.7,829.9,11203.62,Credit Card,Same Day,Processing,No,,4.0,EMP0009,Iris Wilson,IT,EMP0008,39,31,136177.0,0.57
ORD-000839,2023-10-20,2023-10-21,2023-10-23,2023,Q4,10,October,42,Friday,CUST-00090,Riley Davis,Enterprise,East,USA,Partner,PROD-00192,Sports,Outdoor,1163.27,9,0.1,10469.43,1046.94,9422.49,5182.37,4240.12,45.0,120.71,753.8,10176.29,Bank Transfer,Standard,Completed,No,,4.1,EMP0025,Yara Wright,HR,EMP0004,44,33,133578.0,0.55
ORD-000840,2023-10-22,2023-10-27,2023-10-30,2023,Q4,10,October,42,Sunday,CUST-00399,Avery Miller,Government,Central,Canada,Retail Store,PROD-00036,Books,Comics,1266.37,23,0.0,29126.51,0.0,29126.51,15145.79,13980.72,48.0,112.09,2330.12,31456.63,Cash,Same Day,Completed,No,,4.1,EMP0039,Mike Campbell,Logistics,EMP0009,55,21,78131.0,0.52
ORD-000841,2023-10-23,2023-10-30,2023-11-04,2023,Q4,10,October,43,Monday,CUST-00351,Riley Smith,Government,East,France,Online,PROD-00089,Clothing,Kids,31.12,19,0.1,591.28,59.13,532.15,287.36,244.79,46.0,14.25,42.57,574.72,Cash,Same Day,Completed,No,,3.9,EMP0008,Henry Davis,Marketing,EMP0001,29,30,88130.0,0.54
ORD-000842,2023-10-26,2023-10-30,2023-10-31,2023,Q4,10,October,43,Thursday,CUST-00238,Quinn Brown,Consumer,East,France,Retail Store,PROD-00097,Furniture,Outdoor,1328.76,9,0.25,11958.84,2989.71,8969.13,5291.79,3677.34,41.0,61.15,717.53,9686.66,Credit Card,Standard,Completed,No,,1.8,EMP0007,Grace Kim,Marketing,EMP0005,34,6,36425.0,0.59
ORD-000843,2023-10-27,2023-10-29,2023-10-31,2023,Q4,10,October,43,Friday,CUST-00357,Morgan Williams,Government,South,USA,Wholesale,PROD-00256,Food & Beverage,Snacks,360.18,35,0.0,12606.3,0.0,12606.3,5798.9,6807.4,54.0,46.0,1008.5,13614.8,Bank Transfer,Standard,Cancelled,No,,2.4,EMP0026,Zoe Lopez,Marketing,EMP0002,44,20,80930.0,0.46
ORD-000844,2023-10-31,2023-11-01,2023-11-02,2023,Q4,10,October,44,Tuesday,CUST-00246,Dakota Johnson,Consumer,East,France,Partner,PROD-00094,Sports,Winter Sports,1922.34,21,0.15,40369.14,6055.37,34313.77,20588.26,13725.51,40.0,49.15,2745.1,37058.87,Cash,Standard,Completed,No,,2.9,EMP0014,Nathan Harris,Sales,EMP0009,41,15,87949.0,0.6
ORD-000845,2023-11-02,2023-11-05,2023-11-09,2023,Q4,11,November,44,Thursday,CUST-00324,Quinn Miller,Enterprise,Central,India,Retail Store,PROD-00275,Books,Non-Fiction,301.58,9,0.2,2714.22,542.84,2171.38,1476.54,694.84,32.0,147.53,173.71,2345.09,Cash,Same Day,Pending,No,,2.3,EMP0014,Nathan Harris,Sales,EMP0009,43,19,139302.0,0.68
ORD-000846,2023-11-03,2023-11-10,2023-11-14,2023,Q4,11,November,44,Friday,CUST-00094,Jordan Moore,Enterprise,South,UK,Partner,PROD-00112,Beauty,Skincare,832.18,28,0.2,23301.04,4660.21,18640.83,12489.36,6151.47,33.0,98.2,1491.27,20132.1,Credit Card,Economy,Completed,No,,4.0,EMP0008,Henry Davis,Marketing,EMP0001,44,18,137809.0,0.67
ORD-000847,2023-11-03,2023-11-07,2023-11-12,2023,Q4,11,November,44,Friday,CUST-00070,Quinn Wilson,Enterprise,South,India,Wholesale,PROD-00177,Sports,Winter Sports,175.27,46,0.25,8062.42,2015.6,6046.82,2721.07,3325.75,55.0,109.06,483.75,6530.57,PayPal,Economy,Cancelled,No,,2.3,EMP0037,Kevin Turner,Logistics,EMP0010,56,31,146101.0,0.45
ORD-000848,2023-11-05,2023-11-09,2023-11-11,2023,Q4,11,November,44,Sunday,CUST-00033,Alex Garcia,Enterprise,North,France,Retail Store,PROD-00050,Automotive,Electronics,1993.76,7,0.05,13956.32,697.82,13258.5,5966.32,7292.18,55.0,146.61,1060.68,14319.18,Bank Transfer,Economy,Completed,No,,1.6,EMP0019,Sam Walker,Sales,EMP0004,24,14,136787.0,0.45
ORD-000849,2023-11-06,2023-11-07,2023-11-10,2023,Q4,11,November,45,Monday,CUST-00367,Quinn Brown,Enterprise,East,France,Online,PROD-00080,Clothing,Sportswear,1006.88,16,0.25,16110.08,4027.52,12082.56,5920.45,6162.11,51.0,59.69,966.6,13049.16,Debit Card,Economy,Pending,No,,2.6,EMP0012,Leo Thomas,IT,EMP0007,55,4,35943.0,0.49
ORD-000850,2023-11-06,2023-11-09,2023-11-11,2023,Q4,11,November,45,Monday,CUST-00398,Riley Wilson,Government,Central,India,Partner,PROD-00192,Furniture,Kitchen,1192.79,16,0.15,19084.64,2862.7,16221.94,8597.63,7624.31,47.0,121.27,1297.76,17519.7,Debit Card,Same Day,Completed,No,,4.9,EMP0011,Karen Anderson,IT,EMP0002,54,10,108768.0,0.53
ORD-000851,2023-11-06,2023-11-12,2023-11-13,2023,Q4,11,November,45,Monday,CUST-00235,Alex Brown,Non-Profit,East,France,Partner,PROD-00294,Books,Fiction,138.82,33,0.0,4581.06,0.0,4581.06,2473.77,2107.29,46.0,68.01,366.48,4947.54,Bank Transfer,Economy,Completed,No,,1.9,EMP0050,Xena Morgan,Sales,EMP0001,38,14,42847.0,0.54
ORD-000852,2023-11-07,2023-11-14,2023-11-20,2023,Q4,11,November,45,Tuesday,CUST-00019,Alex Smith,SMB,Central,USA,Wholesale,PROD-00091,Furniture,Kitchen,1501.17,4,0.05,6004.68,300.23,5704.45,3650.85,2053.6,36.0,131.08,456.36,6160.81,Cash,Express,Completed,No,,,EMP0050,Xena Morgan,Sales,EMP0001,40,28,66348.0,0.64
ORD-000853,2023-11-07,2023-11-13,2023-11-17,2023,Q4,11,November,45,Tuesday,CUST-00151,Dakota Johnson,Enterprise,West,Australia,Partner,PROD-00226,Automotive,Tools,423.76,4,0.1,1695.04,169.5,1525.54,640.73,884.81,58.0,31.2,122.04,1647.58,Bank Transfer,Express,Pending,No,,2.7,EMP0048,Victoria Reed,Logistics,EMP0001,51,3,101505.0,0.42
ORD-000854,2023-11-09,2023-11-11,2023-11-12,2023,Q4,11,November,45,Thursday,CUST-00104,Casey Davis,Non-Profit,North,Australia,Direct Sales,PROD-00091,Books,Children,1796.62,39,0.0,70068.18,0.0,70068.18,28727.95,41340.23,59.0,142.41,5605.45,75673.63,Credit Card,Standard,Completed,No,,1.3,EMP0026,Zoe Lopez,Marketing,EMP0002,44,22,115571.0,0.41
ORD-000855,2023-11-10,2023-11-11,2023-11-16,2023,Q4,11,November,45,Friday,CUST-00023,Morgan Moore,Non-Profit,South,Australia,Online,PROD-00260,Beauty,Haircare,414.25,40,0.1,16570.0,1657.0,14913.0,8053.02,6859.98,46.0,36.72,1193.04,16106.04,Debit Card,Express,Completed,No,,3.0,EMP0036,Julia Roberts,Logistics,EMP0002,36,14,110283.0,0.54
ORD-000856,2023-11-10,2023-11-17,2023-11-21,2023,Q4,11,November,45,Friday,CUST-00103,Jordan Garcia,Non-Profit,North,Germany,Direct Sales,PROD-00077,Electronics,Cameras,385.42,17,0.1,6552.14,655.21,5896.93,3774.04,2122.89,36.0,52.3,471.75,6368.68,Bank Transfer,Standard,Cancelled,No,,3.8,EMP0027,Aaron Hill,IT,EMP0007,35,2,40642.0,0.64
ORD-000857,2023-11-13,2023-11-15,2023-11-18,2023,Q4,11,November,46,Monday,CUST-00022,Avery Davis,Government,West,UK,Online,PROD-00228,Food & Beverage,Beverages,77.92,37,0.0,2883.04,0.0,2883.04,1355.03,1528.01,53.0,114.65,230.64,3113.68,Credit Card,Same Day,Completed,No,,3.1,EMP0023,Wendy Hernandez,HR,EMP0005,23,31,46914.0,0.47
ORD-000858,2023-11-14,2023-11-20,2023-11-24,2023,Q4,11,November,46,Tuesday,CUST-00162,Alex Brown,Consumer,North,UK,Wholesale,PROD-00016,Clothing,Formal,946.77,39,0.1,36924.03,3692.4,33231.63,20603.61,12628.02,38.0,62.09,2658.53,35890.16,PayPal,Economy,Completed,No,,4.5,EMP0049,William Cook,Operations,EMP0004,60,9,49787.0,0.62
ORD-000859,2023-11-19,2023-11-26,2023-12-02,2023,Q4,11,November,46,Sunday,CUST-00159,Avery Davis,Enterprise,North,Germany,Direct Sales,PROD-00020,Sports,Water Sports,1131.86,29,0.15,32823.94,4923.59,27900.35,13671.17,14229.18,51.0,93.19,2232.03,30132.38,Bank Transfer,Economy,Completed,No,,2.2,EMP0014,Nathan Harris,Sales,EMP0009,39,21,45513.0,0.49
ORD-000860,2023-11-20,2023-11-24,2023-11-26,2023,Q4,11,November,47,Monday,CUST-00264,Morgan Wilson,Non-Profit,West,UK,Direct Sales,PROD-00276,Automotive,Tools,136.09,36,0.05,4899.24,244.96,4654.28,3304.54,1349.74,29.0,69.46,372.34,5026.62,Bank Transfer,Same Day,Completed,No,,1.3,EMP0027,Aaron Hill,IT,EMP0007,27,13,55497.0,0.71
ORD-000861,2023-11-22,2023-11-24,2023-11-30,2023,Q4,11,November,47,Wednesday,CUST-00204,Taylor Miller,SMB,North,France,Wholesale,PROD-00062,Food & Beverage,Beverages,1552.18,38,0.0,58982.84,0.0,58982.84,41877.82,17105.02,29.0,112.64,4718.63,63701.47,Bank Transfer,Economy,Pending,No,,4.7,EMP0039,Mike Campbell,Logistics,EMP0009,53,16,114176.0,0.71
ORD-000862,2023-11-25,2023-11-28,2023-12-04,2023,Q4,11,November,47,Saturday,CUST-00279,Riley Smith,Government,North,Canada,Online,PROD-00160,Electronics,Laptops,909.31,39,0.0,35463.09,0.0,35463.09,17731.54,17731.55,50.0,38.11,2837.05,38300.14,Credit Card,Express,Returned,Yes,Wrong Item,2.5,EMP0018,Rachel Lewis,Sales,EMP0010,42,20,130546.0,0.5
ORD-000863,2023-11-26,2023-12-01,2023-12-03,2023,Q4,11,November,47,Sunday,CUST-00243,Jamie Jones,Government,West,USA,Partner,PROD-00150,Food & Beverage,Snacks,1051.16,50,0.0,52558.0,0.0,52558.0,25227.84,27330.16,52.0,13.48,4204.64,56762.64,PayPal,Same Day,Completed,No,,3.3,EMP0021,Uma Allen,Marketing,EMP0001,61,14,82014.0,0.48
ORD-000864,2023-11-27,2023-12-03,2023-12-07,2023,Q4,11,November,48,Monday,CUST-00130,Casey Williams,Government,West,France,Direct Sales,PROD-00056,Furniture,Outdoor,884.32,37,0.2,32719.84,6543.97,26175.87,14134.97,12040.9,46.0,48.49,2094.07,28269.94,Debit Card,Standard,Processing,No,,4.2,EMP0050,Xena Morgan,Sales,EMP0001,49,14,114670.0,0.54
ORD-000865,2023-11-28,2023-12-04,2023-12-09,2023,Q4,11,November,48,Tuesday,CUST-00019,Alex Smith,Consumer,South,USA,Direct Sales,PROD-00179,Furniture,Kitchen,804.52,35,0.0,28158.2,0.0,28158.2,13515.94,14642.26,52.0,73.77,2252.66,30410.86,Cash,Express,Completed,No,,2.3,EMP0024,Xander King,Sales,EMP0002,48,0,58002.0,0.48
ORD-000866,2023-11-29,2023-12-02,2023-12-04,2023,Q4,11,November,48,Wednesday,CUST-00386,Quinn Wilson,Non-Profit,Central,Japan,Wholesale,PROD-00093,Electronics,Laptops,1121.48,7,0.1,7850.36,785.04,7065.32,4521.8,2543.52,36.0,29.36,565.23,7630.55,PayPal,Same Day,Completed,No,,3.9,EMP0041,Oscar Evans,Marketing,EMP0003,23,23,146927.0,0.64
ORD-000867,2023-12-01,2023-12-08,2023-12-10,2023,Q4,12,December,48,Friday,CUST-00332,Quinn Jones,SMB,Central,India,Partner,PROD-00266,Furniture,Office,314.7,27,0.0,8496.9,0.0,8496.9,5862.86,2634.04,31.0,56.45,679.75,9176.65,PayPal,Economy,Completed,No,,1.5,EMP0007,Grace Kim,Marketing,EMP0005,54,11,75250.0,0.69
ORD-000868,2023-12-04,2023-12-11,2023-12-14,2023,Q4,12,December,49,Monday,CUST-00098,Alex Miller,Enterprise,West,India,Online,PROD-00086,Electronics,Tablets,367.95,28,0.0,10302.6,0.0,10302.6,6593.66,3708.94,36.0,63.0,824.21,11126.81,PayPal,Same Day,Completed,No,,2.2,EMP0043,Quincy Collins,Finance,EMP0007,37,9,132275.0,0.64
ORD-000869,2023-12-05,2023-12-12,2023-12-16,2023,Q4,12,December,49,Tuesday,CUST-00147,Avery Brown,Consumer,Central,Germany,Retail Store,PROD-00052,Books,Comics,1724.26,22,0.15,37933.72,5690.06,32243.66,22248.13,9995.53,31.0,13.32,2579.49,34823.15,PayPal,Standard,Completed,No,,1.6,EMP0044,Rose Stewart,Operations,EMP0005,60,30,143717.0,0.69
ORD-000870,2023-12-07,2023-12-09,2023-12-11,2023,Q4,12,December,49,Thursday,CUST-00183,Taylor Brown,Enterprise,East,USA,Online,PROD-00255,Electronics,Tablets,1892.5,14,0.1,26495.0,2649.5,23845.5,12876.57,10968.93,46.0,89.58,1907.64,25753.14,Bank Transfer,Economy,Pending,No,,4.2,EMP0041,Oscar Evans,Marketing,EMP0003,43,10,134442.0,0.54
ORD-000871,2023-12-07,2023-12-08,2023-12-13,2023,Q4,12,December,49,Thursday,CUST-00400,Avery Smith,Non-Profit,East,Japan,Wholesale,PROD-00099,Beauty,Haircare,749.75,7,0.0,5248.25,0.0,5248.25,2361.71,2886.54,55.0,133.23,419.86,5668.11,Debit Card,Same Day,Returned,Yes,Wrong Item,1.9,EMP0049,William Cook,Operations,EMP0004,34,15,42713.0,0.45
ORD-000872,2023-12-11,2023-12-15,2023-12-16,2023,Q4,12,December,50,Monday,CUST-00025,Jamie Moore,SMB,East,USA,Direct Sales,PROD-00080,Furniture,Kitchen,545.14,37,0.05,20170.18,1008.51,19161.67,12646.7,6514.97,34.0,27.0,1532.93,20694.6,Credit Card,Same Day,Completed,No,,3.9,EMP0041,Oscar Evans,Marketing,EMP0003,23,8,109785.0,0.66
ORD-000873,2023-12-14,2023-12-19,2023-12-23,2023,Q4,12,December,50,Thursday,CUST-00336,Morgan Miller,Government,South,France,Partner,PROD-00173,Sports,Team Sports,1289.78,22,0.0,28375.16,0.0,28375.16,15038.83,13336.33,47.0,91.68,2270.01,30645.17,Bank Transfer,Economy,Completed,No,,4.8,EMP0021,Uma Allen,Marketing,EMP0001,35,13,48810.0,0.53
ORD-000874,2023-12-17,2023-12-18,2023-12-21,2023,Q4,12,December,50,Sunday,CUST-00170,Morgan Miller,Enterprise,Central,India,Direct Sales,PROD-00233,Beauty,Haircare,820.42,5,0.05,4102.1,205.1,3897.0,2455.11,1441.89,37.0,101.39,311.76,4208.76,Credit Card,Same Day,Completed,No,,3.1,EMP0033,George Carter,Finance,EMP0006,59,18,35651.0,0.63
ORD-000875,2023-12-20,2023-12-21,2023-12-27,2023,Q4,12,December,51,Wednesday,CUST-00140,Avery Brown,Government,North,India,Wholesale,PROD-00281,Books,Education,55.65,2,0.1,111.3,11.13,100.17,49.08,51.09,51.0,65.8,8.01,108.18,Credit Card,Express,Pending,No,,3.2,EMP0035,Ian Perez,Operations,EMP0005,49,30,40955.0,0.49
ORD-000876,2023-12-20,2023-12-23,2023-12-25,2023,Q4,12,December,51,Wednesday,CUST-00064,Taylor Jones,Non-Profit,West,France,Online,PROD-00200,Automotive,Electronics,316.52,27,0.0,8546.04,0.0,8546.04,3674.8,4871.24,57.0,106.66,683.68,9229.72,Credit Card,Express,Pending,No,,2.8,EMP0035,Ian Perez,Operations,EMP0005,28,8,140357.0,0.43
ORD-000877,2023-12-23,2023-12-25,2023-12-30,2023,Q4,12,December,51,Saturday,CUST-00189,Taylor Brown,Non-Profit,Central,UK,Direct Sales,PROD-00230,Clothing,Formal,1433.36,21,0.0,30100.56,0.0,30100.56,22575.42,7525.14,25.0,64.56,2408.04,32508.6,Debit Card,Standard,Completed,No,,2.3,EMP0026,Zoe Lopez,Marketing,EMP0002,39,25,139473.0,0.75
ORD-000878,2023-12-24,2023-12-30,2024-01-03,2023,Q4,12,December,51,Sunday,CUST-00224,Jamie Johnson,Non-Profit,South,Japan,Retail Store,PROD-00060,Electronics,Tablets,1319.55,38,0.0,50142.9,0.0,50142.9,22564.3,27578.6,55.0,78.17,4011.43,54154.33,PayPal,Express,Returned,Yes,Defective,2.9,EMP0015,Olivia Martin,HR,EMP0005,57,7,60970.0,0.45
ORD-000879,2023-12-24,2023-12-30,2024-01-04,2023,Q4,12,December,51,Sunday,CUST-00205,Casey Jones,Government,North,UK,Wholesale,PROD-00284,Furniture,Office,59.06,15,0.2,885.9,177.18,708.72,531.54,177.18,25.0,6.07,56.7,765.42,Cash,Economy,Completed,No,,3.4,EMP0026,Zoe Lopez,Marketing,EMP0002,57,23,97912.0,0.75
ORD-000880,2023-12-24,2023-12-27,2024-01-01,2023,Q4,12,December,51,Sunday,CUST-00381,Quinn Brown,Enterprise,West,Australia,Online,PROD-00034,Beauty,Haircare,447.83,21,0.25,9404.43,2351.11,7053.32,5219.46,1833.86,26.0,105.3,564.27,7617.59,Cash,Same Day,Completed,No,,4.9,EMP0032,Fiona Nelson,Marketing,EMP0006,25,7,144828.0,0.74
ORD-000881,2023-12-24,2023-12-26,2024-01-01,2023,Q4,12,December,51,Sunday,CUST-00226,Jordan Wilson,Non-Profit,North,France,Partner,PROD-00174,Books,Children,465.99,10,0.0,4659.9,0.0,4659.9,3168.73,1491.17,32.0,100.89,372.79,5032.69,PayPal,Same Day,Completed,No,,4.8,EMP0049,William Cook,Operations,EMP0004,51,18,92121.0,0.68
ORD-000882,2023-12-27,2023-12-30,2024-01-02,2023,Q4,12,December,52,Wednesday,CUST-00198,Avery Jones,Non-Profit,West,Japan,Online,PROD-00127,Books,Children,1345.43,23,0.15,30944.89,4641.73,26303.16,16570.99,9732.17,37.0,,2104.25,28407.41,PayPal,Standard,Completed,No,,4.4,EMP0030,Diana Adams,HR,EMP0006,45,29,80261.0,0.63
ORD-000883,2023-12-28,2024-01-03,2024-01-07,2023,Q4,12,December,52,Thursday,CUST-00174,Avery Williams,Non-Profit,East,France,Retail Store,PROD-00188,Food & Beverage,Snacks,44.32,39,0.0,1728.48,0.0,1728.48,1037.09,691.39,40.0,58.4,138.28,1866.76,Debit Card,Same Day,Completed,No,,4.6,EMP0019,Sam Walker,Sales,EMP0004,41,21,90574.0,0.6
ORD-000884,2023-12-29,2023-12-30,2024-01-01,2023,Q4,12,December,52,Friday,CUST-00096,Alex Williams,Enterprise,West,Canada,Direct Sales,PROD-00073,Books,Children,212.7,5,0.0,1063.5,0.0,1063.5,744.45,319.05,30.0,146.96,85.08,1148.58,Cash,Same Day,Completed,No,,2.9,EMP0029,Chris Green,IT,EMP0008,52,8,125875.0,0.7
ORD-000885,2023-12-30,2024-01-03,2024-01-06,2023,Q4,12,December,52,Saturday,CUST-00255,Casey Williams,SMB,West,Germany,Online,PROD-00123,Beauty,Makeup,1600.83,1,0.15,1600.83,240.12,1360.71,680.36,680.35,50.0,66.01,108.86,1469.57,Bank Transfer,Express,Completed,No,,3.6,EMP0011,Karen Anderson,IT,EMP0002,45,3,89887.0,0.5
ORD-000886,2023-12-30,2024-01-06,2024-01-08,2023,Q4,12,December,52,Saturday,CUST-00355,Quinn Wilson,Enterprise,South,France,Retail Store,PROD-00252,Beauty,Makeup,361.2,13,0.2,4695.6,939.12,3756.48,2103.63,1652.85,44.0,77.78,300.52,4057.0,Debit Card,Standard,Completed,No,,4.6,EMP0012,Leo Thomas,IT,EMP0007,28,7,125077.0,0.56
ORD-000887,2024-01-03,2024-01-05,2024-01-06,2024,Q1,1,January,1,Wednesday,CUST-00255,Casey Williams,SMB,South,India,Retail Store,PROD-00097,Food & Beverage,Bakery,1307.23,21,0.25,27451.83,6862.96,20588.87,12765.1,7823.77,38.0,136.94,1647.11,22235.98,Cash,Same Day,Completed,No,,2.6,EMP0026,Zoe Lopez,Marketing,EMP0002,47,0,84645.0,0.62
ORD-000888,2024-01-04,2024-01-09,2024-01-14,2024,Q1,1,January,1,Thursday,CUST-00189,Taylor Brown,Non-Profit,South,Australia,Retail Store,PROD-00207,Sports,Team Sports,480.17,26,0.1,12484.42,1248.44,11235.98,6067.43,5168.55,46.0,109.0,898.88,12134.86,Bank Transfer,Same Day,Completed,No,,4.8,EMP0019,Sam Walker,Sales,EMP0004,34,27,63981.0,0.54
ORD-000889,2024-01-04,2024-01-09,2024-01-10,2024,Q1,1,January,1,Thursday,CUST-00266,Avery Smith,SMB,Central,Japan,Wholesale,PROD-00022,Clothing,Sportswear,203.39,50,0.0,10169.5,0.0,10169.5,5593.22,4576.28,45.0,89.4,813.56,10983.06,Debit Card,Economy,Completed,No,,2.7,EMP0001,Alice Johnson,IT,EMP0002,29,5,72544.0,0.55
ORD-000890,2024-01-05,2024-01-06,2024-01-11,2024,Q1,1,January,1,Friday,CUST-00137,Dakota Moore,Enterprise,East,UK,Wholesale,PROD-00184,Sports,Outdoor,490.13,45,0.15,22055.85,3308.38,18747.47,9748.68,8998.79,48.0,120.68,1499.8,20247.27,Cash,Economy,Processing,No,,3.4,EMP0035,Ian Perez,Operations,EMP0005,26,10,43950.0,0.52
ORD-000891,2024-01-07,2024-01-10,2024-01-16,2024,Q1,1,January,1,Sunday,CUST-00043,Riley Williams,Non-Profit,East,Australia,Online,PROD-00031,Electronics,Accessories,1445.92,21,0.0,30364.32,0.0,30364.32,18218.59,12145.73,40.0,130.33,2429.15,32793.47,Bank Transfer,Express,Completed,No,,3.8,EMP0022,Victor Young,HR,EMP0004,34,4,92199.0,0.6
ORD-000892,2024-01-08,2024-01-11,2024-01-14,2024,Q1,1,January,2,Monday,CUST-00373,Dakota Garcia,Government,West,Germany,Online,PROD-00246,Automotive,Accessories,1712.11,18,0.1,30817.98,3081.8,27736.18,19415.33,8320.85,30.0,71.25,2218.89,29955.07,Credit Card,Express,Completed,No,,4.8,EMP0049,William Cook,Operations,EMP0004,50,23,52033.0,0.7
ORD-000893,2024-01-08,2024-01-14,2024-01-16,2024,Q1,1,January,2,Monday,CUST-00218,Dakota Smith,Consumer,South,Germany,Online,PROD-00051,Electronics,Accessories,1661.29,37,0.0,61467.73,0.0,61467.73,28889.83,32577.9,53.0,73.89,4917.42,66385.15,Cash,Same Day,Completed,No,,2.0,EMP0030,Diana Adams,HR,EMP0006,41,17,128328.0,0.47
ORD-000894,2024-01-08,2024-01-09,2024-01-15,2024,Q1,1,January,2,Monday,CUST-00041,Dakota Williams,Enterprise,East,USA,Direct Sales,PROD-00267,Food & Beverage,Snacks,797.38,45,0.1,35882.1,3588.21,32293.89,23574.54,8719.35,27.0,60.98,2583.51,34877.4,Bank Transfer,Same Day,Cancelled,No,,4.0,EMP0042,Patricia Edwards,IT,EMP0008,35,19,83368.0,0.73
ORD-000895,2024-01-09,2024-01-15,2024-01-17,2024,Q1,1,January,2,Tuesday,CUST-00221,Avery Williams,Enterprise,East,Germany,Direct Sales,PROD-00047,Furniture,Living Room,1337.83,32,0.0,42810.56,0.0,42810.56,27398.76,15411.8,36.0,145.17,3424.84,46235.4,Debit Card,Standard,Processing,No,,3.1,EMP0012,Leo Thomas,IT,EMP0007,53,27,122975.0,0.64
ORD-000896,2024-01-09,2024-01-15,2024-01-18,2024,Q1,1,January,2,Tuesday,CUST-00309,Alex Williams,SMB,West,India,Online,PROD-00165,Furniture,Office,413.94,36,0.0,14901.84,0.0,14901.84,10282.27,4619.57,31.0,106.09,1192.15,16093.99,Bank Transfer,Express,Completed,No,,2.1,EMP0044,Rose Stewart,Operations,EMP0005,48,12,144763.0,0.69
ORD-000897,2024-01-10,2024-01-15,2024-01-19,2024,Q1,1,January,2,Wednesday,CUST-00093,Casey Smith,Non-Profit,West,Australia,Partner,PROD-00270,Furniture,Bedroom,589.83,17,0.2,10027.11,2005.42,8021.69,4732.8,3288.89,41.0,17.07,641.74,8663.43,Debit Card,Same Day,Completed,No,,4.1,EMP0007,Grace Kim,Marketing,EMP0005,46,4,132690.0,0.59
ORD-000898,2024-01-10,2024-01-16,2024-01-17,2024,Q1,1,January,2,Wednesday,CUST-00280,Alex Wilson,SMB,North,UK,Wholesale,PROD-00289,Furniture,Kitchen,1793.19,35,0.0,62761.65,0.0,62761.65,42050.31,20711.34,33.0,130.13,5020.93,67782.58,Bank Transfer,Express,Pending,No,,3.2,EMP0025,Yara Wright,HR,EMP0004,25,29,144418.0,0.67
ORD-000899,2024-01-10,2024-01-17,2024-01-18,2024,Q1,1,January,2,Wednesday,CUST-00151,Dakota Johnson,SMB,North,UK,Wholesale,PROD-00295,Sports,Water Sports,30.94,49,0.05,1516.06,75.8,1440.26,590.51,849.75,59.0,74.68,115.22,1555.48,PayPal,Standard,Completed,No,,3.6,EMP0038,Laura Phillips,Sales,EMP0003,42,0,100313.0,0.41
ORD-000900,2024-01-10,2024-01-16,2024-01-18,2024,Q1,1,January,2,Wednesday,CUST-00165,Jamie Johnson,Enterprise,West,France,Retail Store,PROD-00273,Automotive,Electronics,175.59,11,0.0,1931.49,0.0,1931.49,1332.73,598.76,31.0,14.97,154.52,2086.01,Cash,Express,Completed,No,,2.3,EMP0042,Patricia Edwards,IT,EMP0008,39,21,54012.0,0.69
ORD-000901,2024-01-11,2024-01-16,2024-01-18,2024,Q1,1,January,2,Thursday,CUST-00053,Avery Brown,Non-Profit,North,Germany,Online,PROD-00268,Electronics,Phones,419.73,21,0.0,8814.33,0.0,8814.33,3613.88,5200.45,59.0,84.71,705.15,9519.48,Debit Card,Express,Completed,No,,2.9,EMP0027,Aaron Hill,IT,EMP0007,60,17,142571.0,0.41
ORD-000902,2024-01-12,2024-01-19,2024-01-21,2024,Q1,1,January,2,Friday,CUST-00041,Dakota Williams,Consumer,East,UK,Direct Sales,PROD-00202,Electronics,Phones,57.93,26,0.0,1506.18,0.0,1506.18,1069.39,436.79,29.0,65.49,120.49,1626.67,Bank Transfer,Standard,Completed,No,,3.5,EMP0027,Aaron Hill,IT,EMP0007,36,4,134878.0,0.71
ORD-000903,2024-01-13,2024-01-16,2024-01-19,2024,Q1,1,January,2,Saturday,CUST-00168,Alex Jones,Enterprise,West,Japan,Retail Store,PROD-00280,Books,Non-Fiction,366.96,4,0.0,1467.84,0.0,1467.84,1100.88,366.96,25.0,132.27,117.43,1585.27,Debit Card,Standard,Completed,No,,2.6,EMP0027,Aaron Hill,IT,EMP0007,59,30,134407.0,0.75
ORD-000904,2024-01-14,2024-01-16,2024-01-20,2024,Q1,1,January,2,Sunday,CUST-00339,Alex Jones,Enterprise,West,India,Wholesale,PROD-00103,Food & Beverage,Bakery,1168.17,34,0.2,39717.78,7943.56,31774.22,15887.11,15887.11,50.0,34.58,2541.94,34316.16,Credit Card,Express,Completed,No,,1.8,EMP0013,Mia Jackson,HR,EMP0002,45,5,114727.0,0.5
ORD-000905,2024-01-16,2024-01-20,2024-01-21,2024,Q1,1,January,3,Tuesday,CUST-00152,Taylor Moore,Enterprise,South,Australia,Online,PROD-00145,Food & Beverage,Beverages,845.74,48,0.0,40595.52,0.0,40595.52,19079.89,21515.63,53.0,124.84,3247.64,43843.16,Debit Card,Standard,Completed,No,,4.8,EMP0041,Oscar Evans,Marketing,EMP0003,29,26,106865.0,0.47
ORD-000906,2024-01-17,2024-01-23,2024-01-29,2024,Q1,1,January,3,Wednesday,CUST-00157,Riley Davis,Non-Profit,East,France,Wholesale,PROD-00165,Electronics,Phones,1785.88,18,0.25,32145.84,8036.46,24109.38,16153.28,7956.1,33.0,85.86,1928.75,26038.13,Cash,Economy,Pending,No,,3.0,EMP0002,Bob Smith,Sales,EMP0007,49,24,36693.0,0.67
ORD-000907,2024-01-17,2024-01-24,2024-01-29,2024,Q1,1,January,3,Wednesday,CUST-00229,Quinn Moore,Consumer,East,UK,Partner,PROD-00070,Furniture,Outdoor,1635.8,40,0.1,65432.0,6543.2,58888.8,28855.51,30033.29,51.0,12.92,4711.1,63599.9,Credit Card,Standard,Completed,No,,3.9,EMP0040,Nancy Parker,Logistics,EMP0004,42,28,121026.0,0.49
ORD-000908,2024-01-18,2024-01-20,2024-01-23,2024,Q1,1,January,3,Thursday,CUST-00309,Alex Williams,Consumer,Central,Germany,Retail Store,PROD-00230,Sports,Water Sports,686.93,35,0.05,24042.55,1202.13,22840.42,15988.29,6852.13,30.0,145.92,1827.23,24667.65,Cash,Same Day,Returned,Yes,Wrong Item,2.6,EMP0015,Olivia Martin,HR,EMP0005,37,27,45527.0,0.7
ORD-000909,2024-01-18,2024-01-23,2024-01-24,2024,Q1,1,January,3,Thursday,CUST-00368,Dakota Johnson,Non-Profit,Central,Germany,Online,PROD-00102,Sports,Outdoor,522.55,41,0.1,21424.55,2142.46,19282.09,8484.12,10797.97,56.0,79.33,1542.57,20824.66,Bank Transfer,Express,Completed,No,,2.4,EMP0009,Iris Wilson,IT,EMP0008,37,15,64871.0,0.44
ORD-000910,2024-01-21,2024-01-23,2024-01-27,2024,Q1,1,January,3,Sunday,CUST-00219,Avery Miller,SMB,South,India,Partner,PROD-00150,Sports,Winter Sports,762.49,29,0.05,22112.21,1105.61,21006.6,9242.9,11763.7,56.0,47.18,1680.53,22687.13,PayPal,Same Day,Completed,No,,2.6,EMP0040,Nancy Parker,Logistics,EMP0004,56,11,98421.0,0.44
ORD-000911,2024-01-23,2024-01-27,2024-01-30,2024,Q1,1,January,4,Tuesday,CUST-00086,Riley Garcia,Government,Central,France,Partner,PROD-00219,Automotive,Care Products,1182.64,29,0.15,34296.56,5144.48,29152.08,21572.54,7579.54,26.0,73.06,2332.17,31484.25,Cash,Economy,Completed,No,,2.6,EMP0040,Nancy Parker,Logistics,EMP0004,38,19,86949.0,0.74
ORD-000912,2024-01-24,2024-01-26,2024-02-01,2024,Q1,1,January,4,Wednesday,CUST-00354,Avery Brown,Enterprise,North,Australia,Direct Sales,PROD-00207,Automotive,Tools,539.79,38,0.0,20512.02,0.0,20512.02,13127.69,7384.33,36.0,129.39,1640.96,22152.98,Debit Card,Economy,Pending,No,,3.2,EMP0033,George Carter,Finance,EMP0006,30,17,36814.0,0.64
ORD-000913,2024-01-25,2024-02-01,2024-02-02,2024,Q1,1,January,4,Thursday,CUST-00228,Casey Miller,SMB,West,India,Online,PROD-00223,Beauty,Fragrance,1250.18,42,0.0,52507.56,0.0,52507.56,36755.29,15752.27,30.0,49.21,4200.6,56708.16,PayPal,Express,Returned,Yes,,3.2,EMP0006,Frank Lee,Marketing,EMP0010,56,33,129758.0,0.7
ORD-000914,2024-01-28,2024-01-30,2024-02-02,2024,Q1,1,January,4,Sunday,CUST-00180,Casey Davis,Consumer,North,India,Direct Sales,PROD-00194,Books,Education,821.78,21,0.2,17257.38,3451.48,13805.9,7041.01,6764.89,49.0,32.94,1104.47,14910.37,Debit Card,Economy,Completed,No,,3.0,EMP0039,Mike Campbell,Logistics,EMP0009,50,22,136062.0,0.51
ORD-000915,2024-01-28,2024-01-30,2024-01-31,2024,Q1,1,January,4,Sunday,CUST-00229,Quinn Moore,Enterprise,East,Germany,Partner,PROD-00043,Sports,Team Sports,1106.33,42,0.2,46465.86,9293.17,37172.69,23790.52,13382.17,36.0,23.72,2973.82,40146.51,Credit Card,Same Day,Returned,Yes,Not as Described,1.5,EMP0037,Kevin Turner,Logistics,EMP0010,60,26,113415.0,0.64
ORD-000916,2024-01-30,2024-02-01,2024-02-02,2024,Q1,1,January,5,Tuesday,CUST-00022,Avery Davis,Non-Profit,Central,Japan,Online,PROD-00252,Furniture,Kitchen,875.07,13,0.2,11375.91,2275.18,9100.73,5551.45,3549.28,39.0,48.19,728.06,9828.79,Credit Card,Standard,Completed,No,,3.0,EMP0047,Umar Rogers,Marketing,EMP0006,39,16,97223.0,0.61
ORD-000917,2024-01-31,2024-02-01,2024-02-05,2024,Q1,1,January,5,Wednesday,CUST-00373,Dakota Garcia,Consumer,North,Canada,Online,PROD-00013,Books,Comics,592.46,49,0.05,29030.54,1451.53,27579.01,16823.2,10755.81,39.0,118.11,2206.32,29785.33,Credit Card,Standard,Processing,No,,1.7,EMP0027,Aaron Hill,IT,EMP0007,33,20,145485.0,0.61
ORD-000918,2024-02-01,2024-02-07,2024-02-12,2024,Q1,2,February,5,Thursday,CUST-00181,Avery Miller,Non-Profit,East,USA,Online,PROD-00252,Sports,Fitness,1897.16,41,0.15,77783.56,11667.53,66116.03,42314.26,23801.77,36.0,73.39,5289.28,71405.31,Bank Transfer,Economy,Completed,No,,1.5,EMP0002,Bob Smith,Sales,EMP0007,40,30,48795.0,0.64
ORD-000919,2024-02-02,2024-02-07,2024-02-11,2024,Q1,2,February,5,Friday,CUST-00315,Taylor Moore,Government,Central,Canada,Online,PROD-00054,Automotive,Electronics,1528.39,17,0.05,25982.63,1299.13,24683.5,14810.1,9873.4,40.0,37.98,1974.68,26658.18,Credit Card,Economy,Pending,No,,4.7,EMP0021,Uma Allen,Marketing,EMP0001,43,2,119860.0,0.6
ORD-000920,2024-02-02,2024-02-06,2024-02-07,2024,Q1,2,February,5,Friday,CUST-00223,Casey Brown,SMB,West,Japan,Direct Sales,PROD-00165,Clothing,Men,284.53,9,0.05,2560.77,128.04,2432.73,1338.0,1094.73,45.0,29.1,194.62,2627.35,Cash,Economy,Completed,No,,3.4,EMP0040,Nancy Parker,Logistics,EMP0004,36,16,49761.0,0.55
ORD-000921,2024-02-03,2024-02-08,2024-02-11,2024,Q1,2,February,5,Saturday,CUST-00141,Taylor Moore,Non-Profit,West,Australia,Wholesale,PROD-00288,Electronics,Phones,1737.59,41,0.0,71241.19,0.0,71241.19,35620.6,35620.59,50.0,53.25,5699.3,76940.49,Debit Card,Same Day,Completed,No,,3.6,EMP0016,Paul Garcia,Finance,EMP0010,22,25,78912.0,0.5
ORD-000922,2024-02-03,2024-02-04,2024-02-10,2024,Q1,2,February,5,Saturday,CUST-00328,Jamie Wilson,Government,Central,Japan,Online,PROD-00248,Beauty,Skincare,977.43,1,0.1,977.43,97.74,879.69,589.39,290.3,33.0,141.29,70.38,950.07,Credit Card,Standard,Completed,No,,2.6,EMP0011,Karen Anderson,IT,EMP0002,23,22,102331.0,0.67
ORD-000923,2024-02-04,2024-02-05,2024-02-09,2024,Q1,2,February,5,Sunday,CUST-00030,Avery Wilson,Consumer,West,Germany,Retail Store,PROD-00200,Sports,Outdoor,1789.63,2,0.0,3579.26,0.0,3579.26,1718.04,1861.22,52.0,54.74,286.34,3865.6,Cash,Express,Completed,No,,4.6,EMP0037,Kevin Turner,Logistics,EMP0010,29,5,119765.0,0.48
ORD-000924,2024-02-05,2024-02-12,2024-02-17,2024,Q1,2,February,6,Monday,CUST-00039,Quinn Brown,Non-Profit,South,India,Online,PROD-00157,Sports,Team Sports,1600.71,48,0.0,76834.08,0.0,76834.08,49173.81,27660.27,36.0,148.28,6146.73,82980.81,Cash,Same Day,Completed,No,,3.6,EMP0041,Oscar Evans,Marketing,EMP0003,43,27,35427.0,0.64
ORD-000925,2024-02-05,2024-02-06,2024-02-07,2024,Q1,2,February,6,Monday,CUST-00344,Dakota Wilson,Consumer,Central,USA,Direct Sales,PROD-00255,Clothing,Sportswear,853.3,29,0.2,24745.7,4949.14,19796.56,9502.35,10294.21,52.0,75.36,1583.72,21380.28,Credit Card,Standard,Completed,No,,4.1,EMP0031,Ethan Baker,Finance,EMP0003,46,7,64969.0,0.48
ORD-000926,2024-02-06,2024-02-12,2024-02-18,2024,Q1,2,February,6,Tuesday,CUST-00327,Dakota Brown,Non-Profit,South,Australia,Online,PROD-00148,Books,Fiction,49.83,33,0.0,1644.39,0.0,1644.39,1019.52,624.87,38.0,30.98,131.55,1775.94,Cash,Same Day,Completed,No,,2.5,EMP0044,Rose Stewart,Operations,EMP0005,23,7,96893.0,0.62
ORD-000927,2024-02-06,2024-02-07,2024-02-11,2024,Q1,2,February,6,Tuesday,CUST-00208,Riley Wilson,Non-Profit,Central,France,Wholesale,PROD-00029,Clothing,Sportswear,541.01,10,0.0,5410.1,0.0,5410.1,3570.67,1839.43,34.0,134.22,432.81,5842.91,Bank Transfer,Standard,Completed,No,,4.8,EMP0006,Frank Lee,Marketing,EMP0010,30,18,96280.0,0.66
ORD-000928,2024-02-08,2024-02-10,2024-02-14,2024,Q1,2,February,6,Thursday,CUST-00187,Alex Miller,Non-Profit,South,Japan,Partner,PROD-00271,Beauty,Makeup,1085.56,50,0.0,54278.0,0.0,54278.0,26053.44,28224.56,52.0,71.75,4342.24,58620.24,Credit Card,Express,Completed,No,,4.3,EMP0024,Xander King,Sales,EMP0002,30,28,108327.0,0.48
ORD-000929,2024-02-08,2024-02-13,2024-02-17,2024,Q1,2,February,6,Thursday,CUST-00263,Jamie Williams,SMB,West,Canada,Direct Sales,PROD-00022,Sports,Team Sports,1268.79,40,0.2,50751.6,10150.32,40601.28,17052.54,23548.74,58.0,107.9,3248.1,43849.38,Debit Card,Standard,Completed,No,,4.4,EMP0002,Bob Smith,Sales,EMP0007,34,22,69943.0,0.42
ORD-000930,2024-02-08,2024-02-11,2024-02-15,2024,Q1,2,February,6,Thursday,CUST-00384,Jamie Johnson,Enterprise,West,Australia,Online,PROD-00097,Beauty,Makeup,519.49,21,0.05,10909.29,545.46,10363.83,4663.72,5700.11,55.0,147.64,829.11,11192.94,Bank Transfer,Same Day,Processing,No,,1.7,EMP0048,Victoria Reed,Logistics,EMP0001,27,31,97161.0,0.45
ORD-000931,2024-02-08,2024-02-12,2024-02-18,2024,Q1,2,February,6,Thursday,CUST-00348,Jamie Wilson,Enterprise,North,Canada,Online,PROD-00046,Sports,Team Sports,283.02,28,0.05,7924.56,396.23,7528.33,4592.28,2936.05,39.0,12.28,602.27,8130.6,PayPal,Express,Completed,No,,2.1,EMP0039,Mike Campbell,Logistics,EMP0009,51,9,56825.0,0.61
ORD-000932,2024-02-09,2024-02-10,2024-02-13,2024,Q1,2,February,6,Friday,CUST-00082,Taylor Brown,SMB,East,Germany,Online,PROD-00158,Sports,Winter Sports,1670.69,11,0.15,18377.59,2756.64,15620.95,10934.66,4686.29,30.0,19.02,1249.68,16870.63,Debit Card,Same Day,Completed,No,,2.1,EMP0042,Patricia Edwards,IT,EMP0008,36,26,56490.0,0.7
ORD-000933,2024-02-10,2024-02-15,2024-02-20,2024,Q1,2,February,6,Saturday,CUST-00016,Morgan Brown,Enterprise,South,India,Partner,PROD-00293,Sports,Winter Sports,1968.88,34,0.15,66941.92,10041.29,56900.63,23898.26,33002.37,58.0,109.47,4552.05,61452.68,Debit Card,Same Day,Completed,No,,2.1,EMP0025,Yara Wright,HR,EMP0004,36,0,101305.0,0.42
ORD-000934,2024-02-10,2024-02-17,2024-02-22,2024,Q1,2,February,6,Saturday,CUST-00074,Casey Johnson,SMB,Central,India,Online,PROD-00278,Furniture,Office,1053.75,8,0.0,8430.0,0.0,8430.0,5563.8,2866.2,34.0,45.86,674.4,9104.4,Debit Card,Economy,Completed,No,,4.4,EMP0036,Julia Roberts,Logistics,EMP0002,28,28,113829.0,0.66
ORD-000935,2024-02-12,2024-02-13,2024-02-14,2024,Q1,2,February,7,Monday,CUST-00312,Morgan Miller,SMB,West,France,Wholesale,PROD-00089,Food & Beverage,Dairy,347.5,22,0.1,7645.0,764.5,6880.5,3577.86,3302.64,48.0,31.72,550.44,7430.94,PayPal,Standard,Completed,No,,1.1,EMP0033,George Carter,Finance,EMP0006,32,2,48846.0,0.52
ORD-000936,2024-02-13,2024-02-19,2024-02-21,2024,Q1,2,February,7,Tuesday,CUST-00348,Jamie Wilson,Consumer,West,UK,Direct Sales,PROD-00161,Furniture,Living Room,548.25,8,0.15,4386.0,657.9,3728.1,2125.02,1603.08,43.0,10.71,298.25,4026.35,Debit Card,Same Day,Completed,No,,1.3,EMP0013,Mia Jackson,HR,EMP0002,61,30,49121.0,0.57
ORD-000937,2024-02-13,2024-02-14,2024-02-17,2024,Q1,2,February,7,Tuesday,CUST-00225,Dakota Garcia,SMB,Central,Australia,Direct Sales,PROD-00025,Electronics,Cameras,41.69,49,0.1,2042.81,204.28,1838.53,1342.13,496.4,27.0,8.17,147.08,1985.61,Cash,Standard,Completed,No,,2.1,EMP0011,Karen Anderson,IT,EMP0002,59,10,100010.0,0.73
ORD-000938,2024-02-16,2024-02-17,2024-02-18,2024,Q1,2,February,7,Friday,CUST-00018,Riley Wilson,SMB,East,India,Online,PROD-00274,Automotive,Parts,1829.03,15,0.0,27435.45,0.0,27435.45,14266.43,13169.02,48.0,117.3,2194.84,29630.29,Debit Card,Economy,Processing,No,,1.8,EMP0030,Diana Adams,HR,EMP0006,61,21,66061.0,0.52
ORD-000939,2024-02-17,2024-02-18,2024-02-19,2024,Q1,2,February,7,Saturday,CUST-00065,Casey Brown,Non-Profit,Central,Germany,Partner,PROD-00015,Beauty,Makeup,239.91,17,0.2,4078.47,815.69,3262.78,1827.16,1435.62,44.0,24.49,261.02,3523.8,Bank Transfer,Standard,Completed,No,,1.9,EMP0024,Xander King,Sales,EMP0002,23,17,80126.0,0.56
ORD-000940,2024-02-19,2024-02-26,2024-03-01,2024,Q1,2,February,8,Monday,CUST-00035,Riley Moore,Non-Profit,South,Germany,Direct Sales,PROD-00025,Food & Beverage,Frozen,1155.15,23,0.05,26568.45,1328.42,25240.03,10096.01,15144.02,60.0,72.82,2019.2,27259.23,PayPal,Same Day,Completed,No,,4.2,EMP0047,Umar Rogers,Marketing,EMP0006,60,34,81086.0,0.4
ORD-000941,2024-02-21,2024-02-22,2024-02-24,2024,Q1,2,February,8,Wednesday,CUST-00121,Taylor Smith,SMB,South,Canada,Retail Store,PROD-00156,Electronics,Phones,551.74,24,0.0,13241.76,0.0,13241.76,5693.96,7547.8,57.0,92.86,1059.34,14301.1,Credit Card,Express,Completed,No,,3.3,EMP0016,Paul Garcia,Finance,EMP0010,31,5,55534.0,0.43
ORD-000942,2024-02-23,2024-02-27,2024-02-29,2024,Q1,2,February,8,Friday,CUST-00399,Avery Miller,Non-Profit,North,Germany,Partner,PROD-00198,Books,Comics,1110.59,45,0.05,49976.55,2498.83,47477.72,23264.08,24213.64,51.0,67.11,3798.22,51275.94,PayPal,Standard,Completed,No,,1.0,EMP0012,Leo Thomas,IT,EMP0007,38,2,35151.0,0.49
ORD-000943,2024-02-24,2024-02-29,2024-03-03,2024,Q1,2,February,8,Saturday,CUST-00331,Riley Johnson,Consumer,Central,Australia,Partner,PROD-00097,Sports,Winter Sports,1304.58,19,0.0,24787.02,0.0,24787.02,10162.68,14624.34,59.0,8.93,1982.96,26769.98,Credit Card,Standard,Returned,Yes,,2.7,EMP0031,Ethan Baker,Finance,EMP0003,28,4,133112.0,0.41
ORD-000944,2024-02-27,2024-03-04,2024-03-06,2024,Q1,2,February,9,Tuesday,CUST-00188,Quinn Smith,Consumer,West,India,Online,PROD-00181,Sports,Winter Sports,1660.33,5,0.0,8301.65,0.0,8301.65,5147.02,3154.63,38.0,118.61,664.13,8965.78,Debit Card,Express,Completed,No,,2.6,EMP0046,Tara Morris,Marketing,EMP0004,61,8,117225.0,0.62
ORD-000945,2024-02-28,2024-02-29,2024-03-01,2024,Q1,2,February,9,Wednesday,CUST-00186,Taylor Johnson,SMB,North,Australia,Direct Sales,PROD-00276,Automotive,Accessories,416.81,32,0.15,13337.92,2000.69,11337.23,6235.48,5101.75,45.0,6.52,906.98,12244.21,Credit Card,Express,Completed,No,,1.5,EMP0013,Mia Jackson,HR,EMP0002,60,27,114412.0,0.55
ORD-000946,2024-03-01,2024-03-02,2024-03-04,2024,Q1,3,March,9,Friday,CUST-00197,Alex Williams,Non-Profit,Central,UK,Direct Sales,PROD-00027,Automotive,Tools,26.94,44,0.0,1185.36,0.0,1185.36,699.36,486.0,41.0,115.47,94.83,1280.19,Cash,Economy,Completed,No,,3.7,EMP0021,Uma Allen,Marketing,EMP0001,25,18,97848.0,0.59
ORD-000947,2024-03-01,2024-03-02,2024-03-04,2024,Q1,3,March,9,Friday,CUST-00291,Jamie Miller,Government,Central,Canada,Direct Sales,PROD-00223,Automotive,Tools,278.09,1,0.05,278.09,13.9,264.19,121.53,142.66,54.0,134.53,21.14,285.33,Credit Card,Express,Completed,No,,3.8,EMP0009,Iris Wilson,IT,EMP0008,56,27,115612.0,0.46
ORD-000948,2024-03-03,2024-03-04,2024-03-09,2024,Q1,3,March,9,Sunday,CUST-00017,Quinn Wilson,Enterprise,West,Australia,Direct Sales,PROD-00261,Electronics,Tablets,1800.54,23,0.05,41412.42,2070.62,39341.8,19670.9,19670.9,50.0,67.76,3147.34,42489.14,Credit Card,Express,Completed,No,,3.9,EMP0019,Sam Walker,Sales,EMP0004,57,26,142604.0,0.5
ORD-000949,2024-03-05,2024-03-07,2024-03-08,2024,Q1,3,March,10,Tuesday,CUST-00310,Jamie Smith,Non-Profit,East,USA,Partner,PROD-00269,Furniture,Kitchen,1748.41,37,0.0,64691.17,0.0,64691.17,40755.44,23935.73,37.0,82.65,5175.29,69866.46,Bank Transfer,Same Day,Returned,Yes,Not as Described,3.9,EMP0005,Eva Martinez,Operations,EMP0006,52,12,111552.0,0.63
ORD-000950,2024-03-05,2024-03-07,2024-03-13,2024,Q1,3,March,10,Tuesday,CUST-00079,Avery Jones,Consumer,Central,Australia,Partner,PROD-00092,Beauty,Fragrance,1196.84,8,0.25,9574.72,2393.68,7181.04,5313.97,1867.07,26.0,74.16,574.48,7755.52,Cash,Economy,Returned,Yes,Not as Described,1.0,EMP0002,Bob Smith,Sales,EMP0007,46,20,65486.0,0.74
ORD-000951,2024-03-05,2024-03-08,2024-03-10,2024,Q1,3,March,10,Tuesday,CUST-00348,Jamie Wilson,Consumer,North,Germany,Online,PROD-00261,Furniture,Outdoor,1203.03,13,0.0,15639.39,0.0,15639.39,6568.54,9070.85,58.0,61.44,1251.15,16890.54,Credit Card,Express,Pending,No,,4.8,EMP0014,Nathan Harris,Sales,EMP0009,34,26,100614.0,0.42
ORD-000952,2024-03-07,2024-03-08,2024-03-10,2024,Q1,3,March,10,Thursday,CUST-00231,Taylor Moore,Government,West,Japan,Wholesale,PROD-00190,Books,Fiction,1331.75,8,0.0,10654.0,0.0,10654.0,7564.34,3089.66,29.0,133.68,852.32,11506.32,Credit Card,Economy,Cancelled,No,,4.3,EMP0037,Kevin Turner,Logistics,EMP0010,39,5,85867.0,0.71
ORD-000953,2024-03-07,2024-03-10,2024-03-14,2024,Q1,3,March,10,Thursday,CUST-00190,Jordan Johnson,SMB,South,Japan,Online,PROD-00023,Beauty,Fragrance,354.87,23,0.0,8162.01,0.0,8162.01,4897.21,3264.8,40.0,134.62,652.96,8814.97,Debit Card,Express,Completed,No,,4.6,EMP0030,Diana Adams,HR,EMP0006,42,10,98988.0,0.6
ORD-000954,2024-03-10,2024-03-14,2024-03-16,2024,Q1,3,March,10,Sunday,CUST-00191,Quinn Smith,Government,East,India,Direct Sales,PROD-00110,Sports,Winter Sports,1829.25,43,0.0,78657.75,0.0,78657.75,47194.65,31463.1,40.0,53.69,6292.62,84950.37,PayPal,Economy,Completed,No,,1.1,EMP0030,Diana Adams,HR,EMP0006,22,16,94525.0,0.6
ORD-000955,2024-03-11,2024-03-14,2024-03-16,2024,Q1,3,March,11,Monday,CUST-00228,Casey Miller,Government,West,India,Partner,PROD-00051,Food & Beverage,Dairy,840.45,1,0.0,840.45,0.0,840.45,487.46,352.99,42.0,94.19,67.24,907.69,PayPal,Same Day,Returned,Yes,,4.7,EMP0016,Paul Garcia,Finance,EMP0010,57,6,133759.0,0.58
ORD-000956,2024-03-11,2024-03-16,2024-03-21,2024,Q1,3,March,11,Monday,CUST-00391,Riley Davis,Enterprise,North,USA,Wholesale,PROD-00235,Food & Beverage,Bakery,769.36,45,0.1,34621.2,3462.12,31159.08,13086.81,18072.27,58.0,139.4,2492.73,33651.81,Debit Card,Express,Cancelled,No,,4.2,EMP0044,Rose Stewart,Operations,EMP0005,29,29,109957.0,0.42
ORD-000957,2024-03-12,2024-03-14,2024-03-15,2024,Q1,3,March,11,Tuesday,CUST-00040,Alex Moore,Consumer,Central,Australia,Partner,PROD-00096,Sports,Outdoor,1040.24,24,0.25,24965.76,6241.44,18724.32,8051.46,10672.86,57.0,144.5,1497.95,20222.27,Credit Card,Express,Returned,Yes,Changed Mind,4.3,EMP0039,Mike Campbell,Logistics,EMP0009,42,20,56707.0,0.43
ORD-000958,2024-03-13,2024-03-15,2024-03-18,2024,Q1,3,March,11,Wednesday,CUST-00294,Casey Johnson,Government,North,Canada,Retail Store,PROD-00114,Clothing,Women,98.7,35,0.0,3454.5,0.0,3454.5,2107.24,1347.26,39.0,78.8,276.36,3730.86,Credit Card,Standard,Completed,No,,1.4,EMP0029,Chris Green,IT,EMP0008,42,0,42247.0,0.61
ORD-000959,2024-03-15,2024-03-16,2024-03-17,2024,Q1,3,March,11,Friday,CUST-00071,Riley Miller,SMB,Central,Germany,Online,PROD-00164,Books,Education,336.74,24,0.1,8081.76,808.18,7273.58,3782.26,3491.32,48.0,70.66,581.89,7855.47,Bank Transfer,Express,Completed,No,,4.0,EMP0016,Paul Garcia,Finance,EMP0010,48,24,83802.0,0.52
ORD-000960,2024-03-17,2024-03-18,2024-03-22,2024,Q1,3,March,11,Sunday,CUST-00272,Alex Brown,Non-Profit,West,Canada,Online,PROD-00038,Food & Beverage,Bakery,1477.38,17,0.1,25115.46,2511.55,22603.91,16274.82,6329.09,28.0,45.41,1808.31,24412.22,PayPal,Standard,Cancelled,No,,4.8,EMP0012,Leo Thomas,IT,EMP0007,40,31,36795.0,0.72
ORD-000961,2024-03-17,2024-03-21,2024-03-22,2024,Q1,3,March,11,Sunday,CUST-00188,Quinn Smith,SMB,East,USA,Online,PROD-00105,Sports,Winter Sports,170.18,5,0.15,850.9,127.64,723.26,390.56,332.7,46.0,144.04,57.86,781.12,Debit Card,Economy,Completed,No,,3.7,EMP0030,Diana Adams,HR,EMP0006,44,7,71604.0,0.54
ORD-000962,2024-03-21,2024-03-27,2024-03-29,2024,Q1,3,March,12,Thursday,CUST-00204,Taylor Miller,Enterprise,West,Germany,Partner,PROD-00254,Food & Beverage,Frozen,1208.29,20,0.05,24165.8,1208.29,22957.51,10330.88,12626.63,55.0,25.71,1836.6,24794.11,Bank Transfer,Standard,Processing,No,,3.3,EMP0033,George Carter,Finance,EMP0006,56,4,77322.0,0.45
ORD-000963,2024-03-23,2024-03-27,2024-03-31,2024,Q1,3,March,12,Saturday,CUST-00161,Riley Jones,Consumer,North,Germany,Online,PROD-00106,Beauty,Fragrance,494.47,21,0.0,10383.87,0.0,10383.87,6749.52,3634.35,35.0,89.08,830.71,11214.58,Credit Card,Economy,Completed,No,,4.8,EMP0042,Patricia Edwards,IT,EMP0008,61,29,78193.0,0.65
ORD-000964,2024-03-24,2024-03-29,2024-03-30,2024,Q1,3,March,12,Sunday,CUST-00333,Taylor Johnson,SMB,North,Canada,Partner,PROD-00293,Clothing,Men,781.64,40,0.0,31265.6,0.0,31265.6,15632.8,15632.8,50.0,45.97,2501.25,33766.85,Bank Transfer,Express,Completed,No,,2.8,EMP0008,Henry Davis,Marketing,EMP0001,26,7,147625.0,0.5
ORD-000965,2024-03-24,2024-03-25,2024-03-29,2024,Q1,3,March,12,Sunday,CUST-00143,Dakota Wilson,Consumer,South,USA,Retail Store,PROD-00008,Furniture,Living Room,580.94,31,0.1,18009.14,1800.91,16208.23,9400.77,6807.46,42.0,45.46,1296.66,17504.89,Credit Card,Express,Completed,No,,3.4,EMP0039,Mike Campbell,Logistics,EMP0009,29,18,69949.0,0.58
ORD-000966,2024-03-25,2024-03-26,2024-03-29,2024,Q1,3,March,13,Monday,CUST-00128,Taylor Smith,Non-Profit,South,Japan,Partner,PROD-00024,Beauty,Haircare,714.57,46,0.15,32870.22,4930.53,27939.69,17881.4,10058.29,36.0,63.72,2235.18,30174.87,Bank Transfer,Standard,Returned,Yes,Defective,2.9,EMP0022,Victor Young,HR,EMP0004,32,29,65501.0,0.64
ORD-000967,2024-03-25,2024-03-29,2024-03-30,2024,Q1,3,March,13,Monday,CUST-00059,Avery Garcia,Non-Profit,Central,USA,Retail Store,PROD-00196,Furniture,Office,1439.5,36,0.0,51822.0,0.0,51822.0,37311.84,14510.16,28.0,149.82,4145.76,55967.76,Credit Card,Economy,Completed,No,,4.7,EMP0011,Karen Anderson,IT,EMP0002,37,14,49879.0,0.72
ORD-000968,2024-03-26,2024-03-30,2024-04-05,2024,Q1,3,March,13,Tuesday,CUST-00014,Jamie Garcia,Non-Profit,North,USA,Partner,PROD-00106,Sports,Outdoor,597.76,11,0.0,6575.36,0.0,6575.36,4471.24,2104.12,32.0,12.97,526.03,7101.39,Bank Transfer,Same Day,Completed,No,,1.3,EMP0016,Paul Garcia,Finance,EMP0010,60,26,93766.0,0.68
ORD-000969,2024-03-26,2024-03-30,2024-04-01,2024,Q1,3,March,13,Tuesday,CUST-00377,Taylor Davis,SMB,South,UK,Wholesale,PROD-00060,Automotive,Tools,1134.98,15,0.2,17024.7,3404.94,13619.76,8716.65,4903.11,36.0,88.89,1089.58,14709.34,Credit Card,Economy,Processing,No,,3.0,EMP0030,Diana Adams,HR,EMP0006,45,12,52673.0,0.64
ORD-000970,2024-03-26,2024-03-28,2024-04-01,2024,Q1,3,March,13,Tuesday,CUST-00096,Alex Williams,Government,South,France,Wholesale,PROD-00149,Beauty,Makeup,954.72,19,0.15,18139.68,2720.95,15418.73,9867.99,5550.74,36.0,16.97,1233.5,16652.23,Debit Card,Express,Completed,No,,3.7,EMP0047,Umar Rogers,Marketing,EMP0006,42,13,105874.0,0.64
ORD-000971,2024-03-27,2024-03-30,2024-04-05,2024,Q1,3,March,13,Wednesday,CUST-00256,Taylor Garcia,SMB,West,Germany,Direct Sales,PROD-00003,Beauty,Makeup,1329.02,7,0.25,9303.14,2325.78,6977.36,5093.47,1883.89,27.0,27.41,558.19,7535.55,Bank Transfer,Same Day,Cancelled,No,,4.2,EMP0005,Eva Martinez,Operations,EMP0006,44,29,52843.0,0.73
ORD-000972,2024-03-31,2024-04-03,2024-04-09,2024,Q1,3,March,13,Sunday,CUST-00266,Avery Smith,Consumer,Central,UK,Direct Sales,PROD-00124,Sports,Team Sports,1873.98,28,0.15,52471.44,7870.72,44600.72,22300.36,22300.36,50.0,68.74,3568.06,48168.78,Bank Transfer,Economy,Completed,No,,3.3,EMP0001,Alice Johnson,IT,EMP0002,59,12,101317.0,0.5
ORD-000973,2024-03-31,2024-04-01,2024-04-06,2024,Q1,3,March,13,Sunday,CUST-00199,Taylor Moore,Government,East,India,Partner,PROD-00170,Sports,Winter Sports,1466.48,43,0.0,63058.64,0.0,63058.64,25223.46,37835.18,60.0,79.02,5044.69,68103.33,PayPal,Express,Cancelled,No,,4.6,EMP0048,Victoria Reed,Logistics,EMP0001,29,15,130021.0,0.4
ORD-000974,2024-04-01,2024-04-03,2024-04-07,2024,Q2,4,April,14,Monday,CUST-00288,Avery Jones,Government,West,France,Direct Sales,PROD-00091,Books,Children,433.81,5,0.1,2169.05,216.91,1952.14,976.07,976.07,50.0,42.52,156.17,2108.31,Bank Transfer,Same Day,Completed,No,,4.8,EMP0003,Carol White,Sales,EMP0002,28,6,39890.0,0.5
ORD-000975,2024-04-02,2024-04-06,2024-04-12,2024,Q2,4,April,14,Tuesday,CUST-00061,Dakota Brown,Enterprise,Central,UK,Retail Store,PROD-00200,Clothing,Kids,67.21,5,0.1,336.05,33.61,302.44,145.17,157.27,52.0,50.89,24.2,326.64,Debit Card,Express,Pending,No,,1.3,EMP0044,Rose Stewart,Operations,EMP0005,23,26,83271.0,0.48
ORD-000976,2024-04-02,2024-04-03,2024-04-08,2024,Q2,4,April,14,Tuesday,CUST-00135,Taylor Williams,Non-Profit,Central,India,Retail Store,PROD-00117,Books,Children,528.22,30,0.0,15846.6,0.0,15846.6,9983.36,5863.24,37.0,17.61,1267.73,17114.33,Debit Card,Same Day,Pending,No,,2.6,EMP0044,Rose Stewart,Operations,EMP0005,51,34,88021.0,0.63
ORD-000977,2024-04-04,2024-04-06,2024-04-12,2024,Q2,4,April,14,Thursday,CUST-00397,Dakota Moore,SMB,West,Canada,Retail Store,PROD-00191,Electronics,Tablets,1192.18,32,0.05,38149.76,1907.49,36242.27,22470.21,13772.06,38.0,48.97,2899.38,39141.65,PayPal,Economy,Completed,No,,1.1,EMP0027,Aaron Hill,IT,EMP0007,34,14,125973.0,0.62
ORD-000978,2024-04-06,2024-04-11,2024-04-13,2024,Q2,4,April,14,Saturday,CUST-00134,Quinn Brown,Enterprise,South,Australia,Online,PROD-00206,Clothing,Formal,107.59,8,0.1,860.72,86.07,774.65,472.54,302.11,39.0,145.15,61.97,836.62,Credit Card,Economy,Completed,No,,2.3,EMP0034,Hannah Mitchell,HR,EMP0004,44,27,88810.0,0.61
ORD-000979,2024-04-07,2024-04-13,2024-04-16,2024,Q2,4,April,14,Sunday,CUST-00361,Morgan Miller,Consumer,South,UK,Online,PROD-00023,Books,Comics,995.25,10,0.0,9952.5,0.0,9952.5,4080.52,5871.98,59.0,141.98,796.2,10748.7,Debit Card,Economy,Completed,No,,3.1,EMP0031,Ethan Baker,Finance,EMP0003,50,34,100267.0,0.41
ORD-000980,2024-04-09,2024-04-11,2024-04-16,2024,Q2,4,April,15,Tuesday,CUST-00229,Quinn Moore,Enterprise,East,UK,Retail Store,PROD-00080,Furniture,Outdoor,1195.7,38,0.15,45436.6,6815.49,38621.11,25489.93,13131.18,34.0,53.56,3089.69,41710.8,Cash,Same Day,Completed,No,,4.6,EMP0025,Yara Wright,HR,EMP0004,59,6,125988.0,0.66
ORD-000981,2024-04-10,2024-04-17,2024-04-20,2024,Q2,4,April,15,Wednesday,CUST-00110,Morgan Davis,Non-Profit,East,Germany,Wholesale,PROD-00073,Clothing,Sportswear,671.82,47,0.1,31575.54,3157.55,28417.99,14493.17,13924.82,49.0,87.77,2273.44,30691.43,Cash,Economy,Pending,No,,4.4,EMP0005,Eva Martinez,Operations,EMP0006,58,19,99372.0,0.51
ORD-000982,2024-04-10,2024-04-11,2024-04-15,2024,Q2,4,April,15,Wednesday,CUST-00314,Morgan Moore,Enterprise,Central,Japan,Partner,PROD-00127,Automotive,Accessories,1542.97,32,0.25,49375.04,12343.76,37031.28,23329.71,13701.57,37.0,136.89,2962.5,39993.78,Credit Card,Same Day,Completed,No,,1.5,EMP0027,Aaron Hill,IT,EMP0007,41,31,76204.0,0.63
ORD-000983,2024-04-11,2024-04-14,2024-04-16,2024,Q2,4,April,15,Thursday,CUST-00147,Avery Brown,Non-Profit,East,UK,Direct Sales,PROD-00133,Sports,Outdoor,217.66,48,0.0,10447.68,0.0,10447.68,6164.13,4283.55,41.0,5.9,835.81,11283.49,Credit Card,Standard,Completed,No,,1.4,EMP0017,Quinn Rodriguez,Sales,EMP0006,54,31,44872.0,0.59
ORD-000984,2024-04-11,2024-04-18,2024-04-23,2024,Q2,4,April,15,Thursday,CUST-00356,Morgan Miller,Government,West,Australia,Partner,PROD-00217,Automotive,Parts,154.9,28,0.0,4337.2,0.0,4337.2,2255.34,2081.86,48.0,122.55,346.98,4684.18,PayPal,Express,Completed,No,,3.4,EMP0046,Tara Morris,Marketing,EMP0004,50,25,118940.0,0.52
ORD-000985,2024-04-12,2024-04-16,2024-04-20,2024,Q2,4,April,15,Friday,CUST-00252,Alex Jones,Enterprise,East,UK,Wholesale,PROD-00293,Electronics,Phones,1457.74,17,0.1,24781.58,2478.16,22303.42,10036.54,12266.88,55.0,142.51,1784.27,24087.69,PayPal,Standard,Returned,Yes,Not as Described,3.1,EMP0035,Ian Perez,Operations,EMP0005,36,19,135181.0,0.45
ORD-000986,2024-04-13,2024-04-19,2024-04-25,2024,Q2,4,April,15,Saturday,CUST-00103,Jordan Garcia,Consumer,North,France,Wholesale,PROD-00159,Food & Beverage,Snacks,993.51,31,0.0,30798.81,0.0,30798.81,13243.49,17555.32,57.0,18.24,2463.9,33262.71,Bank Transfer,Same Day,Processing,No,,2.1,EMP0008,Henry Davis,Marketing,EMP0001,44,17,146557.0,0.43
ORD-000987,2024-04-17,2024-04-22,2024-04-23,2024,Q2,4,April,16,Wednesday,CUST-00063,Avery Jones,Enterprise,Central,France,Partner,PROD-00105,Food & Beverage,Dairy,1378.36,8,0.1,11026.88,1102.69,9924.19,6847.69,3076.5,31.0,28.41,793.94,10718.13,Cash,Economy,Completed,No,,4.6,EMP0046,Tara Morris,Marketing,EMP0004,24,14,141559.0,0.69
ORD-000988,2024-04-17,2024-04-23,2024-04-27,2024,Q2,4,April,16,Wednesday,CUST-00070,Quinn Wilson,Consumer,North,India,Partner,PROD-00140,Furniture,Living Room,872.48,40,0.15,34899.2,5234.88,29664.32,21358.31,8306.01,28.0,144.31,2373.15,32037.47,Cash,Economy,Completed,No,,4.7,EMP0050,Xena Morgan,Sales,EMP0001,58,21,126703.0,0.72
ORD-000989,2024-04-18,2024-04-24,2024-04-27,2024,Q2,4,April,16,Thursday,CUST-00038,Casey Moore,Consumer,Central,Australia,Retail Store,PROD-00210,Beauty,Haircare,496.57,25,0.0,12414.25,0.0,12414.25,7820.98,4593.27,37.0,82.94,993.14,13407.39,Cash,Same Day,Completed,No,,2.6,EMP0039,Mike Campbell,Logistics,EMP0009,50,21,108999.0,0.63
ORD-000990,2024-04-19,2024-04-21,2024-04-23,2024,Q2,4,April,16,Friday,CUST-00232,Avery Brown,Consumer,Central,India,Retail Store,PROD-00006,Automotive,Accessories,1639.11,9,0.05,14751.99,737.6,14014.39,6166.33,7848.06,56.0,7.06,1121.15,15135.54,Credit Card,Express,Completed,No,,4.6,EMP0042,Patricia Edwards,IT,EMP0008,29,20,124868.0,0.44
ORD-000991,2024-04-20,2024-04-21,2024-04-23,2024,Q2,4,April,16,Saturday,CUST-00089,Avery Williams,SMB,West,Australia,Direct Sales,PROD-00213,Books,Children,1599.83,2,0.05,3199.66,159.98,3039.68,1641.43,1398.25,46.0,42.36,243.17,3282.85,Debit Card,Economy,Completed,No,,2.5,EMP0035,Ian Perez,Operations,EMP0005,43,1,84690.0,0.54
ORD-000992,2024-04-20,2024-04-21,2024-04-25,2024,Q2,4,April,16,Saturday,CUST-00366,Dakota Moore,SMB,South,Canada,Wholesale,PROD-00212,Food & Beverage,Beverages,1390.92,15,0.0,20863.8,0.0,20863.8,13770.11,7093.69,34.0,70.24,1669.1,22532.9,Cash,Standard,Completed,No,,3.9,EMP0046,Tara Morris,Marketing,EMP0004,50,17,103399.0,0.66
ORD-000993,2024-04-22,2024-04-28,2024-05-04,2024,Q2,4,April,17,Monday,CUST-00228,Casey Miller,Consumer,East,UK,Partner,PROD-00194,Beauty,Skincare,547.93,50,0.2,27396.5,5479.3,21917.2,14684.52,7232.68,33.0,105.47,1753.38,23670.58,PayPal,Express,Completed,No,,2.9,EMP0002,Bob Smith,Sales,EMP0007,23,22,75100.0,0.67
ORD-000994,2024-04-22,2024-04-26,2024-04-27,2024,Q2,4,April,17,Monday,CUST-00045,Quinn Johnson,Enterprise,North,Canada,Wholesale,PROD-00143,Food & Beverage,Beverages,1182.51,3,0.15,3547.53,532.13,3015.4,1326.78,1688.62,56.0,111.31,241.23,3256.63,Credit Card,Economy,Completed,No,,1.5,EMP0029,Chris Green,IT,EMP0008,22,12,72572.0,0.44
ORD-000995,2024-04-23,2024-04-24,2024-04-27,2024,Q2,4,April,17,Tuesday,CUST-00350,Quinn Garcia,Enterprise,East,Australia,Wholesale,PROD-00098,Clothing,Sportswear,725.14,49,0.1,35531.86,3553.19,31978.67,12791.47,19187.2,60.0,149.34,2558.29,34536.96,Debit Card,Same Day,Completed,No,,4.7,EMP0031,Ethan Baker,Finance,EMP0003,41,8,122020.0,0.4
ORD-000996,2024-04-27,2024-05-03,2024-05-07,2024,Q2,4,April,17,Saturday,CUST-00164,Alex Miller,Government,Central,Germany,Wholesale,PROD-00250,Books,Comics,187.71,36,0.1,6757.56,675.76,6081.8,3953.17,2128.63,35.0,46.69,486.54,6568.34,Cash,Standard,Completed,No,,2.8,EMP0047,Umar Rogers,Marketing,EMP0006,42,6,87202.0,0.65
ORD-000997,2024-04-27,2024-04-28,2024-05-02,2024,Q2,4,April,17,Saturday,CUST-00342,Morgan Johnson,SMB,North,Japan,Online,PROD-00130,Beauty,Skincare,1835.04,4,0.05,7340.16,367.01,6973.15,3626.04,3347.11,48.0,83.04,557.85,7531.0,Credit Card,Same Day,Completed,No,,3.9,EMP0004,David Brown,IT,EMP0006,58,0,59399.0,0.52
ORD-000998,2024-04-28,2024-05-02,2024-05-04,2024,Q2,4,April,17,Sunday,CUST-00178,Morgan Brown,Government,North,India,Partner,PROD-00006,Food & Beverage,Beverages,277.95,14,0.2,3891.3,778.26,3113.04,1525.39,1587.65,51.0,82.33,249.04,3362.08,Cash,Economy,Returned,Yes,,2.5,EMP0019,Sam Walker,Sales,EMP0004,29,1,58223.0,0.49
ORD-000999,2024-05-01,2024-05-06,2024-05-09,2024,Q2,5,May,18,Wednesday,CUST-00364,Jordan Garcia,Enterprise,Central,Germany,Partner,PROD-00203,Beauty,Fragrance,1900.72,41,0.1,77929.52,7792.95,70136.57,28054.63,42081.94,60.0,63.82,5610.93,75747.5,Credit Card,Express,Completed,No,,1.1,EMP0026,Zoe Lopez,Marketing,EMP0002,48,3,133805.0,0.4
ORD-001000,2024-05-02,2024-05-09,2024-05-10,2024,Q2,5,May,18,Thursday,CUST-00034,Jamie Johnson,Enterprise,East,USA,Retail Store,PROD-00022,Electronics,Accessories,894.78,41,0.1,36685.98,3668.6,33017.38,19480.25,13537.13,41.0,29.53,2641.39,35658.77,Cash,Economy,Completed,No,,1.4,EMP0047,Umar Rogers,Marketing,EMP0006,56,13,112942.0,0.59
ORD-001001,2024-05-03,2024-05-09,2024-05-11,2024,Q2,5,May,18,Friday,CUST-00282,Casey Smith,SMB,North,Japan,Online,PROD-00230,Electronics,Laptops,374.34,25,0.2,9358.5,1871.7,7486.8,5240.76,2246.04,30.0,146.73,598.94,8085.74,Cash,Economy,Completed,No,,3.0,EMP0050,Xena Morgan,Sales,EMP0001,27,31,97795.0,0.7
ORD-001002,2024-05-03,2024-05-06,2024-05-10,2024,Q2,5,May,18,Friday,CUST-00278,Avery Wilson,Non-Profit,East,France,Retail Store,PROD-00066,Books,Fiction,1086.09,50,0.0,54304.5,0.0,54304.5,40185.33,14119.17,26.0,128.73,4344.36,58648.86,Debit Card,Economy,Returned,Yes,Wrong Item,3.8,EMP0003,Carol White,Sales,EMP0002,40,1,81108.0,0.74
ORD-001003,2024-05-04,2024-05-07,2024-05-09,2024,Q2,5,May,18,Saturday,CUST-00149,Morgan Williams,Consumer,North,UK,Partner,PROD-00115,Sports,Team Sports,1746.53,10,0.15,17465.3,2619.79,14845.51,8907.31,5938.2,40.0,77.26,1187.64,16033.15,Debit Card,Express,Processing,No,,2.3,EMP0024,Xander King,Sales,EMP0002,39,13,84544.0,0.6
ORD-001004,2024-05-05,2024-05-11,2024-05-13,2024,Q2,5,May,18,Sunday,CUST-00154,Avery Davis,Non-Profit,South,France,Partner,PROD-00037,Furniture,Kitchen,1465.79,21,0.0,30781.59,0.0,30781.59,17853.32,12928.27,42.0,92.47,2462.53,33244.12,PayPal,Standard,Completed,No,,3.8,EMP0026,Zoe Lopez,Marketing,EMP0002,22,19,41605.0,0.58
ORD-001005,2024-05-05,2024-05-07,2024-05-12,2024,Q2,5,May,18,Sunday,CUST-00081,Quinn Moore,Government,West,India,Online,PROD-00059,Food & Beverage,Snacks,1614.09,36,0.0,58107.24,0.0,58107.24,24986.11,33121.13,57.0,37.95,4648.58,62755.82,Credit Card,Same Day,Completed,No,,3.8,EMP0046,Tara Morris,Marketing,EMP0004,46,24,87315.0,0.43
ORD-001006,2024-05-05,2024-05-10,2024-05-12,2024,Q2,5,May,18,Sunday,CUST-00365,Casey Brown,Enterprise,Central,Japan,Direct Sales,PROD-00060,Food & Beverage,Beverages,1319.27,12,0.0,15831.24,0.0,15831.24,9340.43,6490.81,41.0,83.85,1266.5,17097.74,Debit Card,Same Day,Completed,No,,3.8,EMP0033,George Carter,Finance,EMP0006,48,7,126477.0,0.59
ORD-001007,2024-05-06,2024-05-08,2024-05-14,2024,Q2,5,May,19,Monday,CUST-00364,Jordan Garcia,Non-Profit,West,Australia,Wholesale,PROD-00082,Books,Children,1386.09,27,0.25,37424.43,9356.11,28068.32,14876.21,13192.11,47.0,105.77,2245.47,30313.79,Credit Card,Express,Completed,No,,3.0,EMP0041,Oscar Evans,Marketing,EMP0003,28,27,79618.0,0.53
ORD-001008,2024-05-06,2024-05-13,2024-05-15,2024,Q2,5,May,19,Monday,CUST-00359,Casey Davis,Consumer,East,Germany,Retail Store,PROD-00251,Clothing,Kids,1699.15,40,0.2,67966.0,13593.2,54372.8,33167.41,21205.39,39.0,79.7,4349.82,58722.62,PayPal,Economy,Completed,No,,4.7,EMP0042,Patricia Edwards,IT,EMP0008,50,20,79112.0,0.61
ORD-001009,2024-05-07,2024-05-10,2024-05-16,2024,Q2,5,May,19,Tuesday,CUST-00327,Dakota Brown,Non-Profit,West,Canada,Retail Store,PROD-00035,Food & Beverage,Snacks,503.09,2,0.1,1006.18,100.62,905.56,489.0,416.56,46.0,148.59,72.44,978.0,Debit Card,Standard,Completed,No,,3.0,EMP0029,Chris Green,IT,EMP0008,52,22,36807.0,0.54
ORD-001010,2024-05-09,2024-05-13,2024-05-16,2024,Q2,5,May,19,Thursday,CUST-00090,Riley Davis,Consumer,West,France,Retail Store,PROD-00094,Automotive,Accessories,981.4,13,0.1,12758.2,1275.82,11482.38,5511.54,5970.84,52.0,93.64,918.59,12400.97,Debit Card,Same Day,Completed,No,,2.8,EMP0028,Beth Scott,IT,EMP0005,57,31,87651.0,0.48
ORD-001011,2024-05-11,2024-05-17,2024-05-19,2024,Q2,5,May,19,Saturday,CUST-00186,Taylor Johnson,Non-Profit,West,Japan,Online,PROD-00275,Automotive,Tools,446.31,32,0.1,14281.92,1428.19,12853.73,5527.1,7326.63,57.0,58.79,1028.3,13882.03,Credit Card,Same Day,Completed,No,,1.8,EMP0008,Henry Davis,Marketing,EMP0001,40,7,37914.0,0.43
ORD-001012,2024-05-12,2024-05-19,2024-05-20,2024,Q2,5,May,19,Sunday,CUST-00261,Dakota Davis,Consumer,West,France,Wholesale,PROD-00168,Automotive,Electronics,1975.4,31,0.2,61237.4,12247.48,48989.92,24984.86,24005.06,49.0,,3919.19,52909.11,Debit Card,Same Day,Completed,No,,2.2,EMP0007,Grace Kim,Marketing,EMP0005,27,30,100590.0,0.51
ORD-001013,2024-05-14,2024-05-15,2024-05-21,2024,Q2,5,May,20,Tuesday,CUST-00115,Quinn Miller,Non-Profit,Central,Germany,Retail Store,PROD-00086,Automotive,Accessories,1888.4,16,0.05,30214.4,1510.72,28703.68,12342.58,16361.1,57.0,29.72,2296.29,30999.97,PayPal,Economy,Completed,No,,1.2,EMP0010,Jack Taylor,Sales,EMP0009,46,15,93280.0,0.43
ORD-001014,2024-05-20,2024-05-23,2024-05-29,2024,Q2,5,May,21,Monday,CUST-00063,Avery Jones,Enterprise,South,USA,Direct Sales,PROD-00132,Books,Non-Fiction,83.66,32,0.0,2677.12,0.0,2677.12,1231.48,1445.64,54.0,60.75,214.17,2891.29,PayPal,Economy,Completed,No,,3.5,EMP0017,Quinn Rodriguez,Sales,EMP0006,52,26,131601.0,0.46
ORD-001015,2024-05-21,2024-05-26,2024-05-30,2024,Q2,5,May,21,Tuesday,CUST-00103,Jordan Garcia,Enterprise,South,USA,Direct Sales,PROD-00204,Automotive,Care Products,1412.62,32,0.0,45203.84,0.0,45203.84,33902.88,11300.96,25.0,55.31,3616.31,48820.15,Bank Transfer,Economy,Completed,No,,2.0,EMP0049,William Cook,Operations,EMP0004,30,17,101905.0,0.75
ORD-001016,2024-05-23,2024-05-26,2024-05-29,2024,Q2,5,May,21,Thursday,CUST-00072,Jamie Williams,SMB,West,USA,Partner,PROD-00146,Electronics,Phones,1850.87,34,0.15,62929.58,9439.44,53490.14,29954.48,23535.66,44.0,67.61,4279.21,57769.35,Debit Card,Economy,Completed,No,,2.2,EMP0038,Laura Phillips,Sales,EMP0003,41,34,72194.0,0.56
ORD-001017,2024-05-25,2024-05-30,2024-06-01,2024,Q2,5,May,21,Saturday,CUST-00122,Casey Miller,Consumer,South,Australia,Wholesale,PROD-00275,Electronics,Laptops,365.25,11,0.1,4017.75,401.78,3615.97,2133.42,1482.55,41.0,118.36,289.28,3905.25,Credit Card,Economy,Pending,No,,4.1,EMP0049,William Cook,Operations,EMP0004,31,14,94367.0,0.59
ORD-001018,2024-05-26,2024-05-31,2024-06-01,2024,Q2,5,May,21,Sunday,CUST-00253,Avery Moore,Government,South,Germany,Partner,PROD-00147,Furniture,Living Room,1138.05,10,0.0,11380.5,0.0,11380.5,8080.16,3300.34,29.0,75.21,910.44,12290.94,PayPal,Same Day,Completed,No,,2.3,EMP0008,Henry Davis,Marketing,EMP0001,58,26,115466.0,0.71
ORD-001019,2024-05-26,2024-06-01,2024-06-05,2024,Q2,5,May,21,Sunday,CUST-00014,Jamie Garcia,SMB,Central,India,Partner,PROD-00146,Beauty,Makeup,1831.4,15,0.0,27471.0,0.0,27471.0,20603.25,6867.75,25.0,120.13,2197.68,29668.68,Cash,Standard,Completed,No,,2.0,EMP0047,Umar Rogers,Marketing,EMP0006,48,16,45806.0,0.75
ORD-001020,2024-05-26,2024-05-31,2024-06-03,2024,Q2,5,May,21,Sunday,CUST-00185,Morgan Jones,Consumer,West,Germany,Wholesale,PROD-00292,Electronics,Tablets,72.72,17,0.15,1236.24,185.44,1050.8,630.48,420.32,40.0,88.59,84.06,1134.86,PayPal,Same Day,Pending,No,,1.7,EMP0011,Karen Anderson,IT,EMP0002,34,1,106424.0,0.6
ORD-001021,2024-05-27,2024-05-29,2024-06-04,2024,Q2,5,May,22,Monday,CUST-00284,Morgan Johnson,Non-Profit,East,France,Partner,PROD-00134,Beauty,Fragrance,1396.35,40,0.0,55854.0,0.0,55854.0,37980.72,17873.28,32.0,54.6,4468.32,60322.32,Bank Transfer,Economy,Completed,No,,4.1,EMP0024,Xander King,Sales,EMP0002,23,30,140412.0,0.68
ORD-001022,2024-05-27,2024-06-03,2024-06-04,2024,Q2,5,May,22,Monday,CUST-00294,Casey Johnson,Non-Profit,West,UK,Wholesale,PROD-00056,Furniture,Outdoor,598.21,18,0.1,10767.78,1076.78,9691.0,4942.41,4748.59,49.0,122.45,775.28,10466.28,Bank Transfer,Express,Completed,No,,1.5,EMP0027,Aaron Hill,IT,EMP0007,42,33,69400.0,0.51
ORD-001023,2024-05-28,2024-06-01,2024-06-03,2024,Q2,5,May,22,Tuesday,CUST-00189,Taylor Brown,Non-Profit,South,Australia,Direct Sales,PROD-00062,Electronics,Accessories,1849.17,9,0.25,16642.53,4160.63,12481.9,6365.77,6116.13,49.0,39.55,998.55,13480.45,Bank Transfer,Same Day,Completed,No,,2.8,EMP0043,Quincy Collins,Finance,EMP0007,54,33,107062.0,0.51
ORD-001024,2024-05-31,2024-06-03,2024-06-08,2024,Q2,5,May,22,Friday,CUST-00240,Avery Garcia,Government,East,Japan,Wholesale,PROD-00203,Electronics,Tablets,1942.26,25,0.05,48556.5,2427.83,46128.67,24909.48,21219.19,46.0,37.54,3690.29,49818.96,Cash,Standard,Pending,No,,3.0,EMP0022,Victor Young,HR,EMP0004,45,2,129453.0,0.54
ORD-001025,2024-06-01,2024-06-05,2024-06-10,2024,Q2,6,June,22,Saturday,CUST-00283,Avery Miller,Government,South,India,Retail Store,PROD-00104,Furniture,Kitchen,1888.81,40,0.0,75552.4,0.0,75552.4,48353.54,27198.86,36.0,78.15,6044.19,81596.59,Bank Transfer,Same Day,Pending,No,,3.7,EMP0010,Jack Taylor,Sales,EMP0009,55,16,93858.0,0.64
ORD-001026,2024-06-02,2024-06-09,2024-06-12,2024,Q2,6,June,22,Sunday,CUST-00067,Dakota Garcia,Non-Profit,South,USA,Online,PROD-00045,Furniture,Outdoor,951.06,14,0.1,13314.84,1331.48,11983.36,7669.35,4314.01,36.0,42.82,958.67,12942.03,Debit Card,Economy,Completed,No,,3.5,EMP0016,Paul Garcia,Finance,EMP0010,30,13,117568.0,0.64
ORD-001027,2024-06-02,2024-06-03,2024-06-04,2024,Q2,6,June,22,Sunday,CUST-00314,Morgan Moore,SMB,North,India,Direct Sales,PROD-00285,Beauty,Haircare,1724.78,25,0.15,43119.5,6467.92,36651.58,18692.31,17959.27,49.0,6.32,2932.13,39583.71,PayPal,Economy,Completed,No,,4.2,EMP0031,Ethan Baker,Finance,EMP0003,23,13,70766.0,0.51
ORD-001028,2024-06-03,2024-06-10,2024-06-14,2024,Q2,6,June,23,Monday,CUST-00045,Quinn Johnson,Consumer,North,Germany,Online,PROD-00255,Sports,Winter Sports,1689.88,50,0.05,84494.0,4224.7,80269.3,36121.19,44148.11,55.0,99.0,6421.54,86690.84,Debit Card,Express,Completed,No,,1.2,EMP0014,Nathan Harris,Sales,EMP0009,51,34,70197.0,0.45
ORD-001029,2024-06-05,2024-06-08,2024-06-09,2024,Q2,6,June,23,Wednesday,CUST-00034,Jamie Johnson,Enterprise,North,Germany,Direct Sales,PROD-00103,Food & Beverage,Snacks,641.61,22,0.25,14115.42,3528.86,10586.56,6563.67,4022.89,38.0,79.11,846.92,11433.48,Debit Card,Express,Completed,No,,2.2,EMP0017,Quinn Rodriguez,Sales,EMP0006,43,0,111772.0,0.62
ORD-001030,2024-06-06,2024-06-10,2024-06-16,2024,Q2,6,June,23,Thursday,CUST-00159,Avery Davis,Non-Profit,South,UK,Retail Store,PROD-00066,Clothing,Formal,1658.69,30,0.0,49760.7,0.0,49760.7,21894.71,27865.99,56.0,69.6,3980.86,53741.56,PayPal,Express,Completed,No,,2.1,EMP0007,Grace Kim,Marketing,EMP0005,32,28,116122.0,0.44
ORD-001031,2024-06-08,2024-06-12,2024-06-17,2024,Q2,6,June,23,Saturday,CUST-00204,Taylor Miller,SMB,West,Australia,Online,PROD-00266,Automotive,Care Products,78.83,20,0.05,1576.6,78.83,1497.77,898.66,599.11,40.0,145.21,119.82,1617.59,Bank Transfer,Standard,Completed,No,,,EMP0022,Victor Young,HR,EMP0004,38,3,142756.0,0.6
ORD-001032,2024-06-14,2024-06-20,2024-06-23,2024,Q2,6,June,24,Friday,CUST-00368,Dakota Johnson,SMB,West,Germany,Retail Store,PROD-00019,Sports,Water Sports,1194.56,21,0.1,25085.76,2508.58,22577.18,14449.4,8127.78,36.0,87.82,1806.17,24383.35,Credit Card,Same Day,Completed,No,,2.2,EMP0042,Patricia Edwards,IT,EMP0008,57,32,60856.0,0.64
ORD-001033,2024-06-15,2024-06-21,2024-06-23,2024,Q2,6,June,24,Saturday,CUST-00369,Morgan Jones,SMB,South,Australia,Retail Store,PROD-00241,Food & Beverage,Frozen,463.87,44,0.2,20410.28,4082.06,16328.22,10613.34,5714.88,35.0,130.2,1306.26,17634.48,Cash,Express,Returned,Yes,,2.2,EMP0045,Steve Sanchez,Operations,EMP0009,34,16,88845.0,0.65
ORD-001034,2024-06-18,2024-06-25,2024-06-26,2024,Q2,6,June,25,Tuesday,CUST-00246,Dakota Johnson,Government,North,Canada,Direct Sales,PROD-00246,Clothing,Sportswear,245.53,32,0.0,7856.96,0.0,7856.96,5185.59,2671.37,34.0,25.22,628.56,8485.52,Cash,Standard,Completed,No,,3.1,EMP0005,Eva Martinez,Operations,EMP0006,28,27,63809.0,0.66
ORD-001035,2024-06-20,2024-06-27,2024-07-02,2024,Q2,6,June,25,Thursday,CUST-00270,Morgan Brown,Non-Profit,South,Japan,Partner,PROD-00056,Electronics,Accessories,158.52,46,0.15,7291.92,1093.79,6198.13,4400.67,1797.46,29.0,87.53,495.85,6693.98,PayPal,Standard,Completed,No,,3.7,EMP0030,Diana Adams,HR,EMP0006,37,25,44211.0,0.71
ORD-001036,2024-06-22,2024-06-23,2024-06-27,2024,Q2,6,June,25,Saturday,CUST-00211,Avery Garcia,Consumer,West,France,Retail Store,PROD-00058,Sports,Winter Sports,1394.1,49,0.1,68310.9,6831.09,61479.81,35043.49,26436.32,43.0,130.86,4918.38,66398.19,Debit Card,Economy,Completed,No,,2.5,EMP0046,Tara Morris,Marketing,EMP0004,54,7,81372.0,0.57
ORD-001037,2024-06-22,2024-06-27,2024-06-30,2024,Q2,6,June,25,Saturday,CUST-00394,Morgan Miller,Enterprise,West,India,Retail Store,PROD-00118,Sports,Team Sports,683.05,21,0.0,14344.05,0.0,14344.05,9467.07,4876.98,34.0,89.55,1147.52,15491.57,Debit Card,Standard,Cancelled,No,,3.9,EMP0032,Fiona Nelson,Marketing,EMP0006,22,33,78019.0,0.66
ORD-001038,2024-06-23,2024-06-26,2024-06-28,2024,Q2,6,June,25,Sunday,CUST-00210,Jamie Miller,Consumer,Central,USA,Direct Sales,PROD-00020,Books,Education,1450.91,35,0.0,50781.85,0.0,50781.85,31484.75,19297.1,38.0,109.11,4062.55,54844.4,Bank Transfer,Same Day,Completed,No,,,EMP0049,William Cook,Operations,EMP0004,32,17,66100.0,0.62
ORD-001039,2024-06-25,2024-07-01,2024-07-02,2024,Q2,6,June,26,Tuesday,CUST-00295,Alex Johnson,SMB,West,Germany,Wholesale,PROD-00199,Beauty,Fragrance,135.39,32,0.2,4332.48,866.5,3465.98,1629.01,1836.97,53.0,58.95,277.28,3743.26,Bank Transfer,Same Day,Completed,No,,2.2,EMP0016,Paul Garcia,Finance,EMP0010,27,30,69154.0,0.47
ORD-001040,2024-06-25,2024-06-28,2024-07-02,2024,Q2,6,June,26,Tuesday,CUST-00038,Casey Moore,Non-Profit,Central,UK,Direct Sales,PROD-00095,Automotive,Care Products,634.0,30,0.0,19020.0,0.0,19020.0,7798.2,11221.8,59.0,18.41,1521.6,20541.6,Bank Transfer,Standard,Completed,No,,3.2,EMP0049,William Cook,Operations,EMP0004,41,26,76447.0,0.41
ORD-001041,2024-06-26,2024-06-27,2024-06-29,2024,Q2,6,June,26,Wednesday,CUST-00065,Casey Brown,Government,South,Japan,Retail Store,PROD-00043,Food & Beverage,Snacks,1081.29,39,0.0,42170.31,0.0,42170.31,21085.16,21085.15,50.0,71.4,3373.62,45543.93,Bank Transfer,Standard,Completed,No,,1.1,EMP0017,Quinn Rodriguez,Sales,EMP0006,56,15,148716.0,0.5
ORD-001042,2024-06-26,2024-07-02,2024-07-08,2024,Q2,6,June,26,Wednesday,CUST-00163,Quinn Johnson,Government,West,Japan,Direct Sales,PROD-00035,Beauty,Skincare,1582.49,49,0.0,77542.01,0.0,77542.01,43423.53,34118.48,44.0,62.2,6203.36,83745.37,Cash,Express,Pending,No,,1.3,EMP0022,Victor Young,HR,EMP0004,58,9,125040.0,0.56
ORD-001043,2024-06-28,2024-07-04,2024-07-09,2024,Q2,6,June,26,Friday,CUST-00329,Riley Miller,SMB,Central,India,Retail Store,PROD-00124,Books,Children,640.91,12,0.2,7690.92,1538.18,6152.74,3814.7,2338.04,38.0,130.72,492.22,6644.96,PayPal,Same Day,Completed,No,,2.7,EMP0019,Sam Walker,Sales,EMP0004,47,11,43211.0,0.62
ORD-001044,2024-06-29,2024-07-04,2024-07-10,2024,Q2,6,June,26,Saturday,CUST-00038,Casey Moore,Government,West,France,Online,PROD-00224,Beauty,Makeup,1253.65,41,0.1,51399.65,5139.96,46259.69,32381.78,13877.91,30.0,40.38,3700.78,49960.47,PayPal,Express,Completed,No,,4.8,EMP0045,Steve Sanchez,Operations,EMP0009,33,21,135328.0,0.7
ORD-001045,2024-06-30,2024-07-03,2024-07-08,2024,Q2,6,June,26,Sunday,CUST-00231,Taylor Moore,Consumer,Central,India,Wholesale,PROD-00190,Furniture,Office,1772.53,47,0.15,83308.91,12496.34,70812.57,33281.91,37530.66,53.0,145.18,5665.01,76477.58,Cash,Express,Completed,No,,,EMP0029,Chris Green,IT,EMP0008,51,15,107830.0,0.47
ORD-001046,2024-06-30,2024-07-03,2024-07-07,2024,Q2,6,June,26,Sunday,CUST-00239,Riley Brown,Government,West,UK,Online,PROD-00225,Food & Beverage,Bakery,1233.65,18,0.0,22205.7,0.0,22205.7,9770.51,12435.19,56.0,143.93,1776.46,23982.16,Credit Card,Economy,Completed,No,,1.4,EMP0022,Victor Young,HR,EMP0004,49,11,137418.0,0.44
ORD-001047,2024-07-04,2024-07-07,2024-07-13,2024,Q3,7,July,27,Thursday,CUST-00349,Jordan Moore,Non-Profit,West,Canada,Online,PROD-00074,Automotive,Tools,469.75,21,0.1,9864.75,986.48,8878.27,6569.92,2308.35,26.0,40.91,710.26,9588.53,Cash,Express,Returned,Yes,Wrong Item,4.4,EMP0029,Chris Green,IT,EMP0008,48,10,74297.0,0.74
ORD-001048,2024-07-04,2024-07-09,2024-07-14,2024,Q3,7,July,27,Thursday,CUST-00265,Dakota Williams,Consumer,East,Germany,Wholesale,PROD-00227,Electronics,Phones,53.68,13,0.1,697.84,69.78,628.06,276.35,351.71,56.0,,50.24,678.3,Bank Transfer,Same Day,Completed,No,,3.9,EMP0045,Steve Sanchez,Operations,EMP0009,40,19,88420.0,0.44
ORD-001049,2024-07-04,2024-07-10,2024-07-13,2024,Q3,7,July,27,Thursday,CUST-00177,Riley Wilson,Consumer,South,UK,Online,PROD-00022,Furniture,Office,1740.85,21,0.15,36557.85,5483.68,31074.17,17712.28,13361.89,43.0,134.86,2485.93,33560.1,Bank Transfer,Express,Completed,No,,3.4,EMP0017,Quinn Rodriguez,Sales,EMP0006,26,0,138066.0,0.57
ORD-001050,2024-07-05,2024-07-06,2024-07-10,2024,Q3,7,July,27,Friday,CUST-00066,Dakota Garcia,Government,South,France,Partner,PROD-00258,Furniture,Living Room,47.43,8,0.2,379.44,75.89,303.55,182.13,121.42,40.0,145.16,24.28,327.83,Debit Card,Same Day,Completed,No,,4.3,EMP0037,Kevin Turner,Logistics,EMP0010,26,26,66346.0,0.6
ORD-001051,2024-07-07,2024-07-10,2024-07-15,2024,Q3,7,July,27,Sunday,CUST-00400,Avery Smith,Non-Profit,West,India,Online,PROD-00097,Food & Beverage,Beverages,1750.03,46,0.0,80501.38,0.0,80501.38,47495.81,33005.57,41.0,69.3,6440.11,86941.49,Cash,Same Day,Completed,No,,2.6,EMP0018,Rachel Lewis,Sales,EMP0010,48,2,140283.0,0.59
ORD-001052,2024-07-07,2024-07-11,2024-07-12,2024,Q3,7,July,27,Sunday,CUST-00283,Avery Miller,SMB,Central,France,Retail Store,PROD-00108,Furniture,Kitchen,1060.23,40,0.1,42409.2,4240.92,38168.28,16412.36,21755.92,57.0,51.54,3053.46,41221.74,PayPal,Economy,Pending,No,,1.9,EMP0039,Mike Campbell,Logistics,EMP0009,49,11,130277.0,0.43
ORD-001053,2024-07-08,2024-07-13,2024-07-18,2024,Q3,7,July,28,Monday,CUST-00328,Jamie Wilson,Consumer,North,Japan,Wholesale,PROD-00163,Electronics,Phones,1878.44,46,0.0,86408.24,0.0,86408.24,36291.46,50116.78,58.0,81.28,6912.66,93320.9,PayPal,Express,Completed,No,,3.0,EMP0003,Carol White,Sales,EMP0002,47,29,147764.0,0.42
ORD-001054,2024-07-09,2024-07-11,2024-07-17,2024,Q3,7,July,28,Tuesday,CUST-00301,Riley Garcia,Enterprise,Central,USA,Direct Sales,PROD-00023,Food & Beverage,Dairy,1598.57,7,0.05,11189.99,559.5,10630.49,4677.42,5953.07,56.0,104.73,850.44,11480.93,Credit Card,Express,Cancelled,No,,3.2,EMP0049,William Cook,Operations,EMP0004,48,8,72290.0,0.44
ORD-001055,2024-07-13,2024-07-14,2024-07-17,2024,Q3,7,July,28,Saturday,CUST-00094,Jordan Moore,Consumer,West,USA,Retail Store,PROD-00292,Clothing,Kids,1995.88,23,0.0,45905.24,0.0,45905.24,27543.14,18362.1,40.0,44.65,3672.42,49577.66,Bank Transfer,Standard,Returned,Yes,Not as Described,3.2,EMP0009,Iris Wilson,IT,EMP0008,42,0,62112.0,0.6
ORD-001056,2024-07-13,2024-07-17,2024-07-19,2024,Q3,7,July,28,Saturday,CUST-00394,Morgan Miller,Government,South,Canada,Partner,PROD-00008,Beauty,Fragrance,704.67,44,0.0,31005.48,0.0,31005.48,18293.23,12712.25,41.0,111.79,2480.44,33485.92,Debit Card,Standard,Completed,No,,3.3,EMP0010,Jack Taylor,Sales,EMP0009,22,3,73050.0,0.59
ORD-001057,2024-07-14,2024-07-17,2024-07-19,2024,Q3,7,July,28,Sunday,CUST-00067,Dakota Garcia,Consumer,Central,Japan,Wholesale,PROD-00079,Electronics,Accessories,1535.54,32,0.0,49137.28,0.0,49137.28,23585.89,25551.39,52.0,12.49,3930.98,53068.26,Credit Card,Standard,Completed,No,,4.8,EMP0034,Hannah Mitchell,HR,EMP0004,49,14,144785.0,0.48
ORD-001058,2024-07-16,2024-07-18,2024-07-23,2024,Q3,7,July,29,Tuesday,CUST-00222,Riley Brown,Enterprise,East,Canada,Online,PROD-00175,Automotive,Parts,806.85,11,0.1,8875.35,887.54,7987.81,4952.44,3035.37,38.0,12.15,639.02,8626.83,Cash,Standard,Completed,No,,,EMP0019,Sam Walker,Sales,EMP0004,36,26,73303.0,0.62
ORD-001059,2024-07-16,2024-07-17,2024-07-19,2024,Q3,7,July,29,Tuesday,CUST-00258,Quinn Brown,Enterprise,West,USA,Online,PROD-00129,Sports,Water Sports,962.35,22,0.0,21171.7,0.0,21171.7,14608.47,6563.23,31.0,61.01,1693.74,22865.44,PayPal,Economy,Completed,No,,4.5,EMP0002,Bob Smith,Sales,EMP0007,38,7,99999.0,0.69
ORD-001060,2024-07-20,2024-07-25,2024-07-30,2024,Q3,7,July,29,Saturday,CUST-00029,Jamie Wilson,Enterprise,Central,India,Retail Store,PROD-00090,Electronics,Cameras,1256.87,22,0.1,27651.14,2765.11,24886.03,10203.27,14682.76,59.0,56.25,1990.88,26876.91,Cash,Economy,Completed,No,,4.2,EMP0015,Olivia Martin,HR,EMP0005,47,22,81423.0,0.41
ORD-001061,2024-07-21,2024-07-23,2024-07-26,2024,Q3,7,July,29,Sunday,CUST-00064,Taylor Jones,SMB,Central,Australia,Retail Store,PROD-00180,Electronics,Tablets,1747.99,43,0.05,75163.57,3758.18,71405.39,40701.07,30704.32,43.0,50.77,5712.43,77117.82,Bank Transfer,Standard,Completed,No,,4.8,EMP0024,Xander King,Sales,EMP0002,41,14,80565.0,0.57
ORD-001062,2024-07-22,2024-07-28,2024-07-30,2024,Q3,7,July,30,Monday,CUST-00266,Avery Smith,Enterprise,East,Germany,Wholesale,PROD-00237,Clothing,Men,1968.25,25,0.0,49206.25,0.0,49206.25,31492.0,17714.25,36.0,76.2,3936.5,53142.75,PayPal,Express,Completed,No,,1.4,EMP0037,Kevin Turner,Logistics,EMP0010,46,26,57239.0,0.64
ORD-001063,2024-07-23,2024-07-30,2024-08-05,2024,Q3,7,July,30,Tuesday,CUST-00079,Avery Jones,SMB,North,France,Retail Store,PROD-00103,Electronics,Cameras,1537.71,22,0.15,33829.62,5074.44,28755.18,14090.04,14665.14,51.0,51.51,2300.41,31055.59,Cash,Same Day,Completed,No,,2.1,EMP0024,Xander King,Sales,EMP0002,34,30,96764.0,0.49
ORD-001064,2024-07-24,2024-07-26,2024-08-01,2024,Q3,7,July,30,Wednesday,CUST-00156,Morgan Wilson,Non-Profit,North,UK,Retail Store,PROD-00029,Electronics,Tablets,838.44,28,0.0,23476.32,0.0,23476.32,11972.92,11503.4,49.0,32.88,1878.11,25354.43,Cash,Same Day,Completed,No,,3.0,EMP0046,Tara Morris,Marketing,EMP0004,54,7,132681.0,0.51
ORD-001065,2024-07-25,2024-08-01,2024-08-02,2024,Q3,7,July,30,Thursday,CUST-00085,Alex Johnson,Enterprise,Central,UK,Wholesale,PROD-00201,Clothing,Formal,845.61,29,0.05,24522.69,1226.13,23296.56,14210.9,9085.66,39.0,49.87,1863.72,25160.28,PayPal,Standard,Completed,No,,,EMP0019,Sam Walker,Sales,EMP0004,46,29,40691.0,0.61
ORD-001066,2024-07-28,2024-08-01,2024-08-06,2024,Q3,7,July,30,Sunday,CUST-00083,Alex Wilson,Enterprise,West,Canada,Retail Store,PROD-00195,Automotive,Accessories,1476.48,13,0.1,19194.24,1919.42,17274.82,12265.12,5009.7,29.0,146.36,1381.99,18656.81,Bank Transfer,Express,Completed,No,,3.0,EMP0020,Tina Hall,Marketing,EMP0002,29,17,137261.0,0.71
ORD-001067,2024-07-29,2024-07-30,2024-08-01,2024,Q3,7,July,31,Monday,CUST-00166,Avery Smith,Consumer,East,Australia,Wholesale,PROD-00079,Books,Fiction,481.36,18,0.0,8664.48,0.0,8664.48,5891.85,2772.63,32.0,64.61,693.16,9357.64,Credit Card,Express,Completed,No,,4.0,EMP0046,Tara Morris,Marketing,EMP0004,26,3,111529.0,0.68
ORD-001068,2024-07-30,2024-08-03,2024-08-09,2024,Q3,7,July,31,Tuesday,CUST-00364,Jordan Garcia,Non-Profit,North,Canada,Partner,PROD-00150,Automotive,Care Products,225.4,2,0.0,450.8,0.0,450.8,270.48,180.32,40.0,69.48,36.06,486.86,Credit Card,Standard,Returned,Yes,Wrong Item,1.6,EMP0011,Karen Anderson,IT,EMP0002,27,21,105925.0,0.6
ORD-001069,2024-07-30,2024-08-03,2024-08-06,2024,Q3,7,July,31,Tuesday,CUST-00116,Riley Wilson,Government,Central,India,Retail Store,PROD-00259,Clothing,Kids,712.47,29,0.0,20661.63,0.0,20661.63,13636.68,7024.95,34.0,88.6,1652.93,22314.56,Debit Card,Same Day,Completed,No,,2.0,EMP0037,Kevin Turner,Logistics,EMP0010,44,2,106979.0,0.66
ORD-001070,2024-08-01,2024-08-04,2024-08-07,2024,Q3,8,August,31,Thursday,CUST-00178,Morgan Brown,Enterprise,West,France,Retail Store,PROD-00033,Sports,Outdoor,578.04,21,0.2,12138.84,2427.77,9711.07,5146.87,4564.2,47.0,147.58,776.89,10487.96,PayPal,Standard,Returned,Yes,Wrong Item,3.9,EMP0041,Oscar Evans,Marketing,EMP0003,51,14,69071.0,0.53
ORD-001071,2024-08-01,2024-08-06,2024-08-07,2024,Q3,8,August,31,Thursday,CUST-00266,Avery Smith,Government,North,Japan,Retail Store,PROD-00116,Books,Children,596.13,15,0.1,8941.95,894.2,8047.75,4989.6,3058.15,38.0,40.03,643.82,8691.57,Bank Transfer,Economy,Completed,No,,1.7,EMP0020,Tina Hall,Marketing,EMP0002,35,34,82742.0,0.62
ORD-001072,2024-08-05,2024-08-07,2024-08-10,2024,Q3,8,August,32,Monday,CUST-00146,Alex Wilson,Non-Profit,South,Japan,Online,PROD-00095,Food & Beverage,Frozen,471.05,27,0.1,12718.35,1271.84,11446.51,6410.05,5036.46,44.0,103.79,915.72,12362.23,Debit Card,Economy,Completed,No,,2.4,EMP0031,Ethan Baker,Finance,EMP0003,44,32,126918.0,0.56
ORD-001073,2024-08-06,2024-08-07,2024-08-10,2024,Q3,8,August,32,Tuesday,CUST-00041,Dakota Williams,SMB,Central,Canada,Retail Store,PROD-00100,Furniture,Outdoor,88.98,50,0.1,4449.0,444.9,4004.1,1881.93,2122.17,53.0,108.82,320.33,4324.43,PayPal,Express,Completed,No,,2.1,EMP0046,Tara Morris,Marketing,EMP0004,32,13,70234.0,0.47
ORD-001074,2024-08-09,2024-08-15,2024-08-17,2024,Q3,8,August,32,Friday,CUST-00129,Jordan Davis,Government,East,Germany,Wholesale,PROD-00172,Electronics,Cameras,40.66,31,0.0,1260.46,0.0,1260.46,819.3,441.16,35.0,93.06,100.84,1361.3,Debit Card,Same Day,Completed,No,,2.4,EMP0029,Chris Green,IT,EMP0008,52,0,89052.0,0.65
ORD-001075,2024-08-09,2024-08-14,2024-08-19,2024,Q3,8,August,32,Friday,CUST-00101,Alex Jones,Government,West,Canada,Online,PROD-00225,Sports,Outdoor,1975.51,15,0.05,29632.65,1481.63,28151.02,16609.1,11541.92,41.0,17.84,2252.08,30403.1,Credit Card,Standard,Completed,No,,3.8,EMP0044,Rose Stewart,Operations,EMP0005,27,25,37258.0,0.59
ORD-001076,2024-08-14,2024-08-19,2024-08-23,2024,Q3,8,August,33,Wednesday,CUST-00326,Casey Davis,Non-Profit,Central,France,Online,PROD-00013,Automotive,Accessories,858.41,23,0.15,19743.43,2961.51,16781.92,8894.42,7887.5,47.0,103.15,1342.55,18124.47,Debit Card,Standard,Completed,No,,2.5,EMP0019,Sam Walker,Sales,EMP0004,32,7,119359.0,0.53
ORD-001077,2024-08-15,2024-08-16,2024-08-19,2024,Q3,8,August,33,Thursday,CUST-00283,Avery Miller,Non-Profit,North,Germany,Retail Store,PROD-00226,Clothing,Sportswear,771.73,24,0.0,18521.52,0.0,18521.52,13335.49,5186.03,28.0,14.29,1481.72,20003.24,PayPal,Standard,Completed,No,,3.2,EMP0010,Jack Taylor,Sales,EMP0009,34,15,83036.0,0.72
ORD-001078,2024-08-16,2024-08-21,2024-08-24,2024,Q3,8,August,33,Friday,CUST-00141,Taylor Moore,Enterprise,Central,Australia,Direct Sales,PROD-00036,Sports,Water Sports,1360.9,44,0.0,59879.6,0.0,59879.6,24550.64,35328.96,59.0,91.44,4790.37,64669.97,PayPal,Economy,Completed,No,,1.4,EMP0048,Victoria Reed,Logistics,EMP0001,33,9,95416.0,0.41
ORD-001079,2024-08-19,2024-08-22,2024-08-26,2024,Q3,8,August,34,Monday,CUST-00065,Casey Brown,Government,Central,UK,Online,PROD-00126,Food & Beverage,Snacks,440.42,13,0.0,5725.46,0.0,5725.46,2919.98,2805.48,49.0,112.24,458.04,6183.5,Debit Card,Standard,Completed,No,,4.2,EMP0045,Steve Sanchez,Operations,EMP0009,23,25,48189.0,0.51
ORD-001080,2024-08-19,2024-08-24,2024-08-27,2024,Q3,8,August,34,Monday,CUST-00321,Riley Brown,Enterprise,North,India,Wholesale,PROD-00271,Automotive,Tools,1900.17,22,0.05,41803.74,2090.19,39713.55,16679.69,23033.86,58.0,35.59,3177.08,42890.63,PayPal,Standard,Pending,No,,2.5,EMP0009,Iris Wilson,IT,EMP0008,56,27,149047.0,0.42
ORD-001081,2024-08-19,2024-08-22,2024-08-24,2024,Q3,8,August,34,Monday,CUST-00156,Morgan Wilson,Non-Profit,South,France,Retail Store,PROD-00148,Clothing,Men,1573.76,43,0.25,67671.68,16917.92,50753.76,34005.02,16748.74,33.0,127.04,4060.3,54814.06,Credit Card,Express,Completed,No,,3.6,EMP0010,Jack Taylor,Sales,EMP0009,57,11,69784.0,0.67
ORD-001082,2024-08-23,2024-08-25,2024-08-27,2024,Q3,8,August,34,Friday,CUST-00315,Taylor Moore,SMB,West,Canada,Wholesale,PROD-00286,Clothing,Sportswear,183.37,37,0.0,6784.69,0.0,6784.69,4410.05,2374.64,35.0,9.4,542.78,7327.47,Credit Card,Standard,Completed,No,,3.9,EMP0039,Mike Campbell,Logistics,EMP0009,38,19,108024.0,0.65
ORD-001083,2024-08-23,2024-08-25,2024-08-29,2024,Q3,8,August,34,Friday,CUST-00274,Jamie Smith,Enterprise,North,India,Direct Sales,PROD-00083,Sports,Outdoor,838.07,33,0.05,27656.31,1382.82,26273.49,13662.21,12611.28,48.0,127.35,2101.88,28375.37,PayPal,Economy,Completed,No,,1.8,EMP0019,Sam Walker,Sales,EMP0004,49,13,101842.0,0.52
ORD-001084,2024-08-24,2024-08-28,2024-09-03,2024,Q3,8,August,34,Saturday,CUST-00048,Riley Williams,Government,Central,India,Retail Store,PROD-00074,Clothing,Formal,1758.84,3,0.0,5276.52,0.0,5276.52,3376.97,1899.55,36.0,71.75,422.12,5698.64,Credit Card,Express,Returned,Yes,Changed Mind,4.5,EMP0025,Yara Wright,HR,EMP0004,49,34,125286.0,0.64
ORD-001085,2024-08-25,2024-08-28,2024-08-31,2024,Q3,8,August,34,Sunday,CUST-00258,Quinn Brown,Non-Profit,Central,Australia,Wholesale,PROD-00281,Clothing,Formal,1889.74,19,0.25,35905.06,8976.26,26928.8,14541.55,12387.25,46.0,36.55,2154.3,29083.1,PayPal,Same Day,Returned,Yes,Wrong Item,3.5,EMP0017,Quinn Rodriguez,Sales,EMP0006,43,28,68791.0,0.54
ORD-001086,2024-08-27,2024-09-02,2024-09-08,2024,Q3,8,August,35,Tuesday,CUST-00329,Riley Miller,Consumer,East,USA,Wholesale,PROD-00163,Books,Education,937.47,23,0.0,21561.81,0.0,21561.81,14230.79,7331.02,34.0,24.4,1724.94,23286.75,Debit Card,Same Day,Completed,No,,2.7,EMP0041,Oscar Evans,Marketing,EMP0003,59,11,121932.0,0.66
ORD-001087,2024-08-27,2024-08-29,2024-09-01,2024,Q3,8,August,35,Tuesday,CUST-00087,Dakota Johnson,SMB,Central,USA,Retail Store,PROD-00030,Furniture,Office,1228.76,29,0.05,35634.04,1781.7,33852.34,18957.31,14895.03,44.0,143.23,2708.19,36560.53,Bank Transfer,Economy,Pending,No,,1.7,EMP0015,Olivia Martin,HR,EMP0005,28,17,78988.0,0.56
ORD-001088,2024-08-28,2024-09-02,2024-09-07,2024,Q3,8,August,35,Wednesday,CUST-00304,Taylor Brown,Non-Profit,North,Australia,Partner,PROD-00058,Furniture,Kitchen,338.23,30,0.1,10146.9,1014.69,9132.21,4931.39,4200.82,46.0,15.54,730.58,9862.79,Cash,Standard,Completed,No,,4.8,EMP0002,Bob Smith,Sales,EMP0007,36,1,82284.0,0.54
ORD-001089,2024-08-28,2024-08-29,2024-09-01,2024,Q3,8,August,35,Wednesday,CUST-00298,Dakota Smith,Non-Profit,East,UK,Partner,PROD-00034,Sports,Team Sports,1982.38,39,0.1,77312.82,7731.28,69581.54,50794.52,18787.02,27.0,33.87,5566.52,75148.06,PayPal,Same Day,Completed,No,,4.0,EMP0014,Nathan Harris,Sales,EMP0009,53,1,112362.0,0.73
ORD-001090,2024-08-31,2024-09-01,2024-09-03,2024,Q3,8,August,35,Saturday,CUST-00079,Avery Jones,Enterprise,Central,Japan,Direct Sales,PROD-00210,Furniture,Outdoor,467.19,44,0.05,20556.36,1027.82,19528.54,9568.98,9959.56,51.0,55.43,1562.28,21090.82,Debit Card,Same Day,Pending,No,,1.8,EMP0038,Laura Phillips,Sales,EMP0003,32,16,125193.0,0.49
ORD-001091,2024-09-01,2024-09-08,2024-09-09,2024,Q3,9,September,35,Sunday,CUST-00088,Morgan Smith,Non-Profit,North,Australia,Online,PROD-00266,Beauty,Haircare,1885.75,47,0.0,88630.25,0.0,88630.25,38997.31,49632.94,56.0,94.93,7090.42,95720.67,Cash,Economy,Pending,No,,2.4,EMP0020,Tina Hall,Marketing,EMP0002,45,9,111690.0,0.44
ORD-001092,2024-09-02,2024-09-05,2024-09-06,2024,Q3,9,September,36,Monday,CUST-00338,Jordan Johnson,Government,West,Germany,Online,PROD-00274,Automotive,Parts,1301.05,25,0.0,32526.25,0.0,32526.25,19515.75,13010.5,40.0,84.0,2602.1,35128.35,Credit Card,Express,Completed,No,,4.2,EMP0010,Jack Taylor,Sales,EMP0009,24,17,138486.0,0.6
ORD-001093,2024-09-02,2024-09-08,2024-09-09,2024,Q3,9,September,36,Monday,CUST-00320,Alex Johnson,SMB,West,Canada,Retail Store,PROD-00009,Sports,Outdoor,1217.43,37,0.0,45044.91,0.0,45044.91,33333.23,11711.68,26.0,23.22,3603.59,48648.5,Bank Transfer,Standard,Cancelled,No,,3.8,EMP0038,Laura Phillips,Sales,EMP0003,51,21,67793.0,0.74
ORD-001094,2024-09-04,2024-09-08,2024-09-09,2024,Q3,9,September,36,Wednesday,CUST-00369,Morgan Jones,Non-Profit,Central,USA,Retail Store,PROD-00087,Food & Beverage,Snacks,1027.81,47,0.0,48307.07,0.0,48307.07,25602.75,22704.32,47.0,47.01,3864.57,52171.64,PayPal,Same Day,Completed,No,,4.1,EMP0001,Alice Johnson,IT,EMP0002,27,18,138571.0,0.53
ORD-001095,2024-09-05,2024-09-10,2024-09-16,2024,Q3,9,September,36,Thursday,CUST-00310,Jamie Smith,SMB,West,India,Retail Store,PROD-00165,Electronics,Tablets,465.19,8,0.05,3721.52,186.08,3535.44,1484.88,2050.56,58.0,39.62,282.84,3818.28,Cash,Economy,Cancelled,No,,2.8,EMP0017,Quinn Rodriguez,Sales,EMP0006,23,0,50049.0,0.42
ORD-001096,2024-09-08,2024-09-11,2024-09-17,2024,Q3,9,September,36,Sunday,CUST-00173,Riley Johnson,SMB,Central,India,Retail Store,PROD-00190,Books,Fiction,357.17,42,0.0,15001.14,0.0,15001.14,7800.59,7200.55,48.0,35.96,1200.09,16201.23,Debit Card,Economy,Completed,No,,3.9,EMP0024,Xander King,Sales,EMP0002,35,23,110846.0,0.52
ORD-001097,2024-09-08,2024-09-15,2024-09-18,2024,Q3,9,September,36,Sunday,CUST-00289,Jamie Jones,Enterprise,East,Germany,Partner,PROD-00020,Furniture,Outdoor,444.87,16,0.0,7117.92,0.0,7117.92,4128.39,2989.53,42.0,64.62,569.43,7687.35,Cash,Same Day,Completed,No,,2.5,EMP0047,Umar Rogers,Marketing,EMP0006,39,24,97978.0,0.58
ORD-001098,2024-09-10,2024-09-11,2024-09-17,2024,Q3,9,September,37,Tuesday,CUST-00022,Avery Davis,Consumer,West,Canada,Direct Sales,PROD-00074,Books,Comics,376.94,8,0.1,3015.52,301.55,2713.97,1248.43,1465.54,54.0,107.08,217.12,2931.09,Debit Card,Economy,Completed,No,,1.8,EMP0033,George Carter,Finance,EMP0006,52,30,91883.0,0.46
ORD-001099,2024-09-11,2024-09-14,2024-09-17,2024,Q3,9,September,37,Wednesday,CUST-00015,Avery Garcia,SMB,East,UK,Wholesale,PROD-00054,Beauty,Fragrance,1560.27,1,0.25,1560.27,390.07,1170.2,737.23,432.97,37.0,36.53,93.62,1263.82,Credit Card,Standard,Completed,No,,3.5,EMP0048,Victoria Reed,Logistics,EMP0001,34,30,70755.0,0.63
ORD-001100,2024-09-11,2024-09-16,2024-09-21,2024,Q3,9,September,37,Wednesday,CUST-00042,Avery Moore,Non-Profit,East,France,Wholesale,PROD-00120,Furniture,Office,703.5,44,0.1,30954.0,3095.4,27858.6,20893.95,6964.65,25.0,58.17,2228.69,30087.29,Cash,Express,Completed,No,,4.9,EMP0034,Hannah Mitchell,HR,EMP0004,47,1,92929.0,0.75
ORD-001101,2024-09-13,2024-09-19,2024-09-22,2024,Q3,9,September,37,Friday,CUST-00024,Avery Williams,Consumer,East,Canada,Partner,PROD-00004,Electronics,Accessories,120.4,5,0.0,602.0,0.0,602.0,337.12,264.88,44.0,61.68,48.16,650.16,PayPal,Economy,Completed,No,,2.2,EMP0026,Zoe Lopez,Marketing,EMP0002,33,18,53604.0,0.56
ORD-001102,2024-09-13,2024-09-19,2024-09-20,2024,Q3,9,September,37,Friday,CUST-00329,Riley Miller,Enterprise,South,UK,Direct Sales,PROD-00196,Electronics,Cameras,1938.36,3,0.0,5815.08,0.0,5815.08,3023.84,2791.24,48.0,146.59,465.21,6280.29,Cash,Same Day,Completed,No,,2.8,EMP0031,Ethan Baker,Finance,EMP0003,39,11,77472.0,0.52
ORD-001103,2024-09-13,2024-09-15,2024-09-19,2024,Q3,9,September,37,Friday,CUST-00395,Riley Johnson,Government,North,USA,Retail Store,PROD-00002,Clothing,Women,1768.15,1,0.25,1768.15,442.04,1326.11,716.1,610.01,46.0,143.43,106.09,1432.2,Credit Card,Economy,Completed,No,,,EMP0040,Nancy Parker,Logistics,EMP0004,30,9,46348.0,0.54
ORD-001104,2024-09-14,2024-09-19,2024-09-23,2024,Q3,9,September,37,Saturday,CUST-00296,Riley Miller,Government,Central,India,Online,PROD-00289,Clothing,Kids,1855.87,4,0.0,7423.48,0.0,7423.48,3266.33,4157.15,56.0,121.02,593.88,8017.36,Cash,Same Day,Completed,No,,3.2,EMP0011,Karen Anderson,IT,EMP0002,42,30,100762.0,0.44
ORD-001105,2024-09-16,2024-09-23,2024-09-25,2024,Q3,9,September,38,Monday,CUST-00136,Dakota Williams,Government,East,Japan,Partner,PROD-00030,Books,Fiction,1989.84,40,0.0,79593.6,0.0,79593.6,56511.46,23082.14,29.0,40.04,6367.49,85961.09,Bank Transfer,Express,Completed,No,,4.4,EMP0023,Wendy Hernandez,HR,EMP0005,61,21,46013.0,0.71
ORD-001106,2024-09-16,2024-09-18,2024-09-20,2024,Q3,9,September,38,Monday,CUST-00334,Jordan Jones,SMB,Central,Japan,Partner,PROD-00199,Food & Beverage,Snacks,351.92,35,0.1,12317.2,1231.72,11085.48,6097.01,4988.47,45.0,14.87,886.84,11972.32,Bank Transfer,Economy,Completed,No,,4.0,EMP0042,Patricia Edwards,IT,EMP0008,45,22,53440.0,0.55
ORD-001107,2024-09-17,2024-09-19,2024-09-22,2024,Q3,9,September,38,Tuesday,CUST-00108,Casey Brown,Consumer,East,UK,Retail Store,PROD-00291,Clothing,Men,795.5,32,0.1,25456.0,2545.6,22910.4,12371.62,10538.78,46.0,50.95,1832.83,24743.23,PayPal,Standard,Completed,No,,1.2,EMP0010,Jack Taylor,Sales,EMP0009,55,22,44829.0,0.54
ORD-001108,2024-09-18,2024-09-20,2024-09-24,2024,Q3,9,September,38,Wednesday,CUST-00393,Taylor Jones,Enterprise,North,Australia,Partner,PROD-00062,Clothing,Formal,1517.69,42,0.1,63742.98,6374.3,57368.68,36142.27,21226.41,37.0,43.69,4589.49,61958.17,PayPal,Economy,Pending,No,,5.0,EMP0038,Laura Phillips,Sales,EMP0003,29,14,78851.0,0.63
ORD-001109,2024-09-19,2024-09-22,2024-09-23,2024,Q3,9,September,38,Thursday,CUST-00293,Taylor Brown,Consumer,West,Australia,Wholesale,PROD-00115,Clothing,Men,1393.56,34,0.0,47381.04,0.0,47381.04,26059.57,21321.47,45.0,78.36,3790.48,51171.52,Debit Card,Economy,Returned,Yes,Wrong Item,4.0,EMP0033,George Carter,Finance,EMP0006,54,25,131825.0,0.55
ORD-001110,2024-09-20,2024-09-27,2024-10-03,2024,Q3,9,September,38,Friday,CUST-00214,Riley Williams,SMB,Central,Australia,Retail Store,PROD-00019,Sports,Outdoor,312.02,43,0.0,13416.86,0.0,13416.86,8452.62,4964.24,37.0,117.77,1073.35,14490.21,Debit Card,Same Day,Completed,No,,4.5,EMP0021,Uma Allen,Marketing,EMP0001,44,2,139293.0,0.63
ORD-001111,2024-09-20,2024-09-21,2024-09-22,2024,Q3,9,September,38,Friday,CUST-00317,Jamie Miller,Non-Profit,South,Germany,Wholesale,PROD-00289,Furniture,Living Room,1632.59,25,0.25,40814.75,10203.69,30611.06,12856.65,17754.41,58.0,129.46,2448.88,33059.94,Credit Card,Standard,Completed,No,,3.6,EMP0034,Hannah Mitchell,HR,EMP0004,34,22,43267.0,0.42
ORD-001112,2024-09-21,2024-09-27,2024-09-28,2024,Q3,9,September,38,Saturday,CUST-00328,Jamie Wilson,Enterprise,Central,Germany,Retail Store,PROD-00280,Books,Education,452.76,10,0.0,4527.6,0.0,4527.6,3078.77,1448.83,32.0,127.51,362.21,4889.81,Bank Transfer,Economy,Completed,No,,4.4,EMP0024,Xander King,Sales,EMP0002,35,19,107973.0,0.68
ORD-001113,2024-09-21,2024-09-24,2024-09-27,2024,Q3,9,September,38,Saturday,CUST-00016,Morgan Brown,Consumer,North,Japan,Online,PROD-00038,Sports,Team Sports,451.52,21,0.1,9481.92,948.19,8533.73,6229.62,2304.11,27.0,57.15,682.7,9216.43,Bank Transfer,Express,Completed,No,,1.4,EMP0025,Yara Wright,HR,EMP0004,35,7,113704.0,0.73
ORD-001114,2024-09-21,2024-09-22,2024-09-25,2024,Q3,9,September,38,Saturday,CUST-00255,Casey Williams,Consumer,East,India,Wholesale,PROD-00011,Sports,Outdoor,1076.26,46,0.1,49507.96,4950.8,44557.16,28071.01,16486.15,37.0,104.65,3564.57,48121.73,Credit Card,Standard,Completed,No,,2.4,EMP0032,Fiona Nelson,Marketing,EMP0006,37,17,96384.0,0.63
ORD-001115,2024-09-22,2024-09-28,2024-10-03,2024,Q3,9,September,38,Sunday,CUST-00322,Jordan Garcia,Government,Central,Canada,Retail Store,PROD-00244,Books,Children,1187.92,39,0.1,46328.88,4632.89,41695.99,30438.07,11257.92,27.0,50.36,3335.68,45031.67,PayPal,Economy,Returned,Yes,,4.5,EMP0042,Patricia Edwards,IT,EMP0008,59,5,111703.0,0.73
ORD-001116,2024-09-23,2024-09-30,2024-10-01,2024,Q3,9,September,39,Monday,CUST-00280,Alex Wilson,Consumer,North,India,Partner,PROD-00293,Electronics,Laptops,1162.27,27,0.0,31381.29,0.0,31381.29,14121.58,17259.71,55.0,13.83,2510.5,33891.79,Bank Transfer,Express,Completed,No,,1.8,EMP0011,Karen Anderson,IT,EMP0002,60,26,61874.0,0.45
ORD-001117,2024-09-27,2024-10-04,2024-10-05,2024,Q3,9,September,39,Friday,CUST-00149,Morgan Williams,Consumer,East,Australia,Partner,PROD-00198,Clothing,Women,187.52,27,0.0,5063.04,0.0,5063.04,2885.93,2177.11,43.0,106.73,405.04,5468.08,Credit Card,Economy,Completed,No,,1.3,EMP0034,Hannah Mitchell,HR,EMP0004,47,14,91309.0,0.57
ORD-001118,2024-09-27,2024-10-02,2024-10-05,2024,Q3,9,September,39,Friday,CUST-00329,Riley Miller,SMB,West,Australia,Direct Sales,PROD-00145,Food & Beverage,Beverages,1755.53,2,0.1,3511.06,351.11,3159.95,1927.57,1232.38,39.0,6.42,252.8,3412.75,Credit Card,Same Day,Completed,No,,4.2,EMP0031,Ethan Baker,Finance,EMP0003,47,4,79951.0,0.61
ORD-001119,2024-09-27,2024-10-03,2024-10-06,2024,Q3,9,September,39,Friday,CUST-00155,Alex Davis,Enterprise,North,Germany,Retail Store,PROD-00199,Electronics,Phones,534.87,41,0.2,21929.67,4385.93,17543.74,10526.24,7017.5,40.0,64.33,1403.5,18947.24,Bank Transfer,Economy,Cancelled,No,,4.3,EMP0012,Leo Thomas,IT,EMP0007,22,8,45316.0,0.6
ORD-001120,2024-09-29,2024-10-05,2024-10-10,2024,Q3,9,September,39,Sunday,CUST-00248,Taylor Garcia,Non-Profit,South,Australia,Online,PROD-00231,Sports,Fitness,263.38,48,0.2,12642.24,2528.45,10113.79,5461.45,4652.34,46.0,52.76,809.1,10922.89,Debit Card,Standard,Completed,No,,1.7,EMP0031,Ethan Baker,Finance,EMP0003,53,6,106939.0,0.54
ORD-001121,2024-09-29,2024-10-06,2024-10-11,2024,Q3,9,September,39,Sunday,CUST-00126,Quinn Smith,Government,Central,India,Direct Sales,PROD-00122,Beauty,Fragrance,1778.05,13,0.0,23114.65,0.0,23114.65,12019.62,11095.03,48.0,105.54,1849.17,24963.82,Cash,Same Day,Completed,No,,4.4,EMP0025,Yara Wright,HR,EMP0004,36,19,91950.0,0.52
ORD-001122,2024-09-30,2024-10-06,2024-10-08,2024,Q3,9,September,40,Monday,CUST-00351,Riley Smith,SMB,North,Canada,Partner,PROD-00252,Beauty,Haircare,1911.52,9,0.0,17203.68,0.0,17203.68,7569.62,9634.06,56.0,116.11,1376.29,18579.97,PayPal,Same Day,Completed,No,,3.7,EMP0001,Alice Johnson,IT,EMP0002,42,9,66645.0,0.44
ORD-001123,2024-10-01,2024-10-05,2024-10-09,2024,Q4,10,October,40,Tuesday,CUST-00208,Riley Wilson,Consumer,East,India,Online,PROD-00129,Automotive,Tools,1724.94,36,0.2,62097.84,12419.57,49678.27,26826.27,22852.0,46.0,49.09,3974.26,53652.53,Cash,Express,Completed,No,,3.1,EMP0043,Quincy Collins,Finance,EMP0007,39,25,89474.0,0.54
ORD-001124,2024-10-02,2024-10-07,2024-10-08,2024,Q4,10,October,40,Wednesday,CUST-00153,Dakota Johnson,Non-Profit,East,Canada,Retail Store,PROD-00177,Clothing,Sportswear,1619.98,22,0.1,35639.56,3563.96,32075.6,14754.78,17320.82,54.0,122.69,2566.05,34641.65,Bank Transfer,Standard,Completed,No,,4.3,EMP0005,Eva Martinez,Operations,EMP0006,51,3,124159.0,0.46
ORD-001125,2024-10-03,2024-10-06,2024-10-07,2024,Q4,10,October,40,Thursday,CUST-00233,Dakota Brown,Enterprise,South,USA,Partner,PROD-00233,Clothing,Kids,1312.21,42,0.2,55112.82,11022.56,44090.26,29099.57,14990.69,34.0,47.62,3527.22,47617.48,Debit Card,Standard,Completed,No,,2.7,EMP0022,Victor Young,HR,EMP0004,34,23,127191.0,0.66
ORD-001126,2024-10-03,2024-10-06,2024-10-11,2024,Q4,10,October,40,Thursday,CUST-00038,Casey Moore,Government,Central,Germany,Direct Sales,PROD-00246,Electronics,Cameras,1103.96,26,0.0,28702.96,0.0,28702.96,13490.39,15212.57,53.0,69.72,2296.24,30999.2,Cash,Express,Cancelled,No,,1.8,EMP0015,Olivia Martin,HR,EMP0005,45,13,109696.0,0.47
ORD-001127,2024-10-03,2024-10-04,2024-10-09,2024,Q4,10,October,40,Thursday,CUST-00353,Riley Johnson,Non-Profit,East,Germany,Partner,PROD-00079,Electronics,Tablets,178.54,12,0.1,2142.48,214.25,1928.23,809.86,1118.37,58.0,110.42,154.26,2082.49,Credit Card,Express,Completed,No,,2.1,EMP0020,Tina Hall,Marketing,EMP0002,51,0,88791.0,0.42
ORD-001128,2024-10-04,2024-10-07,2024-10-09,2024,Q4,10,October,40,Friday,CUST-00031,Dakota Moore,Government,East,Australia,Wholesale,PROD-00233,Food & Beverage,Bakery,819.86,17,0.1,13937.62,1393.76,12543.86,7400.88,5142.98,41.0,105.47,1003.51,13547.37,PayPal,Economy,Completed,No,,3.0,EMP0014,Nathan Harris,Sales,EMP0009,23,16,101211.0,0.59
ORD-001129,2024-10-05,2024-10-07,2024-10-11,2024,Q4,10,October,40,Saturday,CUST-00081,Quinn Moore,Enterprise,East,Japan,Direct Sales,PROD-00275,Food & Beverage,Beverages,748.51,14,0.1,10479.14,1047.91,9431.23,5753.05,3678.18,39.0,148.17,754.5,10185.73,Credit Card,Express,Completed,No,,3.1,EMP0015,Olivia Martin,HR,EMP0005,40,23,79277.0,0.61
ORD-001130,2024-10-07,2024-10-13,2024-10-15,2024,Q4,10,October,41,Monday,CUST-00226,Jordan Wilson,Consumer,North,Australia,Partner,PROD-00185,Beauty,Makeup,523.21,14,0.05,7324.94,366.25,6958.69,4940.67,2018.02,29.0,37.65,556.7,7515.39,Cash,Standard,Completed,No,,4.2,EMP0010,Jack Taylor,Sales,EMP0009,46,26,49554.0,0.71
ORD-001131,2024-10-07,2024-10-10,2024-10-14,2024,Q4,10,October,41,Monday,CUST-00213,Morgan Jones,Enterprise,North,France,Direct Sales,PROD-00115,Beauty,Skincare,1448.22,34,0.0,49239.48,0.0,49239.48,29543.69,19695.79,40.0,101.04,3939.16,53178.64,Credit Card,Express,Completed,No,,4.2,EMP0018,Rachel Lewis,Sales,EMP0010,35,6,79346.0,0.6
ORD-001132,2024-10-08,2024-10-09,2024-10-15,2024,Q4,10,October,41,Tuesday,CUST-00248,Taylor Garcia,Non-Profit,Central,Japan,Retail Store,PROD-00074,Books,Non-Fiction,994.27,20,0.1,19885.4,1988.54,17896.86,9306.37,8590.49,48.0,93.4,1431.75,19328.61,Bank Transfer,Economy,Completed,No,,3.3,EMP0039,Mike Campbell,Logistics,EMP0009,27,8,95988.0,0.52
ORD-001133,2024-10-09,2024-10-10,2024-10-11,2024,Q4,10,October,41,Wednesday,CUST-00238,Quinn Brown,Government,South,UK,Wholesale,PROD-00147,Sports,Fitness,166.69,11,0.0,1833.59,0.0,1833.59,1246.84,586.75,32.0,137.69,146.69,1980.28,PayPal,Economy,Completed,No,,4.1,EMP0050,Xena Morgan,Sales,EMP0001,33,34,103866.0,0.68
ORD-001134,2024-10-11,2024-10-13,2024-10-15,2024,Q4,10,October,41,Friday,CUST-00105,Avery Wilson,Consumer,Central,USA,Wholesale,PROD-00090,Clothing,Kids,444.27,16,0.05,7108.32,355.42,6752.9,3984.21,2768.69,41.0,27.67,540.23,7293.13,Debit Card,Express,Returned,Yes,Wrong Item,1.8,EMP0047,Umar Rogers,Marketing,EMP0006,41,11,142617.0,0.59
ORD-001135,2024-10-12,2024-10-13,2024-10-18,2024,Q4,10,October,41,Saturday,CUST-00175,Jamie Johnson,Consumer,South,Japan,Partner,PROD-00199,Beauty,Fragrance,1368.1,31,0.25,42411.1,10602.78,31808.32,13677.58,18130.74,57.0,114.01,2544.67,34352.99,Bank Transfer,Standard,Completed,No,,1.2,EMP0008,Henry Davis,Marketing,EMP0001,44,20,124393.0,0.43
ORD-001136,2024-10-13,2024-10-20,2024-10-22,2024,Q4,10,October,41,Sunday,CUST-00311,Taylor Moore,Consumer,West,Canada,Direct Sales,PROD-00132,Beauty,Skincare,156.88,6,0.0,941.28,0.0,941.28,564.77,376.51,40.0,87.4,75.3,1016.58,Credit Card,Economy,Completed,No,,4.5,EMP0042,Patricia Edwards,IT,EMP0008,51,2,52479.0,0.6
ORD-001137,2024-10-14,2024-10-18,2024-10-24,2024,Q4,10,October,42,Monday,CUST-00074,Casey Johnson,Enterprise,East,France,Direct Sales,PROD-00083,Food & Beverage,Frozen,1703.16,19,0.15,32360.04,4854.01,27506.03,19804.34,7701.69,28.0,44.83,2200.48,29706.51,Cash,Same Day,Returned,Yes,Not as Described,1.3,EMP0013,Mia Jackson,HR,EMP0002,51,14,55031.0,0.72
ORD-001138,2024-10-15,2024-10-22,2024-10-24,2024,Q4,10,October,42,Tuesday,CUST-00161,Riley Jones,Enterprise,South,India,Direct Sales,PROD-00189,Clothing,Sportswear,992.82,37,0.0,36734.34,0.0,36734.34,19836.54,16897.8,46.0,73.79,2938.75,39673.09,Cash,Economy,Completed,No,,2.0,EMP0023,Wendy Hernandez,HR,EMP0005,59,20,46557.0,0.54
ORD-001139,2024-10-19,2024-10-25,2024-10-26,2024,Q4,10,October,42,Saturday,CUST-00368,Dakota Johnson,Consumer,East,Australia,Wholesale,PROD-00011,Automotive,Accessories,963.77,4,0.1,3855.08,385.51,3469.57,1734.78,1734.79,50.0,53.4,277.57,3747.14,Credit Card,Same Day,Completed,No,,3.8,EMP0032,Fiona Nelson,Marketing,EMP0006,51,9,119891.0,0.5
ORD-001140,2024-10-19,2024-10-25,2024-10-31,2024,Q4,10,October,42,Saturday,CUST-00164,Alex Miller,SMB,South,India,Partner,PROD-00222,Automotive,Accessories,1186.85,47,0.25,55781.95,13945.49,41836.46,18826.41,23010.05,55.0,89.0,3346.92,45183.38,PayPal,Same Day,Completed,No,,2.6,EMP0030,Diana Adams,HR,EMP0006,51,32,116204.0,0.45
ORD-001141,2024-10-19,2024-10-25,2024-10-30,2024,Q4,10,October,42,Saturday,CUST-00376,Jamie Moore,Government,West,India,Direct Sales,PROD-00154,Books,Education,1650.24,4,0.0,6600.96,0.0,6600.96,2970.43,3630.53,55.0,133.91,528.08,7129.04,Credit Card,Express,Completed,No,,4.5,EMP0037,Kevin Turner,Logistics,EMP0010,57,5,148432.0,0.45
ORD-001142,2024-10-22,2024-10-27,2024-11-01,2024,Q4,10,October,43,Tuesday,CUST-00177,Riley Wilson,Consumer,South,Germany,Partner,PROD-00074,Sports,Water Sports,698.88,20,0.0,13977.6,0.0,13977.6,7687.68,6289.92,45.0,87.55,1118.21,15095.81,Credit Card,Standard,Returned,Yes,,2.2,EMP0041,Oscar Evans,Marketing,EMP0003,55,1,95033.0,0.55
ORD-001143,2024-10-23,2024-10-26,2024-10-29,2024,Q4,10,October,43,Wednesday,CUST-00205,Casey Jones,Enterprise,Central,UK,Online,PROD-00022,Automotive,Parts,1357.64,10,0.05,13576.4,678.82,12897.58,7867.52,5030.06,39.0,96.6,1031.81,13929.39,Bank Transfer,Same Day,Completed,No,,1.0,EMP0001,Alice Johnson,IT,EMP0002,37,28,130038.0,0.61
ORD-001144,2024-10-25,2024-10-29,2024-11-04,2024,Q4,10,October,43,Friday,CUST-00067,Dakota Garcia,Enterprise,North,UK,Retail Store,PROD-00236,Books,Fiction,1133.64,24,0.0,27207.36,0.0,27207.36,11699.16,15508.2,57.0,80.22,2176.59,29383.95,Credit Card,Economy,Completed,No,,2.2,EMP0048,Victoria Reed,Logistics,EMP0001,45,32,101291.0,0.43
ORD-001145,2024-10-25,2024-10-28,2024-10-31,2024,Q4,10,October,43,Friday,CUST-00390,Casey Johnson,Government,East,USA,Retail Store,PROD-00211,Automotive,Accessories,537.72,35,0.1,18820.2,1882.02,16938.18,12364.87,4573.31,27.0,12.42,1355.05,18293.23,Bank Transfer,Standard,Completed,No,,3.3,EMP0034,Hannah Mitchell,HR,EMP0004,35,3,135520.0,0.73
ORD-001146,2024-10-28,2024-11-01,2024-11-04,2024,Q4,10,October,44,Monday,CUST-00190,Jordan Johnson,Government,North,USA,Retail Store,PROD-00278,Food & Beverage,Bakery,1757.87,26,0.2,45704.62,9140.92,36563.7,24132.04,12431.66,34.0,38.76,2925.1,39488.8,PayPal,Same Day,Completed,No,,2.5,EMP0015,Olivia Martin,HR,EMP0005,47,3,117917.0,0.66
ORD-001147,2024-10-28,2024-10-31,2024-11-01,2024,Q4,10,October,44,Monday,CUST-00264,Morgan Wilson,SMB,South,France,Direct Sales,PROD-00117,Clothing,Sportswear,1595.86,37,0.05,59046.82,2952.34,56094.48,34217.63,21876.85,39.0,76.34,4487.56,60582.04,PayPal,Express,Completed,No,,3.1,EMP0048,Victoria Reed,Logistics,EMP0001,29,28,108932.0,0.61
ORD-001148,2024-10-28,2024-10-30,2024-11-01,2024,Q4,10,October,44,Monday,CUST-00288,Avery Jones,Enterprise,Central,Australia,Retail Store,PROD-00206,Food & Beverage,Snacks,1318.61,38,0.0,50107.18,0.0,50107.18,34573.95,15533.23,31.0,49.98,4008.57,54115.75,PayPal,Economy,Completed,No,,4.5,EMP0013,Mia Jackson,HR,EMP0002,35,19,99989.0,0.69
ORD-001149,2024-10-31,2024-11-07,2024-11-12,2024,Q4,10,October,44,Thursday,CUST-00055,Dakota Wilson,Non-Profit,South,Japan,Direct Sales,PROD-00065,Electronics,Laptops,1701.91,21,0.05,35740.11,1787.01,33953.1,14599.83,19353.27,57.0,31.36,2716.25,36669.35,PayPal,Economy,Returned,Yes,Changed Mind,4.6,EMP0024,Xander King,Sales,EMP0002,52,22,118142.0,0.43
ORD-001150,2024-11-02,2024-11-03,2024-11-08,2024,Q4,11,November,44,Saturday,CUST-00164,Alex Miller,Non-Profit,West,France,Retail Store,PROD-00181,Food & Beverage,Snacks,1735.25,40,0.1,69410.0,6941.0,62469.0,35607.33,26861.67,43.0,78.1,4997.52,67466.52,Bank Transfer,Same Day,Pending,No,,2.1,EMP0043,Quincy Collins,Finance,EMP0007,23,17,83260.0,0.57
ORD-001151,2024-11-02,2024-11-03,2024-11-05,2024,Q4,11,November,44,Saturday,CUST-00124,Casey Garcia,SMB,West,USA,Wholesale,PROD-00107,Clothing,Sportswear,1418.18,39,0.0,55309.02,0.0,55309.02,34291.59,21017.43,38.0,51.81,4424.72,59733.74,Credit Card,Express,Completed,No,,2.8,EMP0003,Carol White,Sales,EMP0002,25,24,46106.0,0.62
ORD-001152,2024-11-05,2024-11-12,2024-11-17,2024,Q4,11,November,45,Tuesday,CUST-00239,Riley Brown,Government,West,USA,Direct Sales,PROD-00208,Automotive,Parts,1674.84,21,0.1,35171.64,3517.16,31654.48,21841.59,9812.89,31.0,42.43,2532.36,34186.84,Cash,Same Day,Completed,No,,3.2,EMP0026,Zoe Lopez,Marketing,EMP0002,22,0,39598.0,0.69
ORD-001153,2024-11-06,2024-11-08,2024-11-10,2024,Q4,11,November,45,Wednesday,CUST-00063,Avery Jones,Enterprise,South,Germany,Direct Sales,PROD-00216,Books,Comics,1396.46,10,0.1,13964.6,1396.46,12568.14,8420.65,4147.49,33.0,72.28,1005.45,13573.59,PayPal,Economy,Pending,No,,4.8,EMP0041,Oscar Evans,Marketing,EMP0003,41,14,90088.0,0.67
ORD-001154,2024-11-07,2024-11-11,2024-11-17,2024,Q4,11,November,45,Thursday,CUST-00137,Dakota Moore,Government,West,India,Partner,PROD-00214,Books,Non-Fiction,1361.88,38,0.1,51751.44,5175.14,46576.3,23288.15,23288.15,50.0,24.33,3726.1,50302.4,Bank Transfer,Economy,Completed,No,,5.0,EMP0007,Grace Kim,Marketing,EMP0005,35,33,103919.0,0.5
ORD-001155,2024-11-08,2024-11-15,2024-11-16,2024,Q4,11,November,45,Friday,CUST-00231,Taylor Moore,Enterprise,South,Germany,Retail Store,PROD-00236,Food & Beverage,Bakery,1239.13,46,0.0,56999.98,0.0,56999.98,41609.99,15389.99,27.0,139.52,4560.0,61559.98,Cash,Standard,Completed,No,,1.9,EMP0022,Victor Young,HR,EMP0004,61,19,44068.0,0.73
ORD-001156,2024-11-08,2024-11-13,2024-11-14,2024,Q4,11,November,45,Friday,CUST-00127,Casey Garcia,SMB,South,India,Wholesale,PROD-00232,Automotive,Electronics,1506.67,4,0.1,6026.68,602.67,5424.01,2386.56,3037.45,56.0,130.82,433.92,5857.93,Credit Card,Standard,Completed,No,,3.9,EMP0033,George Carter,Finance,EMP0006,46,26,67994.0,0.44
ORD-001157,2024-11-09,2024-11-13,2024-11-14,2024,Q4,11,November,45,Saturday,CUST-00073,Casey Smith,Consumer,Central,France,Wholesale,PROD-00228,Beauty,Makeup,321.42,45,0.0,14463.9,0.0,14463.9,10269.37,4194.53,29.0,107.6,1157.11,15621.01,Bank Transfer,Economy,Returned,Yes,,2.5,EMP0005,Eva Martinez,Operations,EMP0006,46,21,72034.0,0.71
ORD-001158,2024-11-11,2024-11-12,2024-11-14,2024,Q4,11,November,46,Monday,CUST-00050,Riley Wilson,SMB,East,Canada,Partner,PROD-00199,Electronics,Tablets,1762.34,20,0.0,35246.8,0.0,35246.8,26082.63,9164.17,26.0,20.4,2819.74,38066.54,PayPal,Standard,Cancelled,No,,1.0,EMP0018,Rachel Lewis,Sales,EMP0010,24,4,99721.0,0.74
ORD-001159,2024-11-12,2024-11-17,2024-11-19,2024,Q4,11,November,46,Tuesday,CUST-00026,Jamie Williams,Government,North,USA,Online,PROD-00238,Food & Beverage,Snacks,1744.33,17,0.2,29653.61,5930.72,23722.89,10912.53,12810.36,54.0,117.5,1897.83,25620.72,Bank Transfer,Economy,Completed,No,,1.0,EMP0036,Julia Roberts,Logistics,EMP0002,26,33,67025.0,0.46
ORD-001160,2024-11-13,2024-11-16,2024-11-20,2024,Q4,11,November,46,Wednesday,CUST-00149,Morgan Williams,Government,East,Canada,Retail Store,PROD-00187,Books,Fiction,63.35,7,0.1,443.45,44.34,399.11,259.42,139.69,35.0,122.15,31.93,431.04,Bank Transfer,Express,Completed,No,,2.8,EMP0035,Ian Perez,Operations,EMP0005,59,2,46000.0,0.65
ORD-001161,2024-11-14,2024-11-19,2024-11-24,2024,Q4,11,November,46,Thursday,CUST-00197,Alex Williams,Consumer,North,Germany,Online,PROD-00173,Books,Comics,1652.5,4,0.0,6610.0,0.0,6610.0,2710.1,3899.9,59.0,116.33,528.8,7138.8,Credit Card,Standard,Completed,No,,3.0,EMP0048,Victoria Reed,Logistics,EMP0001,47,16,53959.0,0.41
ORD-001162,2024-11-14,2024-11-18,2024-11-23,2024,Q4,11,November,46,Thursday,CUST-00316,Riley Wilson,Consumer,North,Canada,Wholesale,PROD-00167,Clothing,Formal,262.1,29,0.0,7600.9,0.0,7600.9,4104.49,3496.41,46.0,21.53,608.07,8208.97,PayPal,Express,Completed,No,,1.1,EMP0035,Ian Perez,Operations,EMP0005,61,23,55004.0,0.54
ORD-001163,2024-11-15,2024-11-17,2024-11-21,2024,Q4,11,November,46,Friday,CUST-00215,Avery Davis,Consumer,South,Japan,Direct Sales,PROD-00205,Automotive,Parts,673.56,14,0.0,9429.84,0.0,9429.84,5469.31,3960.53,42.0,98.37,754.39,10184.23,Cash,Standard,Completed,No,,3.7,EMP0006,Frank Lee,Marketing,EMP0010,59,23,131910.0,0.58
ORD-001164,2024-11-15,2024-11-18,2024-11-22,2024,Q4,11,November,46,Friday,CUST-00128,Taylor Smith,Government,West,France,Partner,PROD-00069,Books,Education,1488.3,3,0.0,4464.9,0.0,4464.9,2678.94,1785.96,40.0,125.98,357.19,4822.09,Credit Card,Express,Returned,Yes,Changed Mind,2.2,EMP0004,David Brown,IT,EMP0006,59,2,67697.0,0.6
ORD-001165,2024-11-16,2024-11-20,2024-11-21,2024,Q4,11,November,46,Saturday,CUST-00082,Taylor Brown,SMB,West,Japan,Wholesale,PROD-00272,Electronics,Cameras,325.72,24,0.0,7817.28,0.0,7817.28,5706.61,2110.67,27.0,88.72,625.38,8442.66,Credit Card,Express,Completed,No,,3.2,EMP0029,Chris Green,IT,EMP0008,25,6,117190.0,0.73
ORD-001166,2024-11-17,2024-11-20,2024-11-24,2024,Q4,11,November,46,Sunday,CUST-00168,Alex Jones,Non-Profit,West,Canada,Retail Store,PROD-00106,Clothing,Kids,1636.84,37,0.0,60563.08,0.0,60563.08,38760.37,21802.71,36.0,98.73,4845.05,65408.13,Debit Card,Economy,Returned,Yes,Not as Described,2.2,EMP0037,Kevin Turner,Logistics,EMP0010,28,24,100301.0,0.64
ORD-001167,2024-11-19,2024-11-24,2024-11-26,2024,Q4,11,November,47,Tuesday,CUST-00296,Riley Miller,Consumer,East,UK,Partner,PROD-00126,Sports,Outdoor,1665.11,16,0.05,26641.76,1332.09,25309.67,14426.51,10883.16,43.0,71.46,2024.77,27334.44,Credit Card,Standard,Completed,No,,1.7,EMP0034,Hannah Mitchell,HR,EMP0004,51,2,147359.0,0.57
ORD-001168,2024-11-21,2024-11-22,2024-11-25,2024,Q4,11,November,47,Thursday,CUST-00370,Alex Miller,Enterprise,West,France,Online,PROD-00112,Beauty,Makeup,1017.4,4,0.1,4069.6,406.96,3662.64,2490.6,1172.04,32.0,81.66,293.01,3955.65,Credit Card,Standard,Completed,No,,2.6,EMP0016,Paul Garcia,Finance,EMP0010,51,14,66375.0,0.68
ORD-001169,2024-11-22,2024-11-26,2024-11-28,2024,Q4,11,November,47,Friday,CUST-00161,Riley Jones,Government,Central,India,Direct Sales,PROD-00098,Electronics,Laptops,17.74,24,0.1,425.76,42.58,383.18,279.72,103.46,27.0,9.98,30.65,413.83,Debit Card,Economy,Completed,No,,1.9,EMP0016,Paul Garcia,Finance,EMP0010,40,28,53213.0,0.73
ORD-001170,2024-11-22,2024-11-24,2024-11-28,2024,Q4,11,November,47,Friday,CUST-00098,Alex Miller,Government,South,Canada,Partner,PROD-00292,Furniture,Bedroom,577.64,34,0.1,19639.76,1963.98,17675.78,7247.07,10428.71,59.0,97.65,1414.06,19089.84,Credit Card,Economy,Completed,No,,3.1,EMP0017,Quinn Rodriguez,Sales,EMP0006,60,28,40984.0,0.41
ORD-001171,2024-11-25,2024-12-02,2024-12-07,2024,Q4,11,November,48,Monday,CUST-00391,Riley Davis,SMB,West,Germany,Partner,PROD-00100,Beauty,Skincare,1235.77,30,0.0,37073.1,0.0,37073.1,27434.09,9639.01,26.0,16.81,2965.85,40038.95,PayPal,Express,Completed,No,,1.8,EMP0048,Victoria Reed,Logistics,EMP0001,56,9,62710.0,0.74
ORD-001172,2024-11-26,2024-12-01,2024-12-03,2024,Q4,11,November,48,Tuesday,CUST-00082,Taylor Brown,SMB,West,UK,Wholesale,PROD-00187,Clothing,Women,1962.47,18,0.25,35324.46,8831.12,26493.34,11392.14,15101.2,57.0,68.08,2119.47,28612.81,Bank Transfer,Economy,Processing,No,,3.0,EMP0012,Leo Thomas,IT,EMP0007,61,31,113668.0,0.43
ORD-001173,2024-11-27,2024-12-01,2024-12-06,2024,Q4,11,November,48,Wednesday,CUST-00256,Taylor Garcia,Consumer,West,France,Direct Sales,PROD-00238,Automotive,Electronics,1265.47,19,0.15,24043.93,3606.59,20437.34,14101.76,6335.58,31.0,47.43,1634.99,22072.33,Debit Card,Express,Returned,Yes,Wrong Item,1.6,EMP0045,Steve Sanchez,Operations,EMP0009,54,22,44805.0,0.69
ORD-001174,2024-11-27,2024-11-29,2024-12-01,2024,Q4,11,November,48,Wednesday,CUST-00264,Morgan Wilson,Government,East,USA,Direct Sales,PROD-00281,Furniture,Office,523.31,31,0.15,16222.61,2433.39,13789.22,6894.61,6894.61,50.0,84.09,1103.14,14892.36,Debit Card,Economy,Completed,No,,3.7,EMP0042,Patricia Edwards,IT,EMP0008,54,8,63141.0,0.5
ORD-001175,2024-11-28,2024-12-02,2024-12-07,2024,Q4,11,November,48,Thursday,CUST-00240,Avery Garcia,Enterprise,South,Canada,Direct Sales,PROD-00210,Books,Fiction,1269.84,19,0.15,24126.96,3619.04,20507.92,9228.56,11279.36,55.0,24.35,1640.63,22148.55,Credit Card,Economy,Completed,No,,4.0,EMP0016,Paul Garcia,Finance,EMP0010,35,13,133360.0,0.45
ORD-001176,2024-11-28,2024-12-03,2024-12-09,2024,Q4,11,November,48,Thursday,CUST-00256,Taylor Garcia,Consumer,Central,Japan,Direct Sales,PROD-00192,Beauty,Haircare,1082.27,49,0.2,53031.23,10606.25,42424.98,23333.74,19091.24,45.0,105.29,3394.0,45818.98,Debit Card,Standard,Pending,No,,1.4,EMP0015,Olivia Martin,HR,EMP0005,59,3,102040.0,0.55
ORD-001177,2024-11-29,2024-12-03,2024-12-05,2024,Q4,11,November,48,Friday,CUST-00158,Quinn Smith,SMB,West,Germany,Direct Sales,PROD-00158,Automotive,Tools,1560.79,46,0.05,71796.34,3589.82,68206.52,42970.11,25236.41,37.0,120.28,5456.52,73663.04,PayPal,Same Day,Completed,No,,2.9,EMP0045,Steve Sanchez,Operations,EMP0009,31,19,42995.0,0.63
ORD-001178,2024-11-29,2024-12-02,2024-12-07,2024,Q4,11,November,48,Friday,CUST-00255,Casey Williams,Enterprise,North,France,Wholesale,PROD-00110,Food & Beverage,Frozen,218.43,19,0.0,4150.17,0.0,4150.17,2199.59,1950.58,47.0,28.69,332.01,4482.18,Cash,Standard,Completed,No,,1.3,EMP0046,Tara Morris,Marketing,EMP0004,49,27,40484.0,0.53
ORD-001179,2024-12-01,2024-12-06,2024-12-09,2024,Q4,12,December,48,Sunday,CUST-00012,Jordan Williams,SMB,East,India,Direct Sales,PROD-00202,Electronics,Laptops,1523.25,22,0.1,33511.5,3351.15,30160.35,12667.35,17493.0,58.0,20.13,2412.83,32573.18,Credit Card,Economy,Completed,No,,3.4,EMP0030,Diana Adams,HR,EMP0006,35,13,42029.0,0.42
ORD-001180,2024-12-03,2024-12-07,2024-12-08,2024,Q4,12,December,49,Tuesday,CUST-00047,Dakota Garcia,Consumer,West,Germany,Wholesale,PROD-00073,Electronics,Cameras,1084.83,24,0.1,26035.92,2603.59,23432.33,14293.72,9138.61,39.0,26.1,1874.59,25306.92,Credit Card,Same Day,Pending,No,,2.1,EMP0012,Leo Thomas,IT,EMP0007,57,33,143316.0,0.61
ORD-001181,2024-12-03,2024-12-10,2024-12-12,2024,Q4,12,December,49,Tuesday,CUST-00202,Taylor Jones,Enterprise,West,Germany,Wholesale,PROD-00241,Food & Beverage,Snacks,1926.17,45,0.1,86677.65,8667.76,78009.89,56167.12,21842.77,28.0,132.18,6240.79,84250.68,PayPal,Same Day,Completed,No,,3.1,EMP0003,Carol White,Sales,EMP0002,59,12,132735.0,0.72
ORD-001182,2024-12-04,2024-12-05,2024-12-08,2024,Q4,12,December,49,Wednesday,CUST-00259,Dakota Wilson,SMB,East,Germany,Direct Sales,PROD-00056,Books,Fiction,687.03,12,0.05,8244.36,412.22,7832.14,4151.03,3681.11,47.0,81.59,626.57,8458.71,Credit Card,Same Day,Completed,No,,3.1,EMP0039,Mike Campbell,Logistics,EMP0009,37,30,132168.0,0.53
ORD-001183,2024-12-07,2024-12-11,2024-12-12,2024,Q4,12,December,49,Saturday,CUST-00235,Alex Brown,Government,Central,France,Online,PROD-00278,Books,Fiction,1267.08,30,0.0,38012.4,0.0,38012.4,18245.95,19766.45,52.0,72.75,3040.99,41053.39,Credit Card,Same Day,Pending,No,,4.7,EMP0018,Rachel Lewis,Sales,EMP0010,42,32,141285.0,0.48
ORD-001184,2024-12-07,2024-12-10,2024-12-12,2024,Q4,12,December,49,Saturday,CUST-00124,Casey Garcia,Government,North,India,Retail Store,PROD-00232,Food & Beverage,Frozen,1864.4,38,0.0,70847.2,0.0,70847.2,38965.96,31881.24,45.0,20.47,5667.78,76514.98,Credit Card,Express,Completed,No,,3.2,EMP0036,Julia Roberts,Logistics,EMP0002,49,27,93104.0,0.55
ORD-001185,2024-12-10,2024-12-12,2024-12-15,2024,Q4,12,December,50,Tuesday,CUST-00111,Casey Williams,Consumer,North,Canada,Direct Sales,PROD-00154,Clothing,Sportswear,209.51,31,0.2,6494.81,1298.96,5195.85,2182.26,3013.59,58.0,99.19,415.67,5611.52,PayPal,Express,Completed,No,,3.3,EMP0018,Rachel Lewis,Sales,EMP0010,54,24,63445.0,0.42
ORD-001186,2024-12-10,2024-12-17,2024-12-20,2024,Q4,12,December,50,Tuesday,CUST-00299,Alex Williams,Enterprise,Central,France,Retail Store,PROD-00212,Books,Comics,1874.77,36,0.1,67491.72,6749.17,60742.55,41912.36,18830.19,31.0,130.86,4859.4,65601.95,Credit Card,Same Day,Completed,No,,2.6,EMP0006,Frank Lee,Marketing,EMP0010,27,31,81155.0,0.69
ORD-001187,2024-12-11,2024-12-13,2024-12-19,2024,Q4,12,December,50,Wednesday,CUST-00181,Avery Miller,SMB,East,Japan,Wholesale,PROD-00027,Beauty,Haircare,1377.33,19,0.05,26169.27,1308.46,24860.81,17153.96,7706.85,31.0,125.09,1988.86,26849.67,PayPal,Express,Cancelled,No,,4.8,EMP0048,Victoria Reed,Logistics,EMP0001,36,8,117669.0,0.69
ORD-001188,2024-12-12,2024-12-19,2024-12-22,2024,Q4,12,December,50,Thursday,CUST-00025,Jamie Moore,SMB,West,Canada,Online,PROD-00103,Furniture,Office,140.33,48,0.0,6735.84,0.0,6735.84,4108.86,2626.98,39.0,95.78,538.87,7274.71,PayPal,Same Day,Completed,No,,4.1,EMP0013,Mia Jackson,HR,EMP0002,24,27,135744.0,0.61
ORD-001189,2024-12-15,2024-12-17,2024-12-23,2024,Q4,12,December,50,Sunday,CUST-00026,Jamie Williams,Government,Central,Japan,Wholesale,PROD-00112,Beauty,Skincare,605.42,45,0.0,27243.9,0.0,27243.9,14166.83,13077.07,48.0,15.92,2179.51,29423.41,Cash,Same Day,Processing,No,,2.1,EMP0047,Umar Rogers,Marketing,EMP0006,56,30,85035.0,0.52
ORD-001190,2024-12-15,2024-12-16,2024-12-20,2024,Q4,12,December,50,Sunday,CUST-00145,Quinn Johnson,Consumer,East,USA,Online,PROD-00173,Sports,Outdoor,1417.8,36,0.2,51040.8,10208.16,40832.64,27766.2,13066.44,32.0,21.3,3266.61,44099.25,Bank Transfer,Economy,Completed,No,,4.4,EMP0005,Eva Martinez,Operations,EMP0006,35,16,96569.0,0.68
ORD-001191,2024-12-16,2024-12-19,2024-12-24,2024,Q4,12,December,51,Monday,CUST-00254,Quinn Miller,Enterprise,East,Australia,Wholesale,PROD-00283,Electronics,Phones,139.36,30,0.1,4180.8,418.08,3762.72,2220.0,1542.72,41.0,12.15,301.02,4063.74,PayPal,Economy,Completed,No,,2.7,EMP0009,Iris Wilson,IT,EMP0008,23,22,142155.0,0.59
ORD-001192,2024-12-17,2024-12-22,2024-12-23,2024,Q4,12,December,51,Tuesday,CUST-00306,Casey Smith,Government,East,Canada,Partner,PROD-00081,Furniture,Outdoor,1166.43,49,0.15,57155.07,8573.26,48581.81,33521.45,15060.36,31.0,42.33,3886.54,52468.35,Debit Card,Express,Processing,No,,4.3,EMP0034,Hannah Mitchell,HR,EMP0004,50,12,47362.0,0.69
ORD-001193,2024-12-18,2024-12-20,2024-12-25,2024,Q4,12,December,51,Wednesday,CUST-00335,Morgan Miller,Government,East,USA,Partner,PROD-00197,Automotive,Parts,695.04,33,0.05,22936.32,1146.82,21789.5,13509.49,8280.01,38.0,24.67,1743.16,23532.66,Debit Card,Same Day,Completed,No,,4.3,EMP0020,Tina Hall,Marketing,EMP0002,25,9,134164.0,0.62
ORD-001194,2024-12-19,2024-12-26,2024-12-31,2024,Q4,12,December,51,Thursday,CUST-00345,Avery Wilson,Non-Profit,North,Australia,Partner,PROD-00265,Automotive,Care Products,1243.73,18,0.1,22387.14,2238.71,20148.43,13499.45,6648.98,33.0,42.71,1611.87,21760.3,Cash,Express,Completed,No,,1.8,EMP0004,David Brown,IT,EMP0006,47,15,53320.0,0.67
ORD-001195,2024-12-20,2024-12-23,2024-12-29,2024,Q4,12,December,51,Friday,CUST-00241,Casey Miller,Government,East,Canada,Online,PROD-00222,Furniture,Office,96.26,49,0.0,4716.74,0.0,4716.74,2877.21,1839.53,39.0,60.83,377.34,5094.08,Bank Transfer,Express,Completed,No,,3.8,EMP0014,Nathan Harris,Sales,EMP0009,33,5,90644.0,0.61
ORD-001196,2024-12-21,2024-12-25,2024-12-30,2024,Q4,12,December,51,Saturday,CUST-00147,Avery Brown,SMB,Central,USA,Wholesale,PROD-00093,Clothing,Men,1743.72,28,0.1,48824.16,4882.42,43941.74,23728.54,20213.2,46.0,141.73,3515.34,47457.08,Credit Card,Economy,Completed,No,,2.2,EMP0015,Olivia Martin,HR,EMP0005,23,10,60119.0,0.54
ORD-001197,2024-12-22,2024-12-23,2024-12-26,2024,Q4,12,December,51,Sunday,CUST-00275,Quinn Moore,Consumer,West,Japan,Retail Store,PROD-00227,Books,Fiction,1947.11,47,0.05,91514.17,4575.71,86938.46,64334.46,22604.0,26.0,93.5,6955.08,93893.54,Debit Card,Standard,Completed,No,,2.2,EMP0016,Paul Garcia,Finance,EMP0010,38,2,104339.0,0.74
ORD-001198,2024-12-24,2024-12-27,2025-01-02,2024,Q4,12,December,52,Tuesday,CUST-00005,Quinn Wilson,Government,West,Germany,Online,PROD-00013,Books,Education,1937.91,11,0.05,21317.01,1065.85,20251.16,11948.18,8302.98,41.0,126.07,1620.09,21871.25,PayPal,Same Day,Completed,No,,2.2,EMP0038,Laura Phillips,Sales,EMP0003,56,27,99236.0,0.59
ORD-001199,2024-12-28,2024-12-31,2025-01-05,2024,Q4,12,December,52,Saturday,CUST-00056,Riley Garcia,Non-Profit,South,Canada,Online,PROD-00106,Books,Non-Fiction,1500.56,45,0.1,67525.2,6752.52,60772.68,37071.33,23701.35,39.0,108.0,4861.81,65634.49,Debit Card,Economy,Completed,No,,3.9,EMP0049,William Cook,Operations,EMP0004,31,14,78701.0,0.61
ORD-001200,2024-12-31,2025-01-05,2025-01-11,2024,Q4,12,December,1,Tuesday,CUST-00221,Avery Williams,Government,Central,Japan,Online,PROD-00198,Clothing,Formal,264.52,33,0.2,8729.16,1745.83,6983.33,3352.0,3631.33,52.0,21.31,558.67,7542.0,Cash,Express,Cancelled,No,,1.9,EMP0038,Laura Phillips,Sales,EMP0003,43,12,134280.0,0.48
ORD-001094,2024-09-04,2024-09-08,2024-09-09,2024,Q3,9,September,36,Wednesday,CUST-00369,Morgan Jones,Non-Profit,Central,USA,Retail Store,PROD-00087,Food & Beverage,Snacks,1027.81,47,0.0,48307.07,0.0,48307.07,25602.75,22704.32,47.0,47.01,3864.57,52171.64,PayPal,Same Day,Completed,No,,4.1,EMP0001,Alice Johnson,IT,EMP0002,27,18,138571.0,0.53
ORD-000551,2022-11-07,2022-11-10,2022-11-14,2022,Q4,11,November,45,Monday,CUST-00097,Riley Williams,Consumer,North,India,Online,PROD-00052,Sports,Outdoor,1042.73,49,0.05,51093.77,2554.69,48539.08,24269.54,24269.54,50.0,34.84,3883.13,52422.21,Cash,Economy,Completed,No,,1.4,EMP0044,Rose Stewart,Operations,EMP0005,53,6,93666.0,0.5
ORD-001143,2024-10-23,2024-10-26,2024-10-29,2024,Q4,10,October,43,Wednesday,CUST-00205,Casey Jones,Enterprise,Central,UK,Online,PROD-00022,Automotive,Parts,1357.64,10,0.05,13576.4,678.82,12897.58,7867.52,5030.06,39.0,96.6,1031.81,13929.39,Bank Transfer,Same Day,Completed,No,,1.0,EMP0001,Alice Johnson,IT,EMP0002,37,28,130038.0,0.61
ORD-000609,2023-02-08,2023-02-14,2023-02-17,2023,Q1,2,February,6,Wednesday,CUST-00340,Dakota Garcia,Consumer,Central,Australia,Wholesale,PROD-00108,Books,Children,1009.32,35,0.0,35326.2,0.0,35326.2,17663.1,17663.1,50.0,36.32,2826.1,38152.3,Cash,Express,Completed,No,,4.7,EMP0044,Rose Stewart,Operations,EMP0005,43,24,74864.0,0.5
ORD-000831,2023-10-10,2023-10-15,2023-10-18,2023,Q4,10,October,41,Tuesday,CUST-00388,Alex Davis,Enterprise,North,Germany,Retail Store,PROD-00007,Electronics,Cameras,453.09,34,0.0,15405.06,0.0,15405.06,8626.83,6778.23,44.0,57.69,1232.4,16637.46,Credit Card,Express,Completed,No,,1.1,EMP0019,Sam Walker,Sales,EMP0004,30,9,148756.0,0.56
ORD-000246,2021-11-14,2021-11-16,2021-11-18,2021,Q4,11,November,45,Sunday,CUST-00360,Morgan Johnson,Non-Profit,South,Japan,Direct Sales,PROD-00052,Clothing,Kids,1857.0,39,0.05,72423.0,3621.15,68801.85,51601.39,17200.46,25.0,136.84,5504.15,74306.0,Bank Transfer,Express,Completed,No,,4.7,EMP0003,Carol White,Sales,EMP0002,24,16,53894.0,0.75
ORD-000210,2021-09-26,2021-09-28,2021-10-01,2021,Q3,9,September,38,Sunday,CUST-00155,Alex Davis,Enterprise,Central,Germany,Partner,PROD-00026,Books,Education,325.81,37,0.1,12054.97,1205.5,10849.47,5533.23,5316.24,49.0,42.15,867.96,11717.43,Credit Card,Express,Completed,No,,4.4,EMP0004,David Brown,IT,EMP0006,36,8,67456.0,0.51
ORD-000026,2021-02-05,2021-02-10,2021-02-11,2021,Q1,2,February,5,Friday,CUST-00187,Alex Miller,SMB,East,Canada,Online,PROD-00107,Sports,Water Sports,1571.43,11,0.05,17285.73,864.29,16421.44,8374.93,8046.51,49.0,88.21,1313.72,17735.16,Cash,Economy,Returned,Yes,Changed Mind,1.1,EMP0041,Oscar Evans,Marketing,EMP0003,42,19,115154.0,0.51
ORD-000157,2021-07-24,2021-07-30,2021-07-31,2021,Q3,7,July,29,Saturday,CUST-00036,Casey Smith,Enterprise,East,UK,Retail Store,PROD-00004,Books,Comics,1345.91,49,0.2,65949.59,13189.92,52759.67,21103.87,31655.8,60.0,95.72,4220.77,56980.44,PayPal,Same Day,Pending,No,,4.2,EMP0022,Victor Young,HR,EMP0004,47,19,67381.0,0.4
ORD-000926,2024-02-06,2024-02-12,2024-02-18,2024,Q1,2,February,6,Tuesday,CUST-00327,Dakota Brown,Non-Profit,South,Australia,Online,PROD-00148,Books,Fiction,49.83,33,0.0,1644.39,0.0,1644.39,1019.52,624.87,38.0,30.98,131.55,1775.94,Cash,Same Day,Completed,No,,2.5,EMP0044,Rose Stewart,Operations,EMP0005,23,7,96893.0,0.62
ORD-000351,2022-04-11,2022-04-16,2022-04-21,2022,Q2,4,April,15,Monday,CUST-00047,Dakota Garcia,Enterprise,West,India,Online,PROD-00095,Automotive,Electronics,1008.76,24,0.1,24210.24,2421.02,21789.22,12201.96,9587.26,44.0,33.38,1743.14,23532.36,PayPal,Economy,Returned,Yes,Wrong Item,3.1,EMP0018,Rachel Lewis,Sales,EMP0010,38,33,127685.0,0.56
ORD-000889,2024-01-04,2024-01-09,2024-01-10,2024,Q1,1,January,1,Thursday,CUST-00266,Avery Smith,SMB,Central,Japan,Wholesale,PROD-00022,Clothing,Sportswear,203.39,50,0.0,10169.5,0.0,10169.5,5593.22,4576.28,45.0,89.4,813.56,10983.06,Debit Card,Economy,Completed,No,,2.7,EMP0001,Alice Johnson,IT,EMP0002,29,5,72544.0,0.55
ORD-000631,2023-03-02,2023-03-09,2023-03-14,2023,Q1,3,March,9,Thursday,CUST-00186,Taylor Johnson,Non-Profit,Central,Canada,Retail Store,PROD-00104,Beauty,Makeup,1428.13,24,0.1,34275.12,3427.51,30847.61,17274.66,13572.95,44.0,92.04,2467.81,33315.42,PayPal,Same Day,Completed,No,,3.6,EMP0004,David Brown,IT,EMP0006,36,9,114000.0,0.56
ORD-001047,2024-07-04,2024-07-07,2024-07-13,2024,Q3,7,July,27,Thursday,CUST-00349,Jordan Moore,Non-Profit,West,Canada,Online,PROD-00074,Automotive,Tools,469.75,21,0.1,9864.75,986.48,8878.27,6569.92,2308.35,26.0,40.91,710.26,9588.53,Cash,Express,Returned,Yes,Wrong Item,4.4,EMP0029,Chris Green,IT,EMP0008,48,10,74297.0,0.74
ORD-001123,2024-10-01,2024-10-05,2024-10-09,2024,Q4,10,October,40,Tuesday,CUST-00208,Riley Wilson,Consumer,East,India,Online,PROD-00129,Automotive,Tools,1724.94,36,0.2,62097.84,12419.57,49678.27,26826.27,22852.0,46.0,49.09,3974.26,53652.53,Cash,Express,Completed,No,,3.1,EMP0043,Quincy Collins,Finance,EMP0007,39,25,89474.0,0.54
